student_id,student_name,school_id,gender,class,attendance,math_score,science_score,english_score,income_level,travel_distance,internet_access,parent_education,previous_absences,dropout_label
ST00001,Reyansh Jayaraman,TS459,Male,10,79.6,76,76,76,Medium,0.9,No,Primary,3,0
ST00002,Ethan Kale,TS476,Female,9,73.6,77,73,73,Low,9.6,Yes,Primary,10,0
ST00003,Vanya Sampath,TS294,Male,10,55.9,45,55,42,Medium,9.1,No,None,13,1
ST00004,Jai Kunda,TS473,Male,7,62.5,62,57,56,Medium,0.5,No,Graduate,17,1
ST00005,Hiral Lala,TS045,Male,7,55.3,51,59,50,Medium,9.0,Yes,Primary,25,1
ST00006,Gabriel Sama,TS460,Male,6,60.0,62,68,62,Low,6.0,Yes,Secondary,13,1
ST00007,Isha Kunda,TS033,Male,8,47.7,52,54,53,High,9.8,Yes,Primary,2,0
ST00008,Urishilla Basak,TS220,Female,9,58.5,58,52,53,Low,1.2,No,Secondary,22,1
ST00009,Yutika Sem,TS059,Female,6,77.0,83,83,84,Low,6.2,Yes,None,1,0
ST00010,Rushil Bajwa,TS066,Male,6,97.4,96,99,87,Medium,1.3,Yes,None,5,0
ST00011,Sanya Gala,TS343,Male,8,59.0,58,50,53,Low,8.3,Yes,Secondary,7,1
ST00012,Christopher Maharaj,TS473,Male,8,51.4,48,41,42,Low,5.6,Yes,Secondary,27,1
ST00013,Samar Sangha,TS477,Male,9,80.8,83,75,69,Low,7.7,Yes,Secondary,0,0
ST00014,Ekapad Chakrabarti,TS457,Male,10,72.1,76,59,60,Low,0.9,Yes,Secondary,21,0
ST00015,Vanya Boase,TS138,Female,9,48.1,41,52,42,Low,3.9,Yes,Secondary,27,1
ST00016,Raksha Gokhale,TS071,Female,9,85.2,79,81,80,Low,11.8,Yes,Secondary,16,1
ST00017,Jack Vora,TS103,Female,8,52.3,48,50,58,Low,6.5,Yes,Secondary,11,1
ST00018,Balveer Kunda,TS166,Female,8,65.2,64,54,65,Medium,11.5,Yes,None,5,0
ST00019,Kamala Sura,TS406,Female,8,53.8,54,56,57,High,2.6,Yes,Secondary,30,1
ST00020,Fiyaz Deep,TS166,Female,10,64.5,58,68,65,Low,6.6,Yes,Graduate,16,1
ST00021,Arjun Garde,TS395,Male,8,87.3,77,73,73,Low,7.9,Yes,Graduate,11,0
ST00022,Vritti Singh,TS144,Male,10,76.1,65,70,81,Medium,2.6,Yes,Primary,22,0
ST00023,Bhavini Bhatt,TS071,Female,9,59.7,68,58,49,Low,5.5,Yes,None,10,1
ST00024,Chandani Palan,TS139,Male,8,75.4,78,65,77,High,1.4,No,Secondary,16,0
ST00025,Joshua Ramakrishnan,TS062,Female,9,61.0,61,56,53,Low,8.6,Yes,Secondary,19,1
ST00026,Omaja Mittal,TS123,Male,7,74.2,68,70,61,Medium,2.8,Yes,Primary,10,0
ST00027,Faras Thaman,TS060,Female,8,50.2,45,50,42,Medium,7.2,No,Primary,29,1
ST00028,Harita Prabhakar,TS122,Male,10,64.7,61,69,68,Low,7.0,Yes,Primary,5,1
ST00029,Yash Chowdhury,TS293,Female,10,93.7,83,80,87,Medium,11.0,Yes,Secondary,26,0
ST00030,Reva Goswami,TS112,Male,6,51.2,62,48,46,High,3.3,Yes,Secondary,29,1
ST00031,Ethan Sahota,TS092,Female,10,97.7,80,94,78,Medium,2.3,No,Secondary,2,0
ST00032,Tara Patel,TS013,Male,8,58.2,54,50,47,Medium,6.0,Yes,Secondary,25,1
ST00033,Fariq Sarin,TS093,Female,10,81.7,81,79,69,Medium,8.6,Yes,Secondary,18,0
ST00034,Advay Sarraf,TS489,Male,8,65.6,63,59,54,Low,6.0,Yes,Primary,30,1
ST00035,Unni Sood,TS023,Female,9,95.3,93,99,94,Medium,3.9,Yes,None,18,0
ST00036,Rayaan Bahri,TS379,Female,6,73.3,74,70,68,Medium,8.9,Yes,Secondary,14,0
ST00037,Aarush Ramesh,TS124,Male,7,75.8,79,75,78,Low,3.2,Yes,None,9,0
ST00038,Lucky Lall,TS061,Female,7,63.1,58,61,72,High,1.2,Yes,Primary,10,0
ST00039,Falguni Padmanabhan,TS487,Female,10,54.2,46,54,62,Low,4.9,Yes,Primary,8,1
ST00040,Urishilla Narain,TS432,Male,7,72.7,68,63,80,Medium,1.7,Yes,Secondary,1,0
ST00041,Chatura Date,TS223,Male,7,78.6,80,76,75,Low,1.9,No,Primary,1,0
ST00042,Leena Vig,TS238,Male,9,93.5,84,89,92,Low,8.0,No,Graduate,23,1
ST00043,Jagrati Chopra,TS174,Male,8,80.2,92,75,87,High,10.3,Yes,Primary,16,0
ST00044,William Sachar,TS301,Male,9,67.3,77,67,65,High,6.8,Yes,Primary,4,0
ST00045,Faras Bose,TS217,Male,6,87.2,89,85,78,High,4.5,Yes,Secondary,24,0
ST00046,Ekaja Varkey,TS256,Male,10,61.2,49,53,59,Low,6.2,No,Graduate,29,1
ST00047,Fariq Bajwa,TS284,Female,7,64.8,63,53,58,Low,10.3,Yes,Secondary,6,1
ST00048,Anamika Dugar,TS178,Male,10,85.0,82,82,95,High,4.2,Yes,None,10,0
ST00049,Wriddhish Pandya,TS080,Male,9,89.4,90,82,82,Low,6.1,No,Secondary,11,0
ST00050,Pooja Srivastava,TS054,Male,10,48.7,42,48,38,Medium,4.7,Yes,Primary,20,1
ST00051,Jai Narula,TS170,Male,10,64.1,75,63,65,High,5.5,Yes,None,11,0
ST00052,Utkarsh Mittal,TS155,Female,9,83.1,82,79,86,Low,7.5,Yes,None,28,1
ST00053,Dhriti Bhatti,TS071,Male,8,75.4,64,77,66,Low,10.6,No,Secondary,2,0
ST00054,Wakeeta Khanna,TS071,Female,7,58.3,63,48,52,Medium,7.1,Yes,Graduate,18,1
ST00055,Balveer Chand,TS490,Female,9,49.4,59,45,51,Medium,4.7,Yes,None,18,1
ST00056,Tripti Sami,TS231,Male,8,51.2,53,52,47,High,8.5,Yes,Primary,23,1
ST00057,Damini Bansal,TS092,Male,7,82.4,94,74,93,High,7.4,Yes,Primary,19,0
ST00058,Rachit Venkataraman,TS196,Male,7,60.3,59,54,55,Low,4.6,Yes,Secondary,19,1
ST00059,Ranbir Sahota,TS049,Male,10,77.4,69,71,65,Low,1.3,No,None,30,1
ST00060,Zarna Khalsa,TS179,Male,7,50.2,42,52,44,Medium,11.1,No,Secondary,12,1
ST00061,Anvi Loyal,TS376,Female,6,79.5,70,75,69,Medium,1.4,Yes,Secondary,22,0
ST00062,Yauvani Sibal,TS453,Male,8,86.1,81,90,81,High,4.8,Yes,Secondary,15,0
ST00063,Hritik Ratta,TS489,Female,8,77.2,73,66,67,Medium,0.9,No,Graduate,1,0
ST00064,Yashodhara Trivedi,TS262,Male,7,78.2,72,76,68,High,3.3,No,Graduate,14,0
ST00065,Mitesh Dara,TS240,Female,9,49.4,52,42,43,Low,1.2,Yes,Secondary,17,1
ST00066,Vihaan Sagar,TS451,Male,8,76.7,78,69,74,Low,2.4,Yes,Secondary,27,0
ST00067,Champak Mann,TS253,Male,9,96.3,89,99,86,Low,6.6,Yes,None,24,0
ST00068,Zilmil Vaidya,TS179,Female,7,76.1,74,69,79,High,2.6,No,Primary,5,0
ST00069,Matthew Kumar,TS260,Male,10,75.2,76,62,75,Medium,9.7,No,Secondary,21,0
ST00070,Eiravati Tara,TS478,Male,8,48.5,35,45,47,Low,10.1,No,Secondary,17,1
ST00071,Gunbir Hegde,TS162,Female,10,55.1,58,59,51,Medium,3.7,Yes,Graduate,30,1
ST00072,Owen Rattan,TS094,Female,7,52.8,54,48,42,Medium,11.4,No,Secondary,4,1
ST00073,Vansha Thaker,TS124,Female,10,74.1,73,76,74,High,10.3,Yes,None,10,0
ST00074,Yashvi Bakshi,TS130,Male,9,78.6,78,85,71,Low,0.8,Yes,Graduate,6,0
ST00075,Abeer Datta,TS096,Male,10,94.4,76,76,87,Medium,6.8,No,Secondary,21,0
ST00076,Gaurav Rama,TS352,Male,8,69.5,77,61,77,Low,2.9,Yes,Graduate,15,1
ST00077,Rajata Jhaveri,TS136,Female,10,79.8,76,82,86,Low,8.7,Yes,Primary,7,0
ST00078,Chandani Banik,TS291,Male,8,65.3,49,54,56,Medium,8.5,No,Secondary,27,1
ST00079,Vihaan Dugar,TS037,Male,6,78.2,72,79,79,Low,6.7,Yes,Primary,10,0
ST00080,Pooja Narayanan,TS164,Female,7,59.0,50,53,53,Low,7.3,Yes,None,29,1
ST00081,David Borra,TS413,Male,6,60.6,51,58,58,Low,0.8,Yes,Primary,30,1
ST00082,Rudra Raja,TS466,Male,8,66.2,56,67,55,Medium,10.2,Yes,Secondary,17,1
ST00083,Ijaya Pillai,TS146,Female,8,65.6,66,60,59,Low,4.0,Yes,Primary,16,1
ST00084,Chandani Jaggi,TS048,Male,9,78.6,65,74,69,Medium,2.4,No,Primary,21,0
ST00085,Vrinda Garg,TS315,Female,7,73.2,75,64,63,Medium,4.4,Yes,Secondary,6,0
ST00086,Wyatt Thaker,TS261,Female,8,57.9,63,51,67,Medium,0.7,Yes,Secondary,14,0
ST00087,Saumya Bedi,TS386,Male,8,81.9,69,84,82,Medium,8.3,Yes,None,20,0
ST00088,Tanvi Bajwa,TS028,Male,6,57.3,70,59,58,High,3.2,Yes,Primary,20,1
ST00089,Ati Kunda,TS291,Female,10,83.2,89,77,82,High,9.1,Yes,Secondary,6,0
ST00090,Chanakya Sachdeva,TS448,Male,7,48.9,54,49,44,Low,6.4,Yes,Secondary,15,1
ST00091,Deepa Walla,TS115,Female,10,59.6,59,60,61,Low,3.8,Yes,Secondary,13,1
ST00092,Urvashi Bala,TS114,Female,6,82.4,77,87,86,Medium,8.0,Yes,Secondary,30,0
ST00093,Warda Boase,TS381,Male,6,65.8,65,63,56,Low,8.8,No,Graduate,18,1
ST00094,Sathvik Rao,TS124,Female,7,68.2,72,74,58,Medium,5.8,Yes,None,26,1
ST00095,Christopher Pai,TS491,Male,8,57.9,49,59,42,Low,4.1,No,Secondary,11,1
ST00096,Dominic Randhawa,TS426,Male,10,45.0,44,55,36,Medium,11.9,Yes,Primary,20,1
ST00097,Nikita Jaggi,TS357,Female,9,73.6,70,78,61,Medium,6.7,Yes,None,0,0
ST00098,Fariq Ramanathan,TS206,Male,8,47.7,44,37,56,Medium,9.3,Yes,Primary,18,1
ST00099,Vivaan Bhavsar,TS079,Female,10,61.5,66,56,59,Medium,7.2,Yes,Secondary,20,1
ST00100,Guneet Prabhu,TS449,Male,8,51.7,56,53,53,Medium,1.5,Yes,None,1,0
ST00101,Neelima Kothari,TS236,Male,8,90.8,82,79,77,Low,7.0,Yes,Primary,22,0
ST00102,Mohini Bakshi,TS253,Female,10,47.3,48,51,42,Medium,10.8,Yes,Graduate,4,0
ST00103,Omisha Tak,TS361,Female,7,83.3,64,65,67,Low,5.0,No,None,17,1
ST00104,Ikbal Shankar,TS407,Female,6,64.8,62,70,64,Low,10.7,Yes,Secondary,26,1
ST00105,Keya Morar,TS197,Female,10,85.5,89,82,76,High,5.7,Yes,Graduate,4,0
ST00106,Omya Lata,TS299,Male,7,97.5,99,85,98,Low,5.5,Yes,None,29,0
ST00107,Rudra Banik,TS195,Male,8,61.8,51,61,62,Low,8.7,Yes,Primary,23,1
ST00108,Vanya Sarin,TS169,Male,6,96.8,82,87,83,Medium,9.3,Yes,Primary,3,0
ST00109,Dev Chawla,TS026,Male,8,92.6,95,80,93,Low,4.1,Yes,None,5,0
ST00110,Gavin Sachdev,TS134,Male,7,48.0,50,56,55,Low,9.9,Yes,Secondary,1,1
ST00111,Samarth Menon,TS248,Male,9,58.9,43,48,50,Low,2.8,No,Primary,6,1
ST00112,Dhriti Bhatia,TS232,Female,7,70.2,77,58,76,Low,6.4,Yes,None,20,0
ST00113,Aishani Puri,TS129,Female,10,51.1,54,45,41,Low,5.3,Yes,Primary,7,1
ST00114,Nandini Barad,TS438,Male,7,84.5,96,88,85,High,10.1,Yes,None,27,0
ST00115,Omisha Raja,TS024,Male,6,62.4,60,69,69,Medium,10.8,Yes,Secondary,0,0
ST00116,Chaitanya Vohra,TS359,Female,8,77.9,78,76,78,High,11.6,Yes,Secondary,29,0
ST00117,Urmi Contractor,TS225,Female,8,66.2,60,53,55,Medium,8.1,No,Graduate,27,1
ST00118,Ishanvi Prabhu,TS086,Female,7,74.9,64,57,77,Low,7.2,No,Secondary,1,0
ST00119,Champak Parmer,TS022,Female,7,93.6,80,79,80,Medium,2.8,Yes,Primary,7,0
ST00120,Jeevika Saxena,TS086,Female,9,97.8,85,84,88,Low,1.5,Yes,Secondary,9,0
ST00121,Kevin Virk,TS043,Female,6,91.1,93,77,77,High,3.7,No,Secondary,20,0
ST00122,Charan Thakur,TS239,Female,7,72.2,73,64,74,Medium,10.6,No,None,21,0
ST00123,Wriddhish Dey,TS293,Female,10,55.7,63,49,61,Medium,12.0,Yes,Primary,11,0
ST00124,Nilima Sarma,TS122,Male,6,88.7,78,80,84,Medium,5.2,Yes,Primary,13,0
ST00125,Yoshita Kale,TS442,Female,8,55.9,64,65,62,Medium,1.6,Yes,Primary,22,1
ST00126,Kabir Mukherjee,TS099,Female,7,52.8,63,47,58,High,2.9,Yes,Secondary,20,1
ST00127,Gauri Dhawan,TS125,Female,6,73.1,79,60,64,Low,9.3,Yes,Graduate,26,1
ST00128,Azad Chandra,TS018,Male,7,46.1,38,53,36,Medium,10.2,Yes,Primary,28,1
ST00129,Darika Anand,TS395,Female,8,65.9,64,56,57,Medium,2.7,Yes,Graduate,10,0
ST00130,Charles Ramaswamy,TS416,Female,10,54.3,55,57,57,Low,1.9,Yes,Secondary,27,1
ST00131,Bahadurjit Kumer,TS231,Male,10,84.2,71,84,77,Medium,2.9,No,Primary,10,0
ST00132,Nidhi Patla,TS296,Male,9,77.6,67,68,65,Low,10.9,No,Secondary,24,1
ST00133,Vasana Chauhan,TS369,Male,9,70.7,77,69,65,Medium,9.5,Yes,Primary,18,0
ST00134,Charles Naik,TS485,Female,7,58.6,54,59,52,Medium,5.0,Yes,Primary,3,0
ST00135,Bachittar Talwar,TS128,Female,9,59.2,72,69,73,High,7.9,Yes,Graduate,7,0
ST00136,Prisha Sinha,TS072,Male,10,66.3,59,54,53,Low,5.7,No,None,14,1
ST00137,Rajeshri Sampath,TS380,Female,10,79.8,68,73,71,Low,5.4,No,None,21,1
ST00138,Orinder Ganesh,TS281,Female,9,97.5,86,80,77,Low,2.5,No,Graduate,0,0
ST00139,Urvi Dave,TS285,Male,8,56.3,65,58,53,High,8.0,Yes,Secondary,18,1
ST00140,Urmi Keer,TS095,Female,7,48.2,51,50,37,Medium,5.1,No,Secondary,14,0
ST00141,Pavani Golla,TS266,Female,7,68.1,64,58,65,Low,1.7,Yes,Secondary,11,1
ST00142,Viraj Pillay,TS283,Female,7,55.8,56,45,51,Low,10.3,No,Secondary,14,1
ST00143,Madhavi Master,TS062,Female,10,81.8,85,73,78,Low,7.8,Yes,Graduate,14,0
ST00144,Michael Suresh,TS445,Male,9,57.5,52,60,63,Medium,11.3,Yes,Secondary,2,0
ST00145,Joshua Din,TS365,Female,10,53.2,59,53,47,Low,3.4,Yes,Primary,9,1
ST00146,Gaurav Tata,TS386,Male,7,66.2,69,67,60,Medium,9.4,Yes,Secondary,13,0
ST00147,Turvi Dora,TS186,Female,9,64.5,67,67,58,Low,9.5,Yes,Primary,13,1
ST00148,Laksh Kashyap,TS232,Female,9,52.6,59,56,54,Medium,4.3,Yes,Secondary,16,1
ST00149,Nimrat Sandhu,TS152,Male,10,69.4,61,61,66,Low,4.6,Yes,Primary,30,1
ST00150,Reva Chowdhury,TS230,Male,10,60.7,69,50,64,Low,10.9,Yes,Graduate,0,1
ST00151,Aishani Barman,TS333,Female,6,71.2,58,59,65,Medium,7.8,No,Secondary,13,0
ST00152,Baljiwan Shan,TS370,Female,8,57.7,65,62,57,Low,8.5,Yes,Graduate,14,1
ST00153,Michael Chacko,TS494,Female,10,96.9,88,92,96,Medium,6.3,Yes,Primary,9,0
ST00154,Chaaya Chada,TS345,Female,6,87.7,86,78,94,High,8.4,Yes,Primary,3,0
ST00155,Nisha Jaggi,TS446,Male,9,56.1,60,50,54,Medium,2.3,Yes,Primary,2,0
ST00156,Pranit Kaur,TS479,Male,10,70.3,53,66,65,Medium,9.8,No,Secondary,26,0
ST00157,Karan Muni,TS179,Male,10,60.6,45,47,62,Low,9.8,No,Graduate,19,1
ST00158,Hemang Ravi,TS202,Female,9,72.9,76,71,69,Medium,2.3,Yes,Secondary,19,0
ST00159,Baghyawati Sarkar,TS052,Female,7,59.5,65,48,62,Medium,4.1,Yes,Secondary,13,0
ST00160,Ekavir Raval,TS391,Male,6,72.2,69,75,74,Low,3.5,Yes,None,16,0
ST00161,Chanakya Devi,TS350,Female,10,64.4,57,65,60,Low,8.9,Yes,Primary,10,1
ST00162,Chakradev Mannan,TS350,Female,10,95.8,88,86,93,Low,1.7,No,Primary,15,0
ST00163,Harrison Krish,TS205,Female,7,54.7,49,51,55,Low,11.6,Yes,Primary,25,1
ST00164,Sanya Om,TS218,Male,9,78.8,79,68,69,Low,7.7,Yes,Graduate,24,1
ST00165,Oscar Manda,TS374,Male,9,54.2,55,50,50,Medium,10.2,Yes,Primary,25,1
ST00166,Samar Andra,TS043,Female,8,45.9,54,56,36,Medium,4.5,Yes,None,19,1
ST00167,Advik Choudhry,TS049,Male,6,64.4,75,68,75,High,11.4,Yes,Graduate,16,1
ST00168,Vinaya Handa,TS059,Male,8,75.9,74,77,59,Low,4.3,No,None,9,0
ST00169,Falak Nagarajan,TS045,Female,10,90.4,78,87,79,Medium,4.5,Yes,Primary,1,0
ST00170,Balendra Lanka,TS467,Female,8,92.0,91,89,80,Low,5.0,Yes,Primary,22,0
ST00171,Quincy Som,TS257,Male,9,50.7,40,41,56,Low,3.9,Yes,Primary,18,1
ST00172,Lila Rana,TS264,Male,10,54.7,47,52,56,Low,3.2,Yes,None,19,1
ST00173,Rajata Varkey,TS185,Male,8,62.1,70,59,57,Medium,2.8,Yes,Secondary,5,0
ST00174,Qarin Sem,TS081,Female,10,93.1,92,93,97,High,5.5,Yes,Graduate,21,0
ST00175,Garima Palla,TS489,Female,9,94.2,93,99,88,Low,9.9,Yes,None,4,0
ST00176,Darpan Palla,TS301,Female,9,65.1,63,72,73,Low,10.8,Yes,Primary,6,1
ST00177,Jhalak Bali,TS108,Male,6,65.2,64,53,60,Low,8.5,Yes,Graduate,17,1
ST00178,Ekiya Ray,TS013,Female,8,66.5,72,69,58,Medium,8.3,Yes,None,14,0
ST00179,Dalbir Parsa,TS067,Male,10,95.7,98,85,84,Low,4.6,Yes,Graduate,15,0
ST00180,Pahal Toor,TS236,Female,8,51.4,58,52,44,Medium,5.3,Yes,Secondary,1,0
ST00181,Aayush Dada,TS389,Male,9,45.5,53,50,43,Medium,7.2,Yes,None,18,1
ST00182,Jagvi Kapadia,TS025,Male,6,91.6,89,83,82,High,8.4,No,None,12,0
ST00183,Megha Yogi,TS213,Male,8,97.1,84,90,95,Low,3.0,Yes,None,20,0
ST00184,Neel Mishra,TS002,Male,8,64.7,72,59,55,Medium,3.7,Yes,Primary,18,1
ST00185,Raagini Basak,TS239,Female,8,90.8,80,77,90,Low,10.6,Yes,Secondary,18,1
ST00186,Hamsini Rajagopalan,TS057,Female,9,90.0,87,78,89,Low,10.9,Yes,None,21,1
ST00187,Avni Verma,TS362,Female,7,84.6,78,89,84,Medium,4.6,Yes,Primary,27,0
ST00188,Lekha Hayer,TS248,Male,8,82.8,87,89,76,High,6.3,No,Secondary,30,0
ST00189,Anya Ramesh,TS481,Male,8,95.4,90,85,81,Low,2.2,Yes,None,29,0
ST00190,Mitesh Sachdeva,TS199,Female,7,65.8,72,54,73,Low,0.8,Yes,Primary,4,1
ST00191,Jagrati Patel,TS110,Female,10,77.9,61,78,74,Low,9.6,No,Secondary,8,0
ST00192,Pranit Pai,TS458,Male,7,58.7,55,58,59,Medium,4.4,No,None,7,0
ST00193,Ekaraj Nigam,TS049,Male,8,82.5,78,75,69,Medium,11.8,Yes,None,18,0
ST00194,Ganga Pillai,TS122,Female,6,45.3,40,41,43,Low,5.6,Yes,Primary,21,1
ST00195,Ranbir Chaudhuri,TS071,Female,10,64.3,62,72,62,Medium,0.7,Yes,Primary,11,0
ST00196,Aryan Nagy,TS002,Female,7,77.3,69,65,68,High,4.6,No,Primary,10,0
ST00197,Hitesh Nadkarni,TS042,Male,6,74.2,64,66,73,Medium,3.6,No,Primary,24,0
ST00198,Rajata Gandhi,TS215,Male,9,76.5,65,67,77,Low,4.7,Yes,Secondary,5,0
ST00199,Ekaraj Sinha,TS130,Male,9,94.8,86,82,86,Medium,6.0,No,Graduate,1,0
ST00200,Patrick Bala,TS225,Male,10,62.0,67,58,61,Medium,11.0,Yes,None,25,1
ST00201,Parth Hari,TS234,Female,8,85.6,97,92,82,High,6.8,Yes,Primary,13,0
ST00202,Amaira Chana,TS207,Male,7,86.0,83,91,91,High,10.8,No,Secondary,21,0
ST00203,Theodore Balan,TS339,Male,7,58.7,55,54,61,Low,1.1,Yes,Primary,23,1
ST00204,Nihal Kumar,TS474,Female,6,82.5,75,82,73,Low,9.9,Yes,Secondary,29,1
ST00205,Raagini Gopal,TS115,Male,6,60.4,49,58,56,Medium,4.8,Yes,Secondary,3,0
ST00206,Megha Dixit,TS090,Female,7,84.3,66,82,70,Medium,11.5,No,Graduate,11,0
ST00207,Darpan Kanda,TS085,Female,6,71.4,78,61,76,Low,11.0,Yes,Secondary,12,0
ST00208,Liam Walla,TS142,Male,6,82.9,90,80,82,High,6.9,Yes,Graduate,2,0
ST00209,Aarna Warrior,TS496,Male,10,51.4,49,44,51,Low,9.0,No,Primary,25,1
ST00210,Oeshi Chakraborty,TS199,Female,9,46.3,48,39,55,Low,8.5,Yes,Primary,3,1
ST00211,Yashica Pandey,TS241,Female,8,78.7,65,65,80,Low,2.2,Yes,Secondary,0,0
ST00212,Logan Sidhu,TS280,Male,9,92.3,91,87,89,Low,2.1,Yes,Primary,4,0
ST00213,Deepa Sinha,TS294,Female,9,61.1,68,50,57,Low,11.1,Yes,None,10,1
ST00214,Oviya De,TS103,Male,6,48.9,55,43,48,Medium,9.5,Yes,None,1,0
ST00215,Watika Ramakrishnan,TS353,Female,9,77.7,83,71,81,Low,5.5,Yes,Secondary,30,0
ST00216,Ayushman Sharma,TS279,Male,8,65.9,55,56,69,Low,10.8,Yes,Primary,14,1
ST00217,Jalsa Mital,TS427,Male,8,59.8,68,49,51,Medium,9.0,Yes,Primary,26,1
ST00218,Nachiket Deo,TS067,Female,6,97.9,95,91,94,Low,2.4,Yes,Secondary,17,0
ST00219,Gunbir Chada,TS187,Male,6,67.4,63,75,62,Low,7.3,Yes,Secondary,16,1
ST00220,Neha Mishra,TS390,Female,6,85.7,81,76,76,Low,1.2,Yes,Secondary,27,0
ST00221,Jeet Tiwari,TS322,Female,6,56.4,49,57,45,Low,8.9,Yes,Graduate,23,1
ST00222,Jasmit Goyal,TS169,Female,6,53.3,54,62,52,High,7.9,Yes,Secondary,2,0
ST00223,Ekanta Nair,TS200,Female,6,64.8,61,61,58,Medium,4.0,Yes,Primary,0,0
ST00224,Nidra Edwin,TS382,Female,6,96.9,86,83,87,Medium,9.4,Yes,None,27,0
ST00225,Saksham Maharaj,TS256,Male,7,70.3,78,78,58,Low,9.5,Yes,Primary,7,0
ST00226,Nikita Mahajan,TS483,Male,8,80.7,76,74,74,Low,9.0,Yes,Graduate,23,1
ST00227,Indrajit Sur,TS356,Male,6,49.2,52,48,61,High,3.1,Yes,Secondary,4,0
ST00228,Nandini Sandhu,TS100,Female,6,94.6,96,97,92,Low,4.9,Yes,Graduate,2,0
ST00229,Tanveer Deep,TS466,Male,8,93.0,81,86,95,Medium,1.8,Yes,None,29,0
ST00230,Balveer Sankar,TS052,Female,6,65.5,61,49,68,Low,4.2,No,Primary,23,1
ST00231,Rehaan Nair,TS317,Female,8,67.7,57,55,56,Medium,3.0,Yes,None,15,0
ST00232,Eshana Chaudhary,TS395,Male,8,60.4,53,63,63,Low,6.3,Yes,Secondary,8,1
ST00233,Ekaraj Kaul,TS351,Female,10,92.2,92,86,92,Low,11.1,Yes,Graduate,13,0
ST00234,Fitan Mani,TS341,Male,8,85.9,81,82,80,Low,8.8,Yes,Primary,0,0
ST00235,Waida Seth,TS491,Female,9,88.4,92,89,84,High,2.9,No,Graduate,15,0
ST00236,Vinaya Chanda,TS073,Female,10,87.8,81,76,92,Medium,3.4,Yes,Secondary,23,0
ST00237,Kashish Chahal,TS151,Male,10,60.9,59,62,55,Medium,4.9,Yes,Secondary,5,0
ST00238,Upasna Bhandari,TS357,Male,10,85.9,72,76,86,Medium,2.8,Yes,Secondary,12,0
ST00239,Balhaar Walla,TS205,Male,10,69.6,71,60,70,Medium,8.2,Yes,Secondary,1,0
ST00240,Ishaan Jhaveri,TS399,Male,9,59.8,64,54,62,Low,1.1,Yes,Primary,12,1
ST00241,Rudra Varkey,TS499,Male,7,65.7,73,68,77,High,8.2,Yes,Primary,14,0
ST00242,Hritik Lal,TS263,Female,6,68.2,63,73,63,Low,2.2,Yes,Secondary,5,1
ST00243,Jyoti Sehgal,TS083,Male,9,82.0,84,70,71,Low,2.8,Yes,Secondary,23,0
ST00244,Hredhaan Dixit,TS124,Female,7,85.8,74,80,84,Low,11.4,Yes,Primary,29,1
ST00245,Aarna Dora,TS110,Male,10,77.9,67,70,68,Medium,11.9,Yes,Secondary,22,0
ST00246,Neel Mani,TS303,Female,7,48.7,56,57,57,Medium,4.7,Yes,Primary,24,1
ST00247,Ethan Oak,TS449,Male,9,62.5,53,53,56,Medium,9.1,No,Secondary,19,1
ST00248,Ranbir Murthy,TS358,Female,10,81.2,92,74,77,High,12.0,Yes,Graduate,4,0
ST00249,Abeer Kumer,TS186,Female,9,97.8,96,99,88,Medium,11.8,Yes,Primary,19,0
ST00250,Triya Gaba,TS360,Female,6,87.1,76,80,83,Low,6.3,Yes,Primary,8,0
ST00251,Siya Hans,TS356,Female,6,55.4,48,44,47,Medium,4.9,Yes,Primary,17,1
ST00252,Triya Ramanathan,TS384,Female,9,50.2,54,41,46,Medium,2.9,No,Primary,4,0
ST00253,Netra Sastry,TS285,Female,9,56.5,49,57,64,Medium,9.2,Yes,Primary,4,0
ST00254,Ucchal Sethi,TS449,Female,7,96.4,94,81,90,Medium,0.8,Yes,Primary,11,0
ST00255,Madhavi Tella,TS301,Male,10,47.8,51,43,51,Medium,1.3,Yes,Primary,19,1
ST00256,Jeremiah Narang,TS355,Female,9,62.3,69,74,67,High,8.0,Yes,Primary,17,1
ST00257,Chaitaly Sampath,TS388,Female,9,50.8,50,45,47,Medium,1.3,Yes,Primary,11,0
ST00258,Hiral Balakrishnan,TS394,Male,6,80.9,70,84,72,Medium,7.6,Yes,Primary,17,0
ST00259,Azaan Talwar,TS317,Male,6,70.4,68,63,63,Medium,4.1,Yes,Secondary,3,0
ST00260,Urishilla Chaudry,TS007,Female,8,47.0,51,53,47,Low,7.0,Yes,Secondary,8,1
ST00261,Leela Bhattacharyya,TS028,Male,7,95.5,86,79,95,Medium,1.6,No,Primary,17,0
ST00262,Naksh Dugar,TS199,Male,6,52.0,36,56,39,Low,8.2,No,Primary,14,1
ST00263,Zashil Doshi,TS038,Male,10,61.5,50,58,60,Low,10.9,Yes,Graduate,13,1
ST00264,Saanvi Kakar,TS096,Female,8,74.4,76,60,59,Low,6.4,No,Secondary,21,1
ST00265,Ucchal Apte,TS287,Male,6,61.9,56,67,65,Medium,9.4,Yes,Secondary,29,1
ST00266,Sara Batta,TS127,Female,9,64.1,67,62,67,Medium,3.7,Yes,Primary,15,0
ST00267,Nakul Pandey,TS072,Male,6,86.4,79,86,83,Medium,11.0,No,Primary,6,0
ST00268,Noah Bose,TS026,Female,7,53.1,55,56,47,High,9.6,Yes,Primary,19,1
ST00269,Lucky Kashyap,TS441,Male,9,52.7,58,62,42,Low,0.6,Yes,Primary,3,1
ST00270,Siya Divan,TS165,Male,10,59.0,58,65,56,Low,5.9,Yes,Graduate,22,1
ST00271,Radha Sachdeva,TS047,Female,7,68.3,59,75,68,Medium,9.7,Yes,Graduate,25,1
ST00272,Ati Mital,TS193,Male,10,87.8,81,87,78,Low,2.0,Yes,None,21,0
ST00273,Nimrat Nagar,TS001,Male,9,93.9,91,87,89,High,8.9,Yes,Primary,21,0
ST00274,Ekani Dubey,TS351,Male,7,51.1,55,43,52,Medium,2.5,Yes,Graduate,15,0
ST00275,Nitesh Nadig,TS296,Male,10,56.2,58,46,46,Low,8.4,Yes,None,28,1
ST00276,Gopal Ganesh,TS004,Male,10,87.9,74,86,86,Low,3.2,Yes,Primary,0,0
ST00277,Aashi Lala,TS350,Female,8,77.9,85,76,84,Medium,10.1,Yes,Secondary,27,0
ST00278,Gautami Sarma,TS093,Female,6,64.4,61,58,56,Low,8.8,Yes,None,18,1
ST00279,Ria Gaba,TS424,Male,6,96.0,89,77,85,Medium,6.5,No,None,23,0
ST00280,Samarth Boase,TS500,Female,8,66.4,62,60,63,Low,3.2,Yes,None,13,1
ST00281,Dev Venkatesh,TS385,Male,6,97.4,98,89,93,Low,5.0,Yes,Primary,12,0
ST00282,Jai Vasa,TS385,Female,6,73.3,78,73,66,Medium,3.8,Yes,Primary,29,0
ST00283,Pavani Contractor,TS170,Female,10,92.3,95,96,94,Medium,2.2,Yes,None,7,0
ST00284,Chavvi Grover,TS002,Female,9,70.3,63,60,59,Medium,7.0,Yes,Secondary,23,0
ST00285,Laksh Batra,TS054,Female,9,58.8,59,47,45,Low,7.3,No,Secondary,21,1
ST00286,Vivaan Kuruvilla,TS180,Male,6,66.3,77,76,69,High,5.6,Yes,Secondary,23,1
ST00287,William Narayanan,TS007,Female,10,56.7,66,54,66,High,11.8,Yes,None,15,0
ST00288,Isaac Vohra,TS016,Male,8,58.1,53,58,45,Low,2.1,No,Secondary,1,1
ST00289,Ishaan Mishra,TS115,Male,9,62.0,60,50,54,Medium,7.6,No,Graduate,18,1
ST00290,Oni Rau,TS463,Female,10,54.8,40,44,44,Medium,10.4,No,Secondary,3,1
ST00291,Onkar Chand,TS102,Female,8,97.6,93,88,86,Medium,8.3,Yes,Secondary,24,0
ST00292,Lajita Rajagopal,TS298,Male,6,49.1,50,40,40,Medium,9.1,Yes,Primary,0,0
ST00293,Onkar Oak,TS011,Male,6,88.7,78,84,77,Low,2.1,Yes,Primary,28,0
ST00294,Anusha Dara,TS380,Female,8,47.4,53,48,39,Low,9.1,Yes,Secondary,19,1
ST00295,Warjas Grover,TS094,Male,7,50.1,55,58,59,Medium,5.7,Yes,Graduate,19,1
ST00296,Zashil Lata,TS441,Male,7,50.8,51,56,54,Medium,8.2,Yes,Primary,19,1
ST00297,Anthony Badami,TS034,Female,9,87.4,86,92,79,Low,3.5,Yes,Secondary,0,0
ST00298,Chanchal Shenoy,TS019,Female,7,56.9,46,64,55,Medium,1.1,Yes,Primary,29,1
ST00299,Eesha Ramaswamy,TS225,Male,6,57.8,57,50,58,Medium,11.6,Yes,Primary,21,1
ST00300,Bahadurjit Saha,TS111,Female,7,73.1,65,71,73,High,11.7,Yes,Secondary,22,0
ST00301,Sai Chandran,TS218,Female,10,75.0,65,76,66,Medium,6.7,Yes,Secondary,2,0
ST00302,Aryan Narula,TS303,Female,9,75.8,74,72,66,Medium,9.9,Yes,Primary,14,0
ST00303,Varsha Batta,TS177,Male,7,84.1,85,80,85,High,7.7,Yes,Primary,10,0
ST00304,Meera Sanghvi,TS224,Female,10,88.9,88,92,88,Medium,6.5,Yes,Primary,28,0
ST00305,Amaira Pillai,TS247,Male,10,74.5,77,77,70,Medium,9.5,Yes,Secondary,2,0
ST00306,Meghana Yadav,TS144,Male,10,96.7,83,84,99,High,10.4,No,None,5,0
ST00307,Kalpit Modi,TS442,Male,6,63.4,61,57,62,High,5.5,Yes,Primary,24,1
ST00308,Chandran Bora,TS240,Female,9,49.1,43,40,52,Low,10.7,No,Secondary,16,1
ST00309,Ekalinga Choudhry,TS296,Female,9,81.9,74,85,74,Low,10.3,Yes,Graduate,0,0
ST00310,Wakeeta Kashyap,TS244,Female,10,85.8,84,91,75,Low,4.6,Yes,Secondary,16,0
ST00311,Ojas Mittal,TS415,Female,10,64.2,66,72,55,Medium,6.5,Yes,None,2,0
ST00312,Dhriti Sodhi,TS038,Male,6,55.3,52,58,56,Medium,0.8,Yes,Graduate,21,1
ST00313,Rajeshri Nagi,TS397,Male,7,84.5,82,76,87,Low,7.6,Yes,Secondary,8,0
ST00314,Balveer Sarraf,TS416,Male,8,75.8,77,82,63,Low,3.6,Yes,Primary,30,0
ST00315,Matthew Kala,TS338,Male,6,67.0,65,72,72,Medium,7.5,Yes,Secondary,8,0
ST00316,Sarthak Boase,TS068,Male,9,68.0,70,53,68,Low,6.5,No,Primary,21,1
ST00317,Upadhriti Mutti,TS456,Male,10,58.9,53,59,58,Low,10.1,Yes,Primary,20,1
ST00318,Jagrati Buch,TS044,Male,8,97.4,99,93,82,Medium,5.5,Yes,Secondary,28,0
ST00319,Wazir Sodhi,TS483,Female,6,56.6,49,50,55,Low,1.9,Yes,Secondary,20,1
ST00320,Akshay Ratti,TS441,Male,8,81.2,75,93,83,High,4.2,Yes,Graduate,12,0
ST00321,Urvashi Kothari,TS247,Female,9,62.6,53,59,68,Low,5.6,Yes,Secondary,21,1
ST00322,Urishilla Gola,TS407,Male,9,52.5,61,58,52,Low,0.5,Yes,Primary,29,1
ST00323,Tanveer Sen,TS417,Male,10,86.7,89,91,77,High,9.0,No,Graduate,23,0
ST00324,Isha Nagi,TS488,Female,7,68.3,66,70,64,Medium,9.3,No,Primary,19,1
ST00325,Kevin Sane,TS066,Male,6,72.6,74,64,69,High,4.3,No,Secondary,4,0
ST00326,Faris Om,TS393,Male,6,53.4,57,53,41,Medium,10.6,No,Primary,29,1
ST00327,Ikbal Joshi,TS143,Male,10,86.1,82,72,75,Low,9.7,Yes,Secondary,2,0
ST00328,Nicholas Naik,TS133,Female,6,58.3,61,69,69,High,7.4,Yes,Primary,20,1
ST00329,Gayathri Shah,TS173,Female,9,56.1,56,59,54,Medium,11.4,Yes,Secondary,22,1
ST00330,Pushti Kulkarni,TS012,Female,10,65.6,59,67,54,Low,0.6,Yes,None,19,1
ST00331,Mohini Bhasin,TS494,Female,8,86.2,74,70,85,Medium,2.3,No,Primary,30,0
ST00332,Wakeeta Thaman,TS107,Female,6,60.0,68,49,61,Low,11.2,Yes,Primary,29,1
ST00333,Watika Samra,TS228,Male,9,85.0,75,76,80,Low,11.0,Yes,Primary,20,1
ST00334,Hamsini Morar,TS217,Male,10,96.4,93,86,96,Medium,8.2,Yes,Secondary,25,0
ST00335,Mohammed Anand,TS440,Male,8,46.4,36,31,32,Medium,3.2,No,Graduate,16,1
ST00336,Zaid Dube,TS367,Male,6,85.5,82,85,81,Low,8.9,No,Secondary,29,1
ST00337,Prisha Bhavsar,TS095,Female,10,62.8,67,60,61,Medium,1.5,Yes,Secondary,17,1
ST00338,Gauri Kalla,TS020,Female,9,59.7,68,66,57,Low,0.9,Yes,Primary,12,1
ST00339,Faris Tandon,TS255,Female,10,49.8,58,47,54,Medium,3.4,Yes,Graduate,1,0
ST00340,Madhav Sekhon,TS465,Female,8,73.3,71,64,70,Medium,5.8,Yes,Secondary,4,0
ST00341,Fariq Pall,TS427,Female,10,68.9,77,69,59,Medium,10.7,Yes,Primary,5,0
ST00342,Mahika Bajaj,TS319,Male,10,95.9,88,91,86,Low,5.1,Yes,Primary,30,0
ST00343,Lakshmi Handa,TS057,Male,10,86.3,83,90,76,Low,9.2,Yes,Graduate,4,0
ST00344,Kiaan Cherian,TS054,Female,8,91.6,83,73,73,Medium,2.4,No,Graduate,20,0
ST00345,Hema Varughese,TS337,Male,10,81.9,72,70,81,Low,9.5,Yes,Secondary,7,0
ST00346,Chatresh Chakrabarti,TS170,Male,6,49.1,55,43,55,Low,10.8,Yes,Secondary,24,1
ST00347,Harini Narula,TS266,Female,10,91.7,83,93,93,High,0.6,Yes,Secondary,19,0
ST00348,Harshil Purohit,TS469,Female,7,64.5,56,62,71,Low,4.1,Yes,None,9,1
ST00349,Hiral Sha,TS377,Male,10,48.8,46,43,40,Low,0.8,No,Graduate,12,1
ST00350,Raghav Bhakta,TS471,Male,8,46.0,35,40,34,Low,11.6,No,Secondary,28,1
ST00351,Ucchal Kashyap,TS349,Female,7,91.1,92,95,87,Low,10.2,Yes,Secondary,10,0
ST00352,Anmol Shetty,TS251,Male,9,57.8,50,60,63,Low,1.7,Yes,None,23,1
ST00353,Hardik Jha,TS310,Male,9,88.2,99,88,83,High,8.5,Yes,Secondary,26,0
ST00354,Hredhaan Banerjee,TS103,Female,8,84.5,71,87,84,Medium,9.6,Yes,Primary,20,0
ST00355,Harini Radhakrishnan,TS383,Male,7,62.9,64,68,75,High,2.1,Yes,Primary,8,0
ST00356,Laksh Dhingra,TS139,Male,6,50.8,49,51,53,Low,8.0,Yes,None,24,1
ST00357,Zehaan Ghose,TS222,Male,10,77.9,85,68,65,High,3.0,No,Primary,9,0
ST00358,Vivaan Rout,TS046,Male,8,89.2,90,87,72,Low,3.6,No,Primary,6,0
ST00359,Warinder Pillay,TS491,Male,10,87.8,87,91,82,Medium,3.8,Yes,None,12,0
ST00360,Baghyawati Chaudhary,TS195,Male,9,75.0,71,76,80,Medium,1.9,Yes,Primary,6,0
ST00361,Jhalak Barad,TS383,Male,9,81.9,68,79,82,Low,11.9,Yes,Primary,19,1
ST00362,Inaya Sidhu,TS372,Male,10,86.7,77,83,80,Low,6.1,Yes,Secondary,26,0
ST00363,Jairaj Chandran,TS045,Male,9,91.0,85,87,89,Medium,7.5,Yes,Secondary,29,0
ST00364,Lajita Bakshi,TS245,Female,10,56.0,60,50,56,High,7.6,No,Primary,1,1
ST00365,Rushil Hans,TS191,Female,6,62.5,59,56,65,Medium,8.0,Yes,None,20,1
ST00366,Ojasvi Sheth,TS012,Female,7,76.3,79,77,76,High,1.1,No,Primary,27,0
ST00367,Hitesh Nair,TS365,Female,7,49.3,40,39,50,Medium,8.5,Yes,Primary,15,1
ST00368,Samesh Virk,TS058,Female,9,46.3,40,46,34,Medium,6.4,No,Graduate,8,1
ST00369,Darpan Naik,TS348,Male,9,52.6,61,60,49,Medium,6.5,Yes,Secondary,20,1
ST00370,Jagvi Borra,TS265,Male,8,97.0,87,88,92,Medium,4.8,No,Secondary,19,0
ST00371,Charan Kulkarni,TS327,Female,8,92.0,84,82,79,Low,8.6,No,Secondary,13,0
ST00372,Jairaj Zacharia,TS240,Male,8,67.6,72,61,72,High,9.1,Yes,Primary,0,0
ST00373,Meghana Dugar,TS191,Male,10,46.4,50,39,49,Low,7.9,No,Graduate,25,1
ST00374,Chatresh Samra,TS024,Female,6,82.8,73,69,89,Low,4.5,Yes,Secondary,0,0
ST00375,Varenya Sastry,TS193,Female,7,63.5,70,61,69,Medium,3.5,Yes,Secondary,13,0
ST00376,Faras Mutti,TS016,Male,10,57.6,60,46,48,Low,4.2,No,Secondary,3,1
ST00377,Omya Konda,TS251,Female,10,53.3,61,63,55,High,8.7,Yes,Secondary,12,0
ST00378,Gunbir Nori,TS095,Male,6,79.6,89,88,84,High,4.3,Yes,None,15,0
ST00379,Nidhi Nagar,TS466,Male,10,85.6,73,83,84,Medium,1.7,No,None,22,0
ST00380,Rajata Lata,TS315,Female,9,92.5,74,80,79,Medium,7.2,No,Primary,30,0
ST00381,Ekani Goswami,TS322,Female,7,95.3,91,99,92,High,10.6,Yes,Secondary,1,0
ST00382,Ekta Shan,TS229,Male,10,80.4,74,67,82,Low,9.0,No,Secondary,22,1
ST00383,Bina Narasimhan,TS163,Female,7,74.7,79,71,69,Medium,6.8,Yes,None,15,0
ST00384,Bhavna Nagi,TS346,Male,7,89.0,78,84,89,Medium,10.1,Yes,Secondary,27,0
ST00385,Arya Dey,TS263,Male,8,85.0,84,77,73,Medium,2.2,Yes,Secondary,5,0
ST00386,Benjamin Mistry,TS469,Female,6,77.6,78,70,66,Medium,10.4,Yes,Graduate,2,0
ST00387,Tarak Samra,TS343,Male,9,56.5,61,52,58,Medium,11.5,Yes,Primary,25,1
ST00388,Saanvi Aurora,TS199,Female,6,45.3,47,41,39,Low,5.0,Yes,None,17,1
ST00389,Atharv Sahota,TS361,Female,7,46.2,43,40,56,Low,10.1,Yes,Primary,1,1
ST00390,Samarth Kapadia,TS416,Male,6,48.9,54,55,51,Medium,9.0,Yes,Primary,3,0
ST00391,Noah Sarma,TS442,Female,8,65.9,76,69,72,High,5.1,Yes,Primary,5,0
ST00392,David Tara,TS378,Female,8,77.7,68,79,69,Low,2.4,Yes,Primary,24,0
ST00393,Abhimanyu Nagy,TS408,Male,7,58.1,48,48,67,Low,5.2,Yes,Secondary,5,1
ST00394,Nitesh Vala,TS366,Female,8,54.8,48,58,52,Medium,3.6,No,Primary,5,0
ST00395,Luke Ratti,TS337,Female,6,81.9,88,87,92,High,3.3,Yes,None,21,0
ST00396,Mekhala Bhasin,TS430,Female,10,48.7,50,49,41,Low,3.1,No,None,5,1
ST00397,Aishani Munshi,TS485,Male,6,92.4,81,73,92,Medium,2.6,No,None,1,0
ST00398,Maanav Banik,TS303,Male,6,63.7,68,68,53,Low,8.9,Yes,Secondary,12,1
ST00399,Anamika Suri,TS253,Male,6,72.2,78,81,65,High,1.7,Yes,Primary,20,0
ST00400,Joshua Cherian,TS481,Female,9,81.7,65,64,73,Medium,7.7,No,Secondary,27,0
ST00401,Gauri Chhabra,TS121,Female,9,65.6,66,64,60,Medium,9.1,Yes,Primary,8,0
ST00402,Henry Loyal,TS105,Female,8,64.4,50,57,59,Low,8.7,No,Secondary,29,1
ST00403,Aadhya Toor,TS255,Female,6,74.7,68,77,68,Low,5.3,Yes,None,10,0
ST00404,Nicholas Shankar,TS461,Male,10,91.7,79,92,81,Low,5.6,Yes,Secondary,26,0
ST00405,Jasmit Deol,TS017,Male,10,59.1,58,54,61,Medium,10.8,Yes,Secondary,19,1
ST00406,Caleb Zacharia,TS194,Female,7,90.2,85,90,88,Low,6.5,Yes,Secondary,20,0
ST00407,Guneet Apte,TS289,Male,10,58.1,54,56,59,Medium,6.2,No,Secondary,16,1
ST00408,Ansh Kale,TS360,Female,6,60.1,67,61,66,Low,9.4,Yes,Graduate,30,1
ST00409,Ayaan Soman,TS365,Female,10,73.4,81,67,80,Low,7.5,Yes,Graduate,2,0
ST00410,Mohini Saha,TS432,Male,9,75.3,77,81,81,High,8.2,Yes,Secondary,28,0
ST00411,Irya Nath,TS411,Male,10,88.4,81,84,83,Low,2.3,Yes,Primary,5,0
ST00412,Chasmum Mammen,TS179,Female,6,52.6,54,48,50,Low,5.6,No,None,12,1
ST00413,Kritika Wable,TS291,Male,7,52.4,61,46,56,Low,8.6,Yes,Primary,16,1
ST00414,Mason Bassi,TS056,Male,8,56.1,63,47,48,Low,6.9,Yes,Secondary,15,1
ST00415,Chandresh Sami,TS482,Male,7,87.7,75,73,85,Low,6.1,Yes,Secondary,30,0
ST00416,Brijesh Kamdar,TS339,Male,9,73.5,74,63,74,Low,11.9,Yes,Primary,13,0
ST00417,Liam Ramesh,TS115,Female,7,95.8,99,89,92,Low,4.1,Yes,Secondary,14,0
ST00418,Suhani Munshi,TS260,Female,8,84.1,78,90,90,Low,2.0,Yes,Primary,30,0
ST00419,Bhavna Mukherjee,TS244,Male,6,55.0,63,62,61,Medium,5.4,Yes,Primary,10,0
ST00420,Balendra Ramesh,TS427,Female,6,72.5,57,64,64,Low,3.1,No,Graduate,12,0
ST00421,Ikbal Bhakta,TS369,Female,7,64.1,71,58,64,High,7.7,No,Secondary,16,1
ST00422,Bhavani Nagarajan,TS140,Female,6,74.0,75,71,73,Low,0.9,No,Primary,15,0
ST00423,Yachana Dube,TS473,Female,6,52.0,57,45,58,Medium,9.6,Yes,Secondary,3,0
ST00424,Harish Kumar,TS124,Male,8,45.5,33,37,34,Low,2.8,No,Primary,21,1
ST00425,Vanya Parsa,TS441,Female,10,87.9,81,84,84,Low,11.6,Yes,Graduate,26,1
ST00426,Yuvraj Konda,TS475,Female,8,84.8,75,76,75,Medium,6.0,No,None,14,0
ST00427,Ishanvi Chanda,TS430,Male,9,78.7,80,64,62,Low,10.8,No,Secondary,17,1
ST00428,Yutika Chadha,TS410,Female,7,66.0,59,65,70,Medium,5.3,Yes,Primary,11,0
ST00429,Bhavani Tripathi,TS057,Female,10,81.2,80,75,92,High,1.9,Yes,Primary,22,0
ST00430,Dhriti Barman,TS237,Male,9,52.6,46,52,62,Medium,11.6,Yes,None,29,1
ST00431,Bhavna Bawa,TS260,Female,9,88.1,73,76,69,Low,6.7,No,None,15,0
ST00432,Ekbal Baria,TS062,Female,6,90.5,78,83,76,Low,5.1,No,Primary,23,1
ST00433,Tara Anne,TS006,Male,8,63.3,65,68,58,Low,0.9,Yes,None,3,1
ST00434,Devansh Behl,TS489,Female,9,85.9,82,80,78,Low,12.0,Yes,Primary,4,0
ST00435,Mohini Nath,TS349,Male,7,46.7,44,47,35,Medium,8.6,No,Primary,21,1
ST00436,Yashodhara Sur,TS096,Male,7,52.4,62,52,46,Low,2.6,Yes,Graduate,6,1
ST00437,Yachana Nagarajan,TS131,Female,9,90.5,92,78,76,Medium,7.3,Yes,Secondary,30,0
ST00438,Sneha Ghose,TS032,Male,8,45.3,50,44,52,Medium,10.9,Yes,None,7,0
ST00439,Ekani Iyer,TS251,Female,9,60.6,64,60,55,Low,4.7,Yes,Secondary,29,1
ST00440,Janaki Kant,TS171,Female,7,73.3,76,76,66,Medium,7.1,Yes,Secondary,19,0
ST00441,Unnati Khalsa,TS491,Female,7,66.3,66,65,69,Medium,9.3,No,Secondary,10,1
ST00442,Tanveer Muni,TS339,Female,6,55.6,50,45,41,Low,10.5,No,Graduate,8,1
ST00443,Darpan Devi,TS180,Male,9,94.8,83,92,76,Low,5.0,No,Secondary,13,0
ST00444,Chanakya Patla,TS305,Male,8,57.4,47,59,57,Medium,6.2,Yes,Primary,24,1
ST00445,Gavin Amble,TS438,Female,9,56.7,64,49,47,Low,7.0,Yes,Primary,1,1
ST00446,Aashi Varty,TS483,Male,6,70.4,63,61,56,Low,2.7,No,Graduate,13,0
ST00447,Elijah Dhar,TS069,Male,10,75.9,66,66,65,Medium,2.9,Yes,Primary,8,0
ST00448,Eiravati Mitter,TS357,Female,8,51.0,55,39,50,Medium,5.8,No,Primary,24,1
ST00449,Banjeet Acharya,TS341,Male,6,48.1,57,42,55,Medium,11.5,Yes,Secondary,0,0
ST00450,Viraj Kumer,TS354,Male,7,78.7,75,81,80,Medium,3.9,Yes,None,21,0
ST00451,Idika Walia,TS246,Male,8,91.2,93,96,86,High,3.5,Yes,Secondary,7,0
ST00452,Arin Virk,TS425,Female,6,80.4,83,78,76,Low,7.1,Yes,Secondary,4,0
ST00453,Darpan Ahluwalia,TS111,Male,10,88.1,78,90,85,Medium,3.8,Yes,Secondary,16,0
ST00454,Maanav Kapoor,TS464,Male,6,56.1,64,51,61,High,8.1,No,Secondary,27,1
ST00455,Saumya Das,TS463,Male,9,46.4,47,56,52,Low,4.4,Yes,Secondary,23,1
ST00456,Jagvi Kohli,TS025,Male,10,81.4,78,69,80,Medium,7.3,No,Secondary,15,0
ST00457,Xalak Tandon,TS249,Female,10,54.3,53,50,58,Medium,3.6,Yes,Primary,12,0
ST00458,Upadhriti Modi,TS181,Male,6,72.1,64,65,58,Low,0.6,No,Primary,4,0
ST00459,Ekanta Bassi,TS483,Male,8,48.1,50,53,58,Low,8.4,Yes,Graduate,16,1
ST00460,Garima Wali,TS081,Female,7,48.8,55,54,54,Low,10.0,Yes,Secondary,7,1
ST00461,Divya Sethi,TS049,Female,9,71.9,70,67,78,Low,11.8,Yes,None,14,0
ST00462,Ikbal Amble,TS137,Male,8,53.7,44,62,55,Medium,8.2,Yes,Secondary,7,1
ST00463,Tanay Kaur,TS444,Female,6,65.4,64,68,56,Medium,3.2,Yes,Secondary,6,0
ST00464,Fiyaz Basak,TS083,Female,6,55.1,63,66,58,High,1.2,Yes,Primary,11,0
ST00465,Pallavi Madan,TS314,Female,8,90.6,91,92,80,Low,2.3,Yes,None,26,0
ST00466,Ekaja Sachdev,TS101,Male,7,51.6,55,42,61,Medium,10.0,Yes,Secondary,4,0
ST00467,Kamya Raman,TS197,Male,8,71.3,59,65,58,Low,9.2,No,Graduate,9,0
ST00468,Harini Hegde,TS359,Male,6,53.2,45,51,48,Low,7.0,Yes,Primary,19,1
ST00469,Mekhala Jha,TS050,Female,7,87.9,73,87,85,Low,5.2,No,Primary,13,0
ST00470,Siddharth Dutta,TS329,Female,10,84.6,82,82,80,Low,2.1,No,Primary,6,0
ST00471,Abeer Datta,TS320,Female,6,53.7,43,42,39,Low,7.7,No,Primary,26,1
ST00472,Jatin Natt,TS405,Male,8,47.2,51,50,55,Low,2.7,Yes,Secondary,30,1
ST00473,Zayan Kannan,TS296,Female,9,74.3,73,77,80,Low,8.2,Yes,Primary,4,0
ST00474,Ekani Sibal,TS422,Male,6,66.6,59,59,56,Low,10.8,Yes,Primary,14,1
ST00475,Charles Joshi,TS412,Male,10,55.9,63,58,54,Low,4.0,Yes,Secondary,6,1
ST00476,Raksha Saha,TS432,Male,6,54.3,47,46,60,Medium,1.8,Yes,None,25,1
ST00477,Krisha Gala,TS022,Male,6,61.2,62,65,55,High,6.9,Yes,Secondary,0,0
ST00478,Saksham Brar,TS303,Female,6,84.0,82,76,76,Low,7.5,Yes,None,24,1
ST00479,Falan Khare,TS278,Female,6,94.0,88,92,82,Low,2.3,No,Secondary,30,1
ST00480,Yashasvi Sehgal,TS092,Male,10,79.7,81,85,72,Medium,9.4,Yes,Secondary,3,0
ST00481,Guneet Wadhwa,TS116,Female,9,97.0,95,91,83,Low,2.2,Yes,Primary,25,0
ST00482,Umang Badal,TS344,Female,8,78.5,79,79,65,Low,5.6,Yes,Primary,21,0
ST00483,Nathan Rajagopal,TS211,Male,6,60.4,49,50,59,Medium,1.7,Yes,Primary,20,1
ST00484,Vaishnavi Chopra,TS434,Male,9,82.0,77,75,81,Medium,2.7,Yes,Graduate,18,0
ST00485,Frado Baria,TS380,Female,6,75.1,76,78,63,Medium,2.4,Yes,Secondary,8,0
ST00486,Ria Prabhakar,TS485,Male,8,50.3,53,44,40,High,2.1,No,Secondary,9,0
ST00487,Chaman Kalla,TS012,Female,9,70.1,56,65,56,Medium,5.3,No,Graduate,25,0
ST00488,Viraj Raghavan,TS003,Female,9,72.7,64,68,64,Low,2.7,Yes,None,4,0
ST00489,Jeevika Misra,TS069,Male,8,92.9,85,93,95,Medium,3.7,Yes,Primary,18,0
ST00490,Jagrati Menon,TS077,Female,7,92.0,89,89,81,Low,11.4,No,None,11,0
ST00491,Meera Bhavsar,TS431,Female,9,48.8,48,40,46,Medium,10.1,Yes,Graduate,7,0
ST00492,Leena Peri,TS213,Male,7,87.6,81,75,83,Low,4.8,Yes,None,27,0
ST00493,Naksh Bhatnagar,TS269,Female,9,94.7,92,98,94,High,6.9,Yes,Primary,7,0
ST00494,Darpan Pal,TS264,Female,6,66.2,63,70,57,Low,9.7,Yes,Secondary,27,1
ST00495,Farhan Biswas,TS400,Male,10,68.9,75,68,73,Medium,11.3,Yes,Secondary,23,1
ST00496,Hemang Padmanabhan,TS052,Female,10,70.5,78,64,65,Medium,7.8,Yes,Primary,4,0
ST00497,Xalak Chanda,TS409,Male,10,80.2,71,71,70,Medium,9.0,Yes,Secondary,14,0
ST00498,Chakradev Magar,TS402,Male,6,76.4,66,71,76,Low,4.0,Yes,Primary,21,0
ST00499,Hemal Chaudhuri,TS232,Male,6,79.3,80,71,64,Medium,5.1,No,Secondary,19,0
ST00500,Lakshit Dubey,TS176,Female,10,87.9,95,86,97,High,5.9,Yes,Secondary,26,0
ST00501,Vivaan Edwin,TS192,Male,8,60.2,56,60,62,Medium,6.5,Yes,Graduate,8,0
ST00502,Jeremiah Bhakta,TS128,Female,7,55.9,55,55,63,Low,3.7,Yes,Secondary,29,1
ST00503,Aashi Trivedi,TS204,Female,9,65.3,72,71,55,Medium,3.2,Yes,None,28,1
ST00504,Madhav Nagarajan,TS160,Male,10,66.2,58,68,57,Medium,1.5,Yes,None,25,1
ST00505,Urvashi Pillai,TS347,Male,7,51.6,53,41,52,Low,7.9,Yes,None,14,1
ST00506,Elijah Kata,TS490,Female,6,65.4,50,60,57,Medium,4.4,No,Primary,23,1
ST00507,Michael Mand,TS276,Male,7,59.2,55,58,59,Low,2.2,Yes,Secondary,22,1
ST00508,Vasatika Dutt,TS454,Male,10,85.8,80,84,74,Medium,1.1,Yes,Graduate,30,0
ST00509,Hardik Wadhwa,TS317,Female,7,64.4,55,59,49,Medium,0.8,No,Primary,0,0
ST00510,Bhavani Khurana,TS153,Female,9,73.4,76,75,69,Low,4.2,Yes,None,29,0
ST00511,Ridhi Chadha,TS222,Male,8,57.7,63,64,47,Medium,5.3,Yes,Primary,18,1
ST00512,Mason Kota,TS378,Female,9,85.6,82,77,69,Low,3.1,No,Primary,7,0
ST00513,Viraj Setty,TS129,Female,6,75.6,80,85,71,High,2.5,Yes,None,30,0
ST00514,Warinder Tripathi,TS478,Male,7,79.4,78,69,71,Medium,6.1,Yes,Primary,8,0
ST00515,Faraj Puri,TS189,Male,6,76.4,79,67,81,Medium,4.1,Yes,Primary,18,0
ST00516,Aahana Arya,TS101,Male,6,77.2,74,65,67,Medium,9.5,Yes,Primary,21,0
ST00517,Oeshi Muni,TS425,Male,8,50.0,42,55,60,Low,3.1,Yes,Graduate,26,1
ST00518,Wakeeta Savant,TS426,Female,7,94.9,89,88,95,Low,9.6,Yes,Primary,27,1
ST00519,Chavvi Nazareth,TS292,Male,10,61.6,57,62,48,Low,6.1,No,Graduate,1,1
ST00520,Hritik Sethi,TS037,Male,8,67.8,58,59,60,Medium,2.2,Yes,Primary,8,0
ST00521,Advay Kakar,TS368,Male,10,62.2,66,75,55,High,6.9,Yes,None,23,1
ST00522,Chaman Khatri,TS264,Female,8,55.5,48,42,57,Low,6.6,No,Graduate,30,1
ST00523,Wahab Zachariah,TS319,Female,9,90.2,94,79,94,Medium,11.4,Yes,Primary,25,0
ST00524,Xavier Bala,TS002,Male,6,81.5,69,78,72,Medium,9.3,Yes,None,11,0
ST00525,Zansi Sani,TS048,Male,6,69.1,61,74,62,Medium,9.0,Yes,Primary,17,1
ST00526,Akshay Dugar,TS208,Male,7,95.4,91,85,96,Low,9.7,Yes,Primary,1,0
ST00527,Udant Yadav,TS227,Male,9,57.3,52,47,45,Medium,4.0,No,Secondary,22,1
ST00528,Jason Behl,TS147,Female,10,46.2,52,57,45,High,9.0,Yes,Primary,21,1
ST00529,Omkaar Sheth,TS179,Female,10,69.8,77,62,60,Low,7.8,Yes,Secondary,14,1
ST00530,Chanchal Bhatnagar,TS463,Female,8,91.2,88,89,92,Low,11.1,Yes,Primary,30,1
ST00531,Vasatika Dhar,TS200,Female,8,58.3,52,61,55,Low,11.5,Yes,Secondary,14,1
ST00532,Anthony Naidu,TS301,Female,8,88.1,81,86,92,High,2.4,Yes,Secondary,24,0
ST00533,Yauvani Talwar,TS257,Male,7,60.6,56,49,51,Medium,10.7,No,Secondary,3,1
ST00534,Jai Reddy,TS475,Female,8,47.8,54,48,57,Medium,6.7,Yes,None,16,1
ST00535,Chakradhar Rege,TS008,Female,10,65.4,68,58,61,High,4.5,No,Secondary,24,1
ST00536,Dayita Mander,TS320,Female,6,71.0,64,69,54,Low,9.3,No,Graduate,7,0
ST00537,Brinda Ramaswamy,TS088,Female,8,74.9,66,75,77,Medium,6.7,Yes,None,19,0
ST00538,Karan Ghosh,TS274,Female,6,68.2,66,59,58,Medium,6.3,Yes,Secondary,9,0
ST00539,Robert Rajan,TS190,Male,9,73.7,70,78,69,Medium,1.4,Yes,Graduate,4,0
ST00540,Edhitha Mitter,TS353,Male,9,63.2,62,66,47,Low,6.2,No,Graduate,15,1
ST00541,Pallavi Acharya,TS152,Male,6,70.1,64,77,60,Low,1.5,Yes,None,18,0
ST00542,Gunbir Shroff,TS398,Female,10,96.0,91,89,85,Low,0.7,Yes,Graduate,9,0
ST00543,Pooja Sodhi,TS133,Female,10,79.3,79,82,84,Low,9.4,Yes,Primary,12,0
ST00544,Suhani Char,TS331,Male,6,58.2,63,63,61,Medium,6.9,Yes,Secondary,4,0
ST00545,Chakradev Kant,TS382,Male,8,50.3,52,53,46,Low,6.8,Yes,Secondary,2,1
ST00546,Liam Subramanian,TS136,Female,10,76.0,78,69,83,Medium,7.3,Yes,Graduate,10,0
ST00547,Deepa Buch,TS455,Male,8,45.9,33,35,37,Medium,4.8,No,Primary,19,1
ST00548,Megha Chand,TS462,Female,7,79.1,73,77,78,Medium,7.3,No,Graduate,4,0
ST00549,Patrick Kadakia,TS292,Male,6,69.7,69,77,69,Medium,9.9,Yes,Secondary,29,1
ST00550,Tarak Kade,TS322,Male,7,67.0,73,59,58,Low,7.7,Yes,Secondary,27,1
ST00551,Prisha Dani,TS015,Male,10,51.3,48,53,39,Low,6.2,No,Primary,13,1
ST00552,Bishakha Kalla,TS050,Female,8,64.8,68,57,53,Low,11.7,No,Secondary,5,1
ST00553,Daksha Bumb,TS323,Female,9,60.1,55,55,59,Medium,11.2,Yes,Secondary,24,1
ST00554,Hemang Vala,TS090,Male,6,85.5,85,84,74,Low,6.5,Yes,Secondary,19,0
ST00555,Adya Modi,TS105,Female,7,51.2,55,58,56,Medium,9.2,Yes,Primary,16,1
ST00556,Daksha Bhargava,TS172,Male,6,65.0,63,50,54,Medium,5.8,No,Primary,8,0
ST00557,Samarth Kari,TS188,Male,7,94.9,99,99,87,High,10.1,Yes,Secondary,19,0
ST00558,Vansha Nigam,TS430,Male,6,45.8,37,34,32,Medium,5.1,No,Secondary,2,1
ST00559,Sanya Master,TS194,Female,9,95.7,90,92,98,Medium,8.4,Yes,Graduate,25,0
ST00560,Faris Thaman,TS237,Female,7,58.6,65,67,58,Medium,2.9,Yes,Primary,5,0
ST00561,Anmol Nair,TS438,Male,7,88.4,88,86,82,Medium,9.9,Yes,Secondary,5,0
ST00562,Zehaan Suri,TS195,Male,6,82.0,74,65,75,Low,9.4,No,Graduate,17,1
ST00563,Riya Ravi,TS043,Female,7,57.6,70,52,59,High,2.7,Yes,Secondary,10,0
ST00564,Nicholas Mallick,TS324,Female,6,87.4,77,84,81,Low,4.8,Yes,Graduate,7,0
ST00565,Ishaan Bhandari,TS200,Male,8,94.9,85,81,98,Medium,9.3,Yes,None,23,0
ST00566,Sai Mukherjee,TS307,Male,6,47.8,41,48,42,Medium,8.8,Yes,None,28,1
ST00567,Lila Sur,TS349,Male,9,83.4,82,75,78,Low,3.2,Yes,Graduate,9,0
ST00568,Teerth Mahal,TS224,Female,6,70.5,66,76,67,High,8.9,No,Graduate,15,0
ST00569,Sarthak Khalsa,TS214,Male,6,72.1,76,65,71,High,1.8,Yes,None,10,0
ST00570,Hemangini Chanda,TS418,Male,6,76.2,71,75,73,Low,4.4,Yes,Secondary,30,0
ST00571,Aryan Butala,TS447,Female,6,75.3,65,80,78,Medium,6.2,Yes,Secondary,4,0
ST00572,Netra Bora,TS306,Female,6,67.2,73,57,58,Medium,7.3,Yes,Secondary,8,0
ST00573,Arunima Mittal,TS187,Female,8,81.4,75,69,70,Medium,6.3,Yes,Secondary,24,0
ST00574,Ucchal Dey,TS120,Male,10,73.2,66,65,64,High,10.9,No,Secondary,16,0
ST00575,Darika Kohli,TS343,Female,6,55.2,55,44,61,Medium,11.8,Yes,None,21,1
ST00576,Jagvi Bandi,TS062,Male,8,97.4,96,97,87,Low,10.6,Yes,Primary,6,0
ST00577,Girindra Vora,TS096,Male,7,86.5,84,87,82,Low,4.1,Yes,Graduate,16,0
ST00578,Ekavir Naidu,TS444,Female,7,74.6,65,73,69,Low,1.5,Yes,Primary,17,0
ST00579,Vedant Dutt,TS356,Male,7,45.2,44,47,59,High,10.8,Yes,None,8,1
ST00580,Ishaan Loke,TS243,Female,8,80.6,75,79,77,High,8.6,Yes,Secondary,11,0
ST00581,Falan Chana,TS261,Female,7,79.9,79,88,79,High,2.2,Yes,Primary,20,0
ST00582,Charita Bera,TS170,Male,10,95.9,92,95,91,Medium,8.3,Yes,None,19,0
ST00583,Bishakha Kumer,TS111,Female,6,46.1,47,38,48,Medium,7.3,Yes,Primary,29,1
ST00584,Januja Seth,TS341,Female,7,74.2,71,66,73,Medium,3.6,No,Primary,21,0
ST00585,Chakradhar Reddy,TS309,Male,7,94.3,97,90,91,High,0.6,Yes,None,26,0
ST00586,Gagan Kanda,TS420,Male,6,45.4,31,38,35,Low,9.4,No,None,27,1
ST00587,Ranveer Ahluwalia,TS440,Female,7,75.0,79,64,76,Low,7.9,Yes,Secondary,5,0
ST00588,Hemani Bedi,TS255,Female,6,80.7,87,75,72,High,4.7,Yes,Graduate,18,0
ST00589,Yashvi Suresh,TS296,Female,9,88.8,84,84,83,Low,5.3,Yes,Primary,9,0
ST00590,Darsh Merchant,TS483,Male,9,86.2,82,80,82,High,4.8,Yes,Secondary,9,0
ST00591,Ayaan Golla,TS322,Female,6,49.0,55,59,43,Low,11.2,Yes,Secondary,28,1
ST00592,Amol Gupta,TS415,Female,10,79.6,69,84,82,Medium,10.7,Yes,None,4,0
ST00593,Champak Kunda,TS115,Male,10,95.7,93,90,99,High,8.2,Yes,Primary,29,0
ST00594,Advika Rajagopal,TS358,Female,8,73.4,64,71,68,Medium,10.0,Yes,Primary,19,0
ST00595,Pavani Singh,TS382,Male,8,60.8,65,64,60,Low,5.0,Yes,Primary,10,1
ST00596,Kai Saini,TS396,Male,7,49.4,51,46,46,Low,11.7,No,Graduate,16,1
ST00597,Vaishnavi Bhattacharyya,TS026,Female,10,65.9,65,64,55,Low,5.7,Yes,Secondary,14,1
ST00598,Lajita Butala,TS463,Male,10,84.0,81,80,86,Low,2.3,Yes,Secondary,9,0
ST00599,Anvi Kant,TS235,Male,6,72.1,67,71,68,High,6.0,Yes,Secondary,28,0
ST00600,Jonathan Karnik,TS062,Male,8,59.7,56,67,49,High,4.4,No,None,3,0
ST00601,Hamsini Kala,TS405,Female,9,92.5,80,87,94,Medium,0.9,Yes,Primary,1,0
ST00602,Yahvi Desai,TS129,Male,10,48.5,41,46,55,Medium,7.0,Yes,Secondary,23,1
ST00603,Vrinda Patla,TS078,Male,6,56.2,69,57,52,High,4.7,Yes,Primary,25,1
ST00604,Frederick Mittal,TS301,Male,10,82.9,84,87,74,Medium,10.9,Yes,Secondary,0,0
ST00605,Bina Shankar,TS401,Male,7,72.4,79,75,76,High,6.0,No,Primary,28,0
ST00606,Omisha Mitter,TS024,Male,10,89.3,73,80,86,Low,10.0,No,Primary,8,0
ST00607,Yahvi Gola,TS176,Male,7,90.0,90,95,83,Medium,4.9,Yes,Primary,14,0
ST00608,Geetika Ganguly,TS389,Female,8,76.9,79,83,64,Medium,11.0,Yes,Graduate,23,0
ST00609,Bahadurjit Din,TS011,Female,6,75.6,63,79,72,Medium,1.9,Yes,Graduate,3,0
ST00610,Finn Kaur,TS046,Male,7,46.5,46,56,49,High,8.8,Yes,Primary,8,0
ST00611,Dayamai Purohit,TS413,Female,10,46.7,38,45,44,Low,10.7,Yes,Secondary,22,1
ST00612,Advay Rege,TS298,Male,9,89.3,83,89,85,Low,9.9,Yes,Graduate,6,0
ST00613,Udyati Sundaram,TS220,Female,10,52.4,41,55,44,Medium,0.6,No,Secondary,2,1
ST00614,Bina Khurana,TS165,Female,10,93.8,91,88,81,Medium,8.5,No,None,29,0
ST00615,Varenya Kunda,TS422,Female,9,87.8,80,80,75,Low,8.2,Yes,Primary,12,0
ST00616,Rayaan Thaker,TS123,Female,8,95.2,91,98,98,Medium,1.8,Yes,Secondary,27,0
ST00617,Elijah Taneja,TS019,Female,9,70.3,70,63,66,Medium,8.0,No,Secondary,8,0
ST00618,Chatresh Dalal,TS441,Female,10,54.4,53,52,57,Medium,6.7,Yes,Secondary,26,1
ST00619,David Singhal,TS193,Female,6,72.7,75,65,72,Medium,4.6,Yes,Primary,9,0
ST00620,Balendra Banik,TS351,Male,6,98.0,99,83,99,Low,5.4,Yes,Secondary,3,0
ST00621,Chatresh Raja,TS281,Male,10,73.8,86,74,77,High,9.7,Yes,Graduate,17,0
ST00622,Januja Lal,TS225,Female,7,80.1,82,85,70,Low,9.9,Yes,Primary,9,0
ST00623,Wazir Bahri,TS383,Female,10,54.6,49,49,58,Medium,1.8,Yes,Secondary,27,1
ST00624,Theodore Sami,TS071,Female,9,71.1,66,68,74,High,9.9,No,Primary,0,0
ST00625,Aishani Bail,TS496,Male,6,49.1,48,48,58,Low,7.1,Yes,Primary,13,1
ST00626,Jairaj Nayak,TS193,Male,10,53.2,62,52,54,Medium,1.0,Yes,Primary,12,0
ST00627,Chakrika Walla,TS013,Male,7,59.8,51,64,49,Low,10.8,Yes,Secondary,28,1
ST00628,Wyatt Chatterjee,TS130,Male,6,46.0,48,54,36,Low,10.6,Yes,Primary,19,1
ST00629,Upadhriti Amble,TS274,Female,8,52.1,42,61,52,Low,10.0,Yes,Primary,23,1
ST00630,Chaman Palan,TS159,Male,8,63.9,75,70,64,High,1.2,Yes,Secondary,30,1
ST00631,Saksham Srivastava,TS157,Female,8,74.7,66,67,75,Medium,1.5,Yes,Secondary,9,0
ST00632,Tara Jain,TS080,Male,7,50.7,35,55,47,Low,2.9,No,None,23,1
ST00633,Ishaan Ganesan,TS008,Male,8,81.4,66,65,80,Low,7.9,No,Graduate,20,1
ST00634,Abha Jaggi,TS348,Male,9,70.5,58,66,65,Low,6.1,No,Secondary,0,0
ST00635,Zansi Narayan,TS010,Female,9,48.6,50,55,39,Low,4.6,Yes,Secondary,1,1
ST00636,Advaith Prabhu,TS075,Female,7,78.3,79,70,69,Low,6.4,Yes,Primary,9,0
ST00637,Rohan Patla,TS467,Male,10,53.7,41,42,38,Low,4.8,No,None,7,1
ST00638,Ekalinga Guha,TS298,Female,6,85.9,90,76,86,Medium,10.2,Yes,None,0,0
ST00639,Henry Date,TS353,Male,8,80.0,71,82,77,Low,5.4,Yes,Primary,6,0
ST00640,Lipika Tak,TS092,Female,10,51.4,54,53,52,Medium,3.4,Yes,Graduate,17,1
ST00641,Raghav Luthra,TS171,Male,7,55.4,63,62,45,Medium,3.7,Yes,Primary,21,1
ST00642,Yashawini Mukhopadhyay,TS463,Female,9,88.4,87,92,83,Medium,7.8,Yes,Secondary,9,0
ST00643,Ikbal Vala,TS493,Male,8,68.7,66,65,58,Medium,4.2,Yes,Secondary,14,0
ST00644,Zarna Khurana,TS245,Female,7,76.2,70,64,67,Low,1.8,No,Primary,19,1
ST00645,Radhika Upadhyay,TS024,Male,10,90.9,92,76,90,Medium,9.4,Yes,Primary,16,0
ST00646,Jhalak Sandal,TS267,Female,7,52.2,54,47,48,Low,5.3,Yes,Secondary,26,1
ST00647,Mohini Ganesh,TS472,Female,9,91.6,81,78,78,Low,11.5,No,Secondary,18,1
ST00648,Ronith Nazareth,TS498,Female,9,64.9,69,59,59,Medium,11.1,Yes,Primary,6,0
ST00649,Osha Kibe,TS368,Male,7,92.7,79,89,90,Low,6.6,Yes,Graduate,29,0
ST00650,Vidhi Arora,TS205,Male,7,50.1,52,54,60,High,9.2,Yes,Primary,9,0
ST00651,Ranbir Hegde,TS067,Female,7,94.9,90,99,94,Medium,9.1,Yes,Primary,7,0
ST00652,Parth Ahluwalia,TS403,Male,9,63.6,65,50,60,Medium,6.3,No,Graduate,7,0
ST00653,Tanveer Tandon,TS457,Male,8,60.8,64,61,68,Medium,3.6,Yes,Secondary,13,0
ST00654,Yagnesh Jaggi,TS405,Male,6,97.9,92,99,99,Medium,6.2,Yes,Primary,27,0
ST00655,Utkarsh Manda,TS007,Female,10,78.8,68,77,62,Low,7.5,No,Secondary,0,0
ST00656,Bishakha Balakrishnan,TS082,Male,6,94.7,94,94,79,Medium,10.8,No,Primary,17,0
ST00657,Balvan Goda,TS165,Female,9,65.6,63,64,55,Medium,2.4,Yes,Primary,13,0
ST00658,Turvi Mani,TS326,Male,8,49.9,56,57,59,Low,11.7,Yes,Secondary,27,1
ST00659,Harita Lal,TS431,Female,8,45.9,53,52,39,Low,2.2,Yes,None,3,1
ST00660,Zayan Murty,TS253,Female,9,73.7,56,69,59,Medium,7.0,No,Primary,18,0
ST00661,Nathaniel Tailor,TS052,Female,9,55.2,53,46,62,Medium,11.7,Yes,Primary,3,0
ST00662,Rohan Shere,TS048,Female,10,58.9,44,51,51,Medium,7.6,No,None,21,1
ST00663,Yug Krishna,TS015,Male,7,71.5,67,63,54,Medium,8.3,No,Secondary,8,0
ST00664,Bimala Thakur,TS423,Male,10,72.2,77,74,60,Medium,10.3,Yes,Primary,9,0
ST00665,Sanaya Nagy,TS380,Male,7,50.5,43,41,40,Low,9.2,Yes,Graduate,13,1
ST00666,Laban Sarma,TS296,Female,7,71.3,59,75,60,Low,2.0,Yes,Graduate,25,0
ST00667,Saanvi Bakshi,TS052,Female,10,70.3,58,68,62,Medium,8.1,Yes,Primary,22,0
ST00668,Falan Lall,TS259,Female,10,47.8,50,41,49,Medium,5.9,Yes,Graduate,27,1
ST00669,Rudra Singh,TS041,Female,7,63.6,57,64,72,Medium,2.8,Yes,Secondary,22,1
ST00670,Ekavir Ranganathan,TS125,Female,8,61.1,55,67,60,Low,11.1,Yes,Secondary,18,1
ST00671,Aryan Ben,TS273,Male,9,85.8,85,96,95,High,3.5,Yes,None,21,0
ST00672,Ishani Jani,TS221,Male,10,56.4,47,42,57,Low,10.7,No,Primary,18,1
ST00673,Ekaja Sanghvi,TS239,Male,9,83.2,78,87,84,High,6.8,No,Secondary,25,0
ST00674,Samaksh Bhagat,TS449,Female,6,80.1,64,75,82,Low,8.8,No,Graduate,2,0
ST00675,Pallavi Singh,TS253,Male,10,88.3,85,94,85,Medium,5.8,Yes,Secondary,7,0
ST00676,Imaran Tella,TS500,Male,10,67.1,72,72,75,Medium,9.1,Yes,Graduate,10,0
ST00677,Hemang Sami,TS335,Female,9,48.8,42,38,41,Medium,7.6,Yes,None,29,1
ST00678,Anjali Srinivas,TS235,Female,10,54.9,49,50,57,High,9.2,Yes,Secondary,19,1
ST00679,Suhani Bali,TS231,Male,7,62.4,64,61,60,Low,6.2,Yes,Primary,21,1
ST00680,Saumya Bhatia,TS490,Female,9,53.7,49,58,44,Medium,0.6,Yes,Graduate,25,1
ST00681,Neelima Halder,TS307,Female,6,82.6,81,85,79,Low,6.5,Yes,Graduate,7,0
ST00682,Rushil Borah,TS133,Female,9,78.9,71,74,78,Medium,7.2,Yes,Secondary,25,0
ST00683,Priya Suresh,TS476,Male,9,80.7,86,74,72,Low,0.6,Yes,Graduate,2,0
ST00684,Aarini Patil,TS082,Female,6,91.3,85,88,81,Low,8.1,Yes,Primary,27,1
ST00685,Caleb Chaudhary,TS029,Male,10,94.6,91,91,85,Medium,0.9,Yes,Primary,23,0
ST00686,Anmol Sekhon,TS075,Male,10,63.7,53,61,62,Low,5.3,No,Secondary,4,1
ST00687,Devansh Vig,TS352,Male,9,88.7,69,73,86,Low,8.1,No,None,16,1
ST00688,Gautami Sha,TS061,Female,10,56.2,53,65,56,Low,3.4,Yes,Secondary,10,1
ST00689,Balvan Gola,TS255,Female,10,49.5,50,42,45,Low,3.3,Yes,Secondary,23,1
ST00690,Farhan Narayanan,TS133,Male,8,96.1,94,76,89,Low,8.8,No,Primary,16,1
ST00691,Nikita Karpe,TS425,Male,10,59.4,53,63,72,High,1.5,Yes,Secondary,29,1
ST00692,Avni Anne,TS110,Female,8,62.2,65,58,54,Medium,7.5,Yes,Secondary,19,1
ST00693,Omya Venkatesh,TS054,Male,6,92.7,96,91,78,Medium,2.1,Yes,None,12,0
ST00694,Charles Korpal,TS482,Female,9,94.4,91,89,90,Low,0.5,Yes,Secondary,3,0
ST00695,Varsha Toor,TS348,Female,8,51.5,53,63,52,High,10.8,Yes,Secondary,24,1
ST00696,Zashil Sem,TS212,Male,7,84.7,83,80,80,Low,1.6,Yes,Primary,2,0
ST00697,Frado Mangal,TS195,Female,8,87.3,83,87,80,Low,10.7,No,Primary,12,0
ST00698,Hemang Ranganathan,TS419,Female,8,59.1,56,68,55,Medium,7.7,Yes,Graduate,22,1
ST00699,Anvi Tara,TS482,Male,6,97.9,94,97,79,Medium,8.7,No,Secondary,26,0
ST00700,Dominic Shanker,TS028,Male,10,47.4,44,46,42,Low,3.9,No,Secondary,26,1
ST00701,Yashawini Cheema,TS172,Male,9,46.2,31,50,46,Medium,8.5,No,Secondary,7,1
ST00702,Rachita Bhalla,TS285,Female,9,64.6,59,55,63,Medium,9.6,Yes,Primary,8,0
ST00703,Dev Johal,TS349,Male,8,63.0,69,68,66,Medium,1.1,Yes,Secondary,16,1
ST00704,Gopal Sandhu,TS180,Male,8,76.3,68,87,78,High,5.5,Yes,Graduate,29,0
ST00705,Aadi Hans,TS077,Female,8,49.7,59,60,60,High,3.4,Yes,Primary,6,0
ST00706,Shivansh Dayal,TS338,Male,7,96.2,76,86,92,Low,6.3,No,Primary,5,0
ST00707,Prisha Luthra,TS280,Female,6,60.6,53,50,55,Low,10.7,Yes,Primary,7,1
ST00708,Yahvi Rana,TS350,Female,10,69.0,63,77,60,Low,10.3,Yes,Primary,24,1
ST00709,Baghyawati Sura,TS357,Male,9,84.1,75,70,81,Low,8.4,Yes,Secondary,4,0
ST00710,Logan Master,TS315,Female,8,88.7,80,82,75,Medium,4.9,Yes,Secondary,29,0
ST00711,Liam Merchant,TS210,Female,10,79.3,68,84,70,Low,11.0,Yes,Secondary,9,0
ST00712,Chandran Sachdev,TS316,Female,6,91.6,97,93,88,Low,9.6,Yes,Primary,30,1
ST00713,Atharv Agrawal,TS271,Male,9,92.5,91,94,85,Medium,7.5,Yes,Graduate,8,0
ST00714,Shivansh Solanki,TS259,Female,10,62.7,55,62,52,Low,2.9,No,Secondary,26,1
ST00715,Harshil Radhakrishnan,TS184,Female,7,50.5,49,50,59,Medium,9.8,Yes,Primary,27,1
ST00716,Baghyawati Mittal,TS413,Female,6,69.0,81,81,80,High,6.1,Yes,Secondary,17,1
ST00717,Parth Kalla,TS045,Female,7,87.9,78,84,73,Medium,9.6,No,Primary,4,0
ST00718,Wriddhish Samra,TS451,Male,7,76.7,74,59,70,Low,5.4,No,None,23,1
ST00719,Anmol Hora,TS017,Female,6,56.7,48,56,47,Medium,8.9,Yes,Primary,15,0
ST00720,Luke Saxena,TS055,Male,9,91.5,81,80,79,Low,8.8,Yes,Primary,21,1
ST00721,Avi Patla,TS318,Male,6,75.2,81,62,71,Low,11.3,Yes,Graduate,4,0
ST00722,Indrajit Joshi,TS439,Female,9,71.9,56,58,57,Medium,11.1,No,Primary,27,0
ST00723,Qabil Hayre,TS024,Female,7,57.7,56,51,55,Low,7.2,No,Primary,30,1
ST00724,Rachit Dasgupta,TS135,Male,6,82.3,69,80,72,Medium,1.5,Yes,Secondary,20,0
ST00725,Vasudha Bhargava,TS376,Female,7,59.7,66,62,58,Medium,3.5,Yes,Primary,23,1
ST00726,Veda Choudhary,TS210,Female,9,58.9,68,56,58,Low,6.1,Yes,Primary,22,1
ST00727,Udant Bajwa,TS299,Male,7,58.0,49,50,53,Low,7.1,No,Secondary,30,1
ST00728,Aadhya Ganesh,TS054,Female,7,89.7,89,85,75,Low,9.6,Yes,Graduate,21,1
ST00729,Lakshmi Bhatti,TS287,Male,7,90.7,86,85,93,Low,2.9,Yes,Secondary,1,0
ST00730,Manan Dara,TS314,Male,6,52.9,65,55,47,High,11.5,Yes,Secondary,12,0
ST00731,Matthew Tripathi,TS062,Female,7,83.7,66,68,69,Medium,8.4,No,None,15,0
ST00732,Damini Basak,TS414,Female,8,69.0,59,64,67,High,8.8,No,Secondary,9,1
ST00733,Jeet Seshadri,TS210,Female,10,55.6,55,47,57,Low,4.6,Yes,Primary,12,1
ST00734,Pushti Kalita,TS343,Female,6,57.3,46,58,46,Low,2.4,Yes,Secondary,25,1
ST00735,Aashi Sharaf,TS098,Female,7,45.1,50,40,51,Low,3.0,Yes,Primary,14,1
ST00736,Pallavi Bobal,TS039,Female,7,55.6,64,56,63,Low,4.3,Yes,Graduate,10,1
ST00737,Tejas Oza,TS301,Male,6,96.4,98,88,98,Medium,2.7,Yes,Secondary,14,0
ST00738,Ucchal Ravel,TS278,Male,9,46.8,55,38,42,Low,4.8,Yes,Secondary,24,1
ST00739,Panini Borde,TS159,Female,10,96.6,88,96,89,Medium,8.3,No,Primary,24,0
ST00740,Finn Grover,TS322,Male,6,94.6,94,80,88,Low,6.8,Yes,Primary,21,0
ST00741,Kamya Ramaswamy,TS182,Male,7,78.5,80,71,66,Low,7.7,Yes,Primary,10,0
ST00742,Ekaja Bhagat,TS274,Male,6,92.2,92,82,87,Low,5.7,Yes,Primary,20,0
ST00743,Chameli Sant,TS226,Female,7,80.6,79,75,68,Low,1.7,Yes,Secondary,2,0
ST00744,Joshua Sinha,TS247,Female,9,92.6,79,96,86,Low,4.2,Yes,Primary,2,0
ST00745,Lavanya Deol,TS334,Male,7,47.3,42,46,51,High,1.5,Yes,Primary,5,1
ST00746,Siya Ravel,TS108,Female,9,87.4,87,77,83,Medium,5.1,Yes,Secondary,11,0
ST00747,Idika Krish,TS170,Female,6,58.8,59,55,57,Low,8.9,Yes,Primary,17,1
ST00748,Dev Mitra,TS439,Female,9,93.8,80,97,95,Low,7.5,Yes,Graduate,6,0
ST00749,Lipika Reddy,TS192,Male,8,55.1,48,56,63,Medium,0.9,Yes,Secondary,21,1
ST00750,Samarth Wadhwa,TS437,Male,6,78.1,80,80,85,High,6.2,Yes,Primary,1,0
ST00751,Ojasvi Jha,TS232,Male,6,66.6,54,52,64,Medium,5.4,No,Secondary,5,0
ST00752,Harinakshi Wali,TS401,Male,10,63.2,61,47,66,Medium,11.6,No,Primary,10,1
ST00753,Zansi Jha,TS467,Female,8,81.9,82,88,83,Medium,0.6,Yes,Graduate,13,0
ST00754,Yuvraj Radhakrishnan,TS350,Female,9,52.8,53,60,45,Medium,8.4,Yes,Primary,5,0
ST00755,Manan Gandhi,TS180,Male,8,85.0,77,89,85,Low,10.4,Yes,Primary,8,0
ST00756,Kabir Hayer,TS122,Male,9,97.2,99,96,82,Low,11.0,Yes,Secondary,29,1
ST00757,Hemal Setty,TS403,Female,6,73.2,67,74,75,Low,5.9,No,Graduate,10,0
ST00758,Siya Som,TS156,Female,6,81.0,83,71,69,Low,1.8,Yes,Secondary,17,0
ST00759,Kabir Mukherjee,TS155,Female,9,47.8,55,39,49,Low,1.9,Yes,Primary,14,1
ST00760,Saksham Dua,TS204,Male,9,64.6,58,49,63,Low,11.9,No,Secondary,26,1
ST00761,Panini Kala,TS347,Male,7,45.2,30,33,38,Low,10.9,No,None,15,1
ST00762,Siddharth Arya,TS096,Female,6,59.5,62,61,51,Low,2.6,Yes,None,14,1
ST00763,Caleb Rao,TS213,Female,10,72.0,76,71,59,Medium,4.4,Yes,Secondary,15,0
ST00764,Christopher Memon,TS085,Female,6,51.4,59,63,56,High,3.7,Yes,Secondary,11,0
ST00765,Gaurika Hegde,TS146,Male,6,57.1,51,63,65,Medium,6.6,Yes,Primary,14,0
ST00766,Bhavini Saini,TS458,Female,6,85.4,72,78,75,Medium,0.8,No,Secondary,21,0
ST00767,Harshil Rattan,TS233,Female,9,53.1,48,49,59,High,3.7,No,Primary,7,0
ST00768,Upkaar Pandey,TS036,Female,8,66.2,60,73,59,Medium,11.1,Yes,None,4,0
ST00769,Meera Oza,TS178,Female,6,88.0,90,91,78,Low,10.1,Yes,Graduate,16,1
ST00770,Siya Hari,TS182,Male,9,78.2,65,81,72,High,2.6,No,Primary,27,0
ST00771,Mohammed Bhagat,TS415,Female,10,60.7,51,54,63,Medium,4.6,Yes,Primary,24,1
ST00772,Avi Sama,TS115,Female,8,58.8,50,61,55,Medium,10.9,Yes,Secondary,25,1
ST00773,Manbir Prabhakar,TS210,Female,7,83.3,75,80,84,Low,4.0,Yes,Primary,13,0
ST00774,Saanvi Sem,TS138,Male,10,91.9,95,96,90,High,7.5,Yes,Graduate,25,0
ST00775,Gaurang Iyer,TS121,Male,6,66.0,74,57,72,Low,5.5,Yes,Secondary,29,1
ST00776,Hemani Acharya,TS205,Female,6,76.2,72,83,76,Low,9.4,Yes,Primary,9,0
ST00777,Jasmit Sengupta,TS124,Male,6,60.3,52,68,69,Medium,2.5,Yes,Secondary,17,1
ST00778,Nathaniel Acharya,TS226,Female,10,87.6,73,85,71,Medium,11.2,No,Secondary,5,0
ST00779,Robert Vohra,TS395,Male,6,65.2,53,72,70,Low,10.4,Yes,Secondary,6,1
ST00780,Mohammed Sheth,TS277,Female,6,84.0,78,70,87,Low,11.7,Yes,Secondary,16,1
ST00781,Caleb Bera,TS025,Female,7,83.2,71,84,76,Medium,10.0,Yes,Secondary,5,0
ST00782,Faris Ramesh,TS441,Female,8,89.6,82,80,76,Medium,11.0,Yes,Graduate,11,0
ST00783,Pallavi Das,TS326,Male,6,93.0,92,98,85,Low,6.1,Yes,Secondary,25,0
ST00784,Eta Gandhi,TS103,Male,7,73.1,75,68,75,Medium,3.8,Yes,Secondary,27,0
ST00785,Gagan Saini,TS160,Female,7,48.3,54,42,41,Low,11.3,Yes,Primary,17,1
ST00786,Yuvraj Kunda,TS344,Female,8,79.2,78,71,86,Medium,2.7,Yes,Graduate,21,0
ST00787,Frederick Acharya,TS227,Female,10,96.8,99,89,99,Medium,6.5,Yes,Primary,30,0
ST00788,Timothy Dey,TS133,Male,7,46.1,60,44,45,High,4.8,Yes,Secondary,28,1
ST00789,Anya Parikh,TS050,Male,8,93.7,79,90,91,Medium,11.8,No,Secondary,27,0
ST00790,Fariq Balan,TS407,Female,7,85.0,82,90,78,Low,3.8,Yes,None,1,0
ST00791,Dayita Gulati,TS085,Female,6,63.4,49,66,66,Low,10.5,No,Secondary,3,1
ST00792,Amara Biswas,TS075,Female,9,73.4,77,77,62,Medium,3.3,Yes,Primary,25,0
ST00793,Jonathan Roy,TS306,Male,9,74.6,74,72,64,Medium,1.4,Yes,Primary,5,0
ST00794,Meera Chaudhari,TS113,Female,8,47.0,46,49,49,Medium,10.5,Yes,Primary,11,0
ST00795,Agastya Bhagat,TS218,Female,9,58.6,58,50,54,Low,10.1,No,Secondary,14,1
ST00796,Laban Prabhu,TS443,Female,10,46.7,50,37,52,Medium,4.8,Yes,Secondary,5,0
ST00797,Yashodhara Gill,TS490,Male,10,59.4,55,46,52,Low,10.5,No,Primary,5,1
ST00798,Lekha Jha,TS435,Female,7,77.4,67,81,68,Medium,7.4,Yes,Primary,19,0
ST00799,Nandini Ahluwalia,TS472,Female,6,56.4,52,61,70,High,3.5,Yes,Secondary,19,1
ST00800,Simon Pillay,TS447,Male,9,91.8,82,79,91,Low,2.0,Yes,Primary,2,0
ST00801,Nakul Balay,TS477,Male,9,62.4,54,61,65,Medium,8.8,Yes,Primary,2,0
ST00802,Mason Kunda,TS302,Female,6,81.1,67,84,73,Low,10.6,Yes,Secondary,11,0
ST00803,Prisha Chandran,TS302,Female,10,70.2,72,64,64,Low,7.5,No,Secondary,4,0
ST00804,Vinaya Sanghvi,TS376,Male,9,61.1,49,64,64,Low,7.7,Yes,Secondary,18,1
ST00805,Finn Pillay,TS465,Male,7,46.6,50,54,46,Medium,3.8,Yes,Secondary,1,0
ST00806,Vyanjana Bassi,TS102,Male,7,81.3,75,80,73,High,2.6,Yes,Secondary,1,0
ST00807,Chandresh Prabhakar,TS310,Male,9,45.0,36,35,38,High,7.3,No,Secondary,6,1
ST00808,Abeer Sahota,TS466,Male,7,83.6,74,65,79,Medium,6.4,No,None,22,0
ST00809,Kalpit Suri,TS446,Female,10,74.6,59,64,59,Medium,9.6,No,Secondary,28,0
ST00810,Advika Dhar,TS173,Female,9,72.8,77,78,70,Medium,7.3,Yes,Secondary,28,0
ST00811,Chandran Sanghvi,TS230,Female,7,64.3,65,69,60,Medium,4.5,Yes,Primary,20,1
ST00812,Xalak Balan,TS281,Female,8,53.0,54,37,42,Low,4.6,No,Graduate,4,1
ST00813,Kalpit Morar,TS420,Female,9,82.5,75,79,76,Medium,1.9,Yes,Secondary,6,0
ST00814,Nikita Gokhale,TS358,Male,9,65.9,61,62,54,Low,11.9,Yes,Secondary,30,1
ST00815,Pooja Wali,TS439,Male,10,46.5,51,41,51,High,5.4,Yes,Primary,17,1
ST00816,Fiyaz Soman,TS130,Female,10,87.9,76,80,76,Medium,9.9,Yes,Primary,4,0
ST00817,Hemang Kalla,TS332,Male,9,67.8,73,69,73,Low,10.4,Yes,Secondary,6,1
ST00818,Hamsini Basu,TS444,Female,9,86.5,80,82,74,Low,4.3,Yes,None,13,0
ST00819,Bhanumati Divan,TS107,Female,8,95.3,88,99,96,High,7.3,No,Primary,30,0
ST00820,Nitesh Goswami,TS204,Female,6,78.9,61,77,78,Low,2.4,No,Graduate,4,0
ST00821,Fiyaz Vora,TS079,Male,9,52.7,48,40,38,Low,1.3,No,Secondary,10,1
ST00822,Vamakshi Lala,TS207,Female,6,67.1,75,66,75,Low,6.5,Yes,None,20,1
ST00823,Gaurang Kibe,TS250,Female,10,93.8,85,95,97,Low,5.8,Yes,Secondary,3,0
ST00824,Tanvi Sinha,TS483,Female,9,76.7,67,79,84,Medium,6.5,Yes,Secondary,25,0
ST00825,Anya Pandya,TS403,Male,9,57.7,61,60,65,Low,1.9,Yes,Secondary,6,1
ST00826,Yashasvi Khurana,TS143,Female,9,60.7,56,55,55,Medium,9.0,Yes,Primary,12,0
ST00827,Maya Prabhakar,TS161,Female,10,74.4,82,86,67,High,7.9,Yes,Primary,28,0
ST00828,Vedant Chadha,TS277,Male,8,62.4,67,57,52,Low,6.2,Yes,Secondary,10,1
ST00829,Yatan Brar,TS301,Female,9,46.9,51,38,41,High,10.0,No,Secondary,27,1
ST00830,Bimala Suresh,TS324,Female,7,95.2,92,86,89,Medium,10.9,Yes,Secondary,0,0
ST00831,Chandani Gade,TS273,Female,6,93.4,96,98,80,Low,10.1,Yes,Secondary,9,0
ST00832,Chanchal Balan,TS096,Male,6,84.7,75,77,86,Low,6.9,Yes,Secondary,7,0
ST00833,Gauri Dhaliwal,TS209,Male,8,49.9,35,37,51,Medium,2.3,No,Secondary,19,1
ST00834,Chakrika Pandit,TS170,Male,10,74.1,78,78,70,Low,3.6,Yes,Secondary,8,0
ST00835,Indira Bath,TS054,Male,8,70.8,59,59,64,Medium,4.3,No,None,17,0
ST00836,Upma Andra,TS286,Female,7,91.3,93,88,83,Low,11.4,Yes,None,3,0
ST00837,Umang Krishnamurthy,TS439,Female,10,88.2,84,95,96,High,2.8,Yes,None,3,0
ST00838,Ryan Bhatti,TS060,Female,10,47.4,49,40,55,Medium,3.9,Yes,None,10,0
ST00839,Ishaan Batra,TS435,Male,6,56.1,49,41,40,Low,3.6,No,Primary,16,1
ST00840,Ronith Iyengar,TS194,Female,10,89.4,87,76,83,Low,10.2,Yes,Secondary,24,1
ST00841,Rayaan Choudhry,TS182,Male,10,48.3,63,61,48,High,10.0,Yes,None,23,1
ST00842,Madhavi Gole,TS200,Female,8,69.3,65,82,69,High,7.9,Yes,Graduate,13,0
ST00843,Gaurika Oza,TS231,Female,7,52.4,43,45,56,Low,8.8,Yes,Secondary,5,1
ST00844,Pahal Krishnan,TS187,Male,8,86.1,86,83,77,High,2.1,Yes,Secondary,30,0
ST00845,Aayush De,TS128,Male,10,70.2,73,71,69,Low,3.1,Yes,Secondary,11,0
ST00846,Chaitanya Brahmbhatt,TS105,Male,10,82.0,86,86,75,Medium,8.4,Yes,Primary,13,0
ST00847,Vedhika Sankar,TS132,Male,10,82.3,76,70,69,Medium,3.5,Yes,None,19,0
ST00848,Geetika Mahal,TS299,Female,6,57.7,49,60,60,Low,9.0,Yes,Secondary,1,1
ST00849,Lajita Vohra,TS006,Male,6,77.3,79,68,84,Low,4.1,Yes,Primary,18,0
ST00850,Anya Sur,TS167,Female,8,50.9,62,58,56,High,8.3,Yes,Secondary,6,0
ST00851,Advika Soni,TS357,Male,6,91.9,88,98,89,High,2.8,Yes,Primary,25,0
ST00852,Yauvani Krishnan,TS445,Female,9,83.9,72,89,70,Low,5.1,Yes,Graduate,6,0
ST00853,Vamakshi Sarna,TS234,Male,9,66.2,62,50,52,Low,0.8,No,Secondary,24,1
ST00854,Anthony Vora,TS021,Male,8,54.0,56,47,53,Low,3.0,No,Primary,7,1
ST00855,Baljiwan Sundaram,TS401,Female,10,68.6,78,81,63,High,10.1,Yes,Primary,17,1
ST00856,Omkaar Badal,TS499,Female,10,81.2,81,86,79,High,9.3,Yes,Secondary,24,0
ST00857,Chanakya Sastry,TS247,Female,6,47.2,44,34,48,Low,7.7,No,Secondary,30,1
ST00858,Bhavani Brahmbhatt,TS114,Female,6,52.0,56,43,52,Medium,7.8,Yes,Secondary,22,1
ST00859,Aarush Ramakrishnan,TS228,Female,6,84.1,84,83,69,Low,7.9,No,None,7,0
ST00860,Sara Bhargava,TS361,Female,6,58.8,55,55,47,Low,5.3,Yes,Graduate,22,1
ST00861,Faraj Ramachandran,TS072,Male,9,71.2,73,74,82,High,8.0,Yes,Primary,4,0
ST00862,Januja Nagi,TS382,Male,7,58.7,58,65,61,Medium,6.6,Yes,Secondary,19,1
ST00863,David Hegde,TS110,Male,6,72.3,66,61,68,Medium,3.7,Yes,Graduate,13,0
ST00864,Chakradev Sridhar,TS191,Female,6,95.3,94,97,82,Medium,7.8,Yes,Primary,2,0
ST00865,Banjeet Bahl,TS107,Female,7,69.8,59,61,69,Medium,3.8,Yes,Secondary,15,0
ST00866,Utkarsh Shankar,TS396,Male,8,47.1,55,38,49,Low,5.8,Yes,Secondary,1,1
ST00867,Lajita Thakkar,TS181,Female,7,95.5,85,96,99,Medium,4.1,Yes,None,28,0
ST00868,Jagrati Korpal,TS240,Male,10,46.7,37,42,51,Medium,8.3,No,Graduate,23,1
ST00869,Ayaan Savant,TS207,Female,6,95.8,83,88,90,Medium,11.2,Yes,None,5,0
ST00870,Eshana Rana,TS015,Male,10,56.0,54,65,51,Low,4.3,Yes,Secondary,20,1
ST00871,Yachana Sarin,TS181,Female,6,84.4,73,75,77,Low,3.2,No,Secondary,8,0
ST00872,Warjas Ram,TS321,Male,8,67.1,60,62,75,Medium,7.5,Yes,Primary,16,1
ST00873,Jatin Kaul,TS298,Female,6,56.8,59,53,60,Low,6.3,Yes,Primary,17,1
ST00874,Anita Khanna,TS140,Female,9,73.4,81,67,68,High,6.9,Yes,Primary,27,0
ST00875,Jonathan Krishnan,TS344,Female,10,60.4,63,64,57,Medium,11.3,No,Primary,0,1
ST00876,Ishwar Bir,TS129,Female,10,54.4,48,49,51,High,1.9,Yes,Graduate,9,0
ST00877,Fitan Parikh,TS175,Female,6,96.7,97,81,97,Low,7.4,No,Primary,22,1
ST00878,Ishani Sangha,TS127,Male,7,76.5,80,67,71,Medium,10.6,Yes,Primary,25,0
ST00879,Manan Din,TS050,Female,8,50.7,51,45,43,Low,11.8,Yes,Primary,29,1
ST00880,Manthan Ratta,TS379,Male,7,48.2,48,44,46,Low,1.9,Yes,Secondary,2,1
ST00881,Chaaya Brar,TS096,Male,9,96.6,99,84,93,Medium,0.6,Yes,Primary,6,0
ST00882,Vincent Luthra,TS394,Male,8,89.8,81,94,84,Low,4.0,Yes,Graduate,15,0
ST00883,Lekha Sawhney,TS356,Male,7,66.2,72,59,72,High,2.6,No,Primary,12,0
ST00884,Naveen Nigam,TS353,Female,6,82.1,77,77,84,Medium,3.1,Yes,None,14,0
ST00885,Maanav Tandon,TS160,Male,6,78.8,80,71,74,Low,11.9,Yes,Secondary,18,1
ST00886,Yatin Venkataraman,TS048,Male,10,54.3,62,46,58,Low,6.7,Yes,Secondary,8,1
ST00887,Praneel Menon,TS290,Female,10,88.5,77,77,82,High,7.0,No,Primary,1,0
ST00888,Upma Chandra,TS239,Male,9,85.3,84,80,87,High,4.9,Yes,None,2,0
ST00889,Divya Iyengar,TS273,Male,10,60.8,65,61,67,Low,7.9,Yes,Secondary,12,1
ST00890,Raagini Sarma,TS050,Female,10,46.4,37,32,37,Low,9.3,No,Secondary,27,1
ST00891,Aashi Bal,TS413,Female,7,70.0,63,75,77,Low,6.4,Yes,Secondary,20,0
ST00892,Aahana Suresh,TS367,Female,10,68.3,61,64,76,High,7.1,No,Primary,1,1
ST00893,Advay Sami,TS368,Female,10,68.5,56,61,54,Low,8.7,No,Secondary,20,1
ST00894,Tara Sidhu,TS041,Male,10,50.3,60,56,51,Medium,9.7,Yes,Primary,14,0
ST00895,Abhiram Garde,TS185,Female,9,95.2,78,94,94,Low,0.7,No,Secondary,19,1
ST00896,Eesha Pathak,TS430,Female,8,91.1,89,76,75,Low,6.7,No,Secondary,15,0
ST00897,Eta Banik,TS348,Female,7,75.9,71,62,58,Low,11.5,No,None,28,1
ST00898,Alexander Deo,TS022,Male,6,60.6,59,51,63,Low,3.4,Yes,Graduate,6,1
ST00899,Dhruv Mannan,TS484,Male,8,61.4,67,57,55,Medium,11.7,Yes,Secondary,11,0
ST00900,Eta Wable,TS023,Female,7,92.8,82,80,90,Medium,7.7,No,None,3,0
ST00901,Ojasvi Sundaram,TS127,Female,7,74.3,72,67,62,Low,7.6,No,None,8,0
ST00902,Hemangini Arora,TS259,Female,8,80.4,78,71,73,Low,8.2,Yes,None,6,0
ST00903,Diya Bhandari,TS044,Female,7,69.3,74,69,76,Medium,9.3,Yes,Secondary,8,0
ST00904,Aarush Buch,TS342,Male,9,96.5,88,88,86,Low,11.6,Yes,Graduate,6,0
ST00905,Lavanya Kothari,TS006,Female,7,66.6,70,57,59,Low,7.5,Yes,Secondary,30,1
ST00906,Harish Shroff,TS128,Female,6,77.8,85,73,82,Medium,11.3,Yes,Secondary,24,0
ST00907,Daksh Mann,TS140,Male,9,90.2,79,76,88,Medium,10.0,Yes,None,16,0
ST00908,George Ranganathan,TS371,Male,6,76.7,65,60,60,Medium,10.6,No,Primary,10,0
ST00909,Kritika Gokhale,TS094,Female,9,95.2,97,94,98,Medium,2.4,Yes,Secondary,21,0
ST00910,Yutika Krish,TS379,Female,7,49.0,49,37,53,Low,4.3,No,Graduate,1,1
ST00911,Vivaan Basak,TS031,Female,7,46.3,37,36,56,Medium,5.7,Yes,Secondary,10,1
ST00912,Raagini Varkey,TS135,Male,9,81.4,78,74,76,Low,2.8,Yes,Primary,18,0
ST00913,Joshua Patil,TS371,Female,9,52.1,53,54,47,Low,6.8,Yes,Graduate,4,1
ST00914,Rishi Kumer,TS157,Female,7,73.7,71,75,56,Medium,5.6,No,Secondary,8,0
ST00915,Rushil Bava,TS116,Female,7,93.1,88,88,88,Medium,6.0,Yes,None,3,0
ST00916,Vedant Chaudry,TS069,Female,9,77.4,72,79,60,Low,5.1,No,Primary,30,1
ST00917,Jeremiah Narang,TS136,Male,7,84.3,75,74,84,Medium,5.4,No,Secondary,6,0
ST00918,Anthony Hayer,TS042,Male,8,51.0,49,54,43,Medium,10.6,Yes,Primary,30,1
ST00919,Divya Narasimhan,TS270,Male,10,97.2,99,99,85,Low,10.6,Yes,Primary,0,0
ST00920,Mugdha Baral,TS201,Female,6,92.9,95,83,88,Low,4.4,Yes,Primary,29,0
ST00921,Vritti Chakraborty,TS123,Female,9,84.3,67,85,83,Medium,1.7,No,Primary,4,0
ST00922,Sathvik Bhatt,TS435,Male,10,85.9,74,81,79,Medium,10.1,Yes,Primary,29,0
ST00923,Dalaja Mutti,TS125,Female,7,96.3,82,84,99,Low,11.9,Yes,Primary,12,0
ST00924,Yash Som,TS383,Male,7,58.5,47,49,49,Medium,6.1,Yes,None,16,1
ST00925,Niharika Chaudhary,TS337,Male,10,49.5,55,55,46,Medium,3.2,Yes,Primary,10,0
ST00926,Faris Deep,TS099,Male,8,51.7,54,54,56,Low,6.7,Yes,None,12,1
ST00927,Mohini Pau,TS045,Male,10,49.8,44,49,41,Low,5.0,Yes,None,1,1
ST00928,Sarthak Lad,TS462,Male,8,95.5,92,85,80,Medium,11.7,Yes,Secondary,2,0
ST00929,Tejas Om,TS051,Female,7,53.6,46,56,62,Low,9.4,Yes,Secondary,29,1
ST00930,Ethan Kannan,TS428,Female,6,81.4,81,84,79,Medium,3.8,Yes,Graduate,7,0
ST00931,Vamakshi Tata,TS239,Female,6,62.0,55,63,64,Medium,5.0,Yes,Graduate,7,0
ST00932,Vihaan Dara,TS178,Male,9,89.0,94,92,95,Low,1.6,Yes,None,26,0
ST00933,Raagini Shanker,TS271,Female,7,46.5,46,41,36,Medium,7.0,Yes,Secondary,14,0
ST00934,Ekaraj Goswami,TS149,Male,9,77.9,84,82,84,Medium,2.2,Yes,Graduate,12,0
ST00935,Robert Parsa,TS364,Female,8,84.4,71,78,75,Medium,5.2,Yes,Primary,2,0
ST00936,Amaira Savant,TS458,Male,6,57.4,61,52,65,Low,1.5,Yes,Secondary,25,1
ST00937,Siddharth Tandon,TS046,Male,10,81.0,84,75,76,Low,10.0,Yes,None,23,1
ST00938,Frederick Brar,TS495,Female,6,45.6,46,40,47,High,6.1,No,None,19,1
ST00939,Oscar Nair,TS021,Male,6,51.1,56,41,51,Low,3.1,Yes,Graduate,18,1
ST00940,Maanas Sani,TS111,Male,7,68.0,65,61,61,Low,1.4,Yes,Primary,23,1
ST00941,Agastya Bail,TS319,Male,8,89.5,93,89,94,Low,1.1,Yes,Primary,29,0
ST00942,Varenya Bhatti,TS104,Female,6,83.4,84,84,71,Medium,11.0,No,Secondary,28,0
ST00943,Vasatika Sem,TS184,Female,6,54.8,68,64,69,High,3.7,Yes,Graduate,7,0
ST00944,Raksha Sarin,TS135,Female,10,96.3,80,76,87,Low,3.5,No,Primary,10,0
ST00945,Tristan Savant,TS076,Male,6,84.0,78,87,72,Low,2.5,Yes,Secondary,23,0
ST00946,Raksha Hans,TS303,Male,10,55.8,51,53,61,Medium,6.6,Yes,Primary,12,0
ST00947,Jonathan Modi,TS385,Male,8,59.8,50,52,53,Medium,0.7,Yes,Primary,10,0
ST00948,Gaurang Bhavsar,TS023,Female,7,91.2,97,93,93,Low,11.0,Yes,Graduate,29,1
ST00949,Nimrat Amble,TS198,Female,9,79.4,71,75,81,Medium,8.0,Yes,Secondary,23,0
ST00950,Ekta Sodhi,TS061,Male,7,58.8,56,52,65,Medium,8.2,Yes,Secondary,7,0
ST00951,Gauri Hayre,TS180,Female,8,52.6,54,57,66,High,6.1,Yes,Primary,12,0
ST00952,Imaran Contractor,TS361,Male,10,47.7,42,55,56,Low,11.6,Yes,None,20,1
ST00953,Banjeet Trivedi,TS001,Male,8,66.0,62,55,52,Low,11.5,No,Secondary,2,1
ST00954,Pratyush Sem,TS077,Male,10,46.1,58,42,45,High,1.1,Yes,Secondary,4,0
ST00955,Upma Maharaj,TS478,Female,9,68.5,67,56,70,Medium,2.1,Yes,Secondary,5,0
ST00956,Shaurya Chaudhry,TS063,Male,8,63.2,54,65,65,Low,9.7,Yes,None,9,1
ST00957,Gunbir Aurora,TS352,Male,8,46.6,45,45,39,Low,1.2,Yes,Graduate,3,1
ST00958,Mohammed Memon,TS171,Female,7,51.7,52,66,59,High,1.0,Yes,Secondary,14,0
ST00959,Lipika Gole,TS298,Male,9,84.6,88,84,84,Medium,11.8,Yes,Primary,25,0
ST00960,Naveen Sharaf,TS297,Female,8,90.7,86,72,80,Low,8.4,No,Primary,13,0
ST00961,Garima Gandhi,TS093,Female,9,66.3,56,55,62,Medium,6.6,No,Graduate,22,1
ST00962,Ucchal Suri,TS461,Male,7,48.1,46,53,45,High,10.6,Yes,Primary,22,1
ST00963,Yagnesh Sethi,TS095,Male,9,93.4,95,96,79,Low,6.3,Yes,None,24,0
ST00964,Vanya Sangha,TS410,Male,9,57.5,59,43,45,Low,4.5,No,None,11,1
ST00965,Anirudh Brar,TS439,Male,9,61.3,63,58,67,Low,0.9,Yes,Graduate,15,1
ST00966,Naksh Agrawal,TS239,Male,9,81.3,71,85,79,Medium,5.0,Yes,Graduate,4,0
ST00967,Charvi Mutti,TS180,Male,9,47.1,40,57,46,Medium,1.6,Yes,None,17,1
ST00968,Rayaan Bera,TS182,Female,6,67.8,63,63,63,Low,10.7,No,Secondary,20,1
ST00969,Nilima Warrior,TS064,Female,10,76.9,84,64,82,Medium,7.4,Yes,Graduate,18,0
ST00970,Vasana Bhatti,TS437,Female,6,86.9,73,85,93,Low,2.7,Yes,Secondary,24,0
ST00971,Yadavi Dass,TS319,Female,10,55.4,59,57,55,Low,8.3,Yes,Secondary,9,1
ST00972,Devansh Parmer,TS014,Female,9,80.6,80,86,80,Low,6.4,Yes,Primary,12,0
ST00973,Meera Ghose,TS183,Male,6,86.3,68,67,83,Medium,10.2,No,Primary,22,0
ST00974,Yachana Kota,TS087,Female,9,74.1,81,73,80,High,10.5,Yes,Secondary,14,0
ST00975,Azaan Brahmbhatt,TS336,Female,9,96.3,93,99,94,Low,1.8,Yes,Secondary,21,0
ST00976,Frado Ganesan,TS036,Female,10,59.7,63,61,49,Medium,0.7,No,Primary,12,0
ST00977,Aarnav Raman,TS025,Female,7,87.3,75,75,86,Medium,7.4,Yes,Secondary,20,0
ST00978,Zaitra Aurora,TS008,Female,7,90.4,82,89,94,Low,10.0,Yes,Secondary,13,0
ST00979,Edhitha Sengupta,TS098,Female,7,86.8,87,80,68,Low,5.9,No,Primary,10,0
ST00980,Rayaan Chandran,TS458,Female,8,70.9,60,70,73,Medium,3.3,No,None,13,0
ST00981,Nimrat Badal,TS490,Male,7,48.9,44,44,49,High,4.5,No,Primary,8,1
ST00982,Raagini Rajagopal,TS318,Female,10,75.3,78,65,69,Medium,6.1,Yes,None,15,0
ST00983,Rajata Sahni,TS287,Female,10,46.7,39,57,53,Low,6.1,Yes,Primary,16,1
ST00984,Ryan Bawa,TS138,Male,6,45.7,52,54,45,Medium,3.2,Yes,Primary,25,1
ST00985,Jairaj Chada,TS394,Female,10,50.9,43,58,46,Medium,6.2,Yes,Primary,20,1
ST00986,Yutika Bail,TS021,Male,8,49.4,40,46,54,Low,10.5,Yes,Primary,0,1
ST00987,Bahadurjit Bobal,TS351,Female,9,82.5,85,83,87,Low,5.5,Yes,Primary,17,0
ST00988,Abhimanyu Raj,TS351,Female,6,85.1,91,87,75,Low,10.1,Yes,Secondary,1,0
ST00989,Pranit Lanka,TS112,Male,6,60.4,50,53,55,Low,11.6,Yes,None,9,1
ST00990,Abeer Oza,TS423,Female,10,69.0,75,77,65,Medium,6.1,Yes,Secondary,29,1
ST00991,Lakshit Karan,TS186,Female,7,69.3,74,76,72,Low,4.4,Yes,Secondary,7,1
ST00992,Raagini Kade,TS077,Female,6,93.1,88,80,97,Medium,10.6,Yes,Primary,28,0
ST00993,Netra Lall,TS034,Female,6,83.5,89,72,71,Low,8.7,Yes,Graduate,10,0
ST00994,Aadhya Bhatti,TS356,Male,7,68.7,63,66,66,Medium,3.8,Yes,Graduate,19,1
ST00995,Indali Jhaveri,TS452,Male,6,81.0,81,78,73,High,3.6,Yes,Graduate,19,0
ST00996,Rushil Dugal,TS476,Female,7,56.4,44,43,42,Low,5.1,No,Secondary,26,1
ST00997,Lopa Tata,TS107,Male,8,91.0,91,95,85,Low,6.6,Yes,Secondary,9,0
ST00998,Netra Dey,TS442,Female,7,59.3,60,63,49,Low,3.1,Yes,Graduate,17,1
ST00999,Osha Shere,TS239,Male,10,67.8,73,73,66,Medium,6.0,Yes,Primary,30,1
ST01000,Lohit Morar,TS073,Male,10,77.0,75,83,81,Low,10.6,Yes,Primary,11,0
ST01001,Azad Nagarajan,TS098,Female,8,48.4,38,52,41,Low,0.6,Yes,None,12,1
ST01002,Manan Cheema,TS164,Female,10,84.7,66,75,84,Low,6.8,No,Secondary,11,0
ST01003,Ekaraj Gala,TS128,Male,6,64.9,57,60,56,Medium,5.0,Yes,None,19,1
ST01004,Chaitaly Chander,TS179,Male,7,92.8,95,92,91,High,9.1,Yes,Primary,13,0
ST01005,Gayathri Pal,TS128,Male,7,82.6,72,80,77,Medium,4.9,Yes,Secondary,30,0
ST01006,Lohit Balay,TS041,Female,10,86.0,90,90,72,Low,9.6,Yes,Secondary,24,1
ST01007,Eesha Mahal,TS336,Male,8,85.9,84,74,74,Low,8.8,Yes,None,2,0
ST01008,Ekapad Kothari,TS249,Male,9,56.1,45,46,65,Medium,4.0,Yes,Secondary,13,0
ST01009,Dipta Manne,TS471,Female,6,80.8,69,87,81,Low,6.2,Yes,Primary,16,0
ST01010,Quincy Bala,TS376,Male,6,64.5,55,55,54,Low,10.2,Yes,Secondary,22,1
ST01011,Pranav Nair,TS137,Male,6,61.0,68,57,56,Low,9.2,Yes,Graduate,2,1
ST01012,Jason Saini,TS130,Female,7,67.4,71,59,74,Medium,3.4,Yes,Primary,10,0
ST01013,Anya Bahl,TS432,Female,10,62.0,62,65,58,Medium,11.4,Yes,Graduate,13,0
ST01014,Harish Chhabra,TS342,Male,6,70.3,70,66,64,Low,8.6,Yes,None,12,0
ST01015,Yashvi Srinivas,TS159,Female,7,81.6,72,87,84,Medium,2.6,Yes,Graduate,6,0
ST01016,Gaurang Bail,TS499,Male,9,54.7,63,52,50,High,6.1,No,Primary,6,0
ST01017,Ekbal Nigam,TS340,Male,8,84.0,75,95,88,High,10.5,Yes,Primary,24,0
ST01018,Ubika Luthra,TS144,Female,7,74.8,62,62,70,Medium,1.8,Yes,None,8,0
ST01019,Edhitha Gandhi,TS274,Male,10,94.6,87,90,97,Medium,10.7,Yes,Primary,16,0
ST01020,Yauvani Srinivasan,TS301,Male,10,46.0,41,31,41,Medium,8.8,No,Secondary,5,1
ST01021,Meghana Modi,TS032,Male,8,84.4,89,88,80,Low,6.9,Yes,Secondary,11,0
ST01022,Ira Patla,TS493,Male,10,55.4,51,44,47,Low,7.0,Yes,Primary,3,1
ST01023,Ati Guha,TS175,Male,9,88.1,79,80,78,Medium,11.0,Yes,Graduate,3,0
ST01024,Arya Mitra,TS230,Male,10,61.3,51,64,57,Medium,7.2,No,Secondary,12,1
ST01025,Urishilla Bajwa,TS004,Female,8,60.9,53,59,49,Medium,9.8,No,Primary,0,1
ST01026,Omaja Menon,TS464,Male,9,50.6,65,63,45,High,1.4,Yes,Primary,3,0
ST01027,Yutika Arya,TS365,Male,8,45.1,31,38,32,Low,5.2,No,Primary,29,1
ST01028,Amaira Ranganathan,TS003,Male,9,82.2,78,88,91,High,6.0,Yes,Primary,20,0
ST01029,Joshua Shere,TS498,Male,6,46.8,32,50,50,Medium,9.9,No,Graduate,23,1
ST01030,Harshil Buch,TS420,Female,9,48.3,52,49,53,Medium,8.5,Yes,Primary,24,1
ST01031,Lopa Sarkar,TS305,Female,6,69.8,71,75,69,Medium,11.5,Yes,Secondary,21,1
ST01032,Vasatika Sami,TS207,Female,7,71.0,75,65,83,High,3.3,Yes,Primary,19,0
ST01033,Divya Dhar,TS209,Male,6,49.0,44,43,35,Low,5.9,No,Primary,13,1
ST01034,Rushil Brahmbhatt,TS035,Female,8,46.8,45,45,37,Low,2.9,No,Secondary,9,1
ST01035,Charan Goel,TS069,Female,6,47.3,38,47,49,Low,5.8,Yes,Primary,27,1
ST01036,Yashawini Chad,TS006,Male,6,55.6,55,53,46,Medium,5.2,Yes,Graduate,28,1
ST01037,Vivaan Gala,TS195,Male,8,96.1,85,96,85,Low,3.7,Yes,Secondary,19,0
ST01038,Vanya Malhotra,TS214,Female,8,73.6,72,67,78,Medium,1.2,Yes,Secondary,29,0
ST01039,Amrita Minhas,TS169,Male,7,97.5,82,91,82,Low,11.8,Yes,None,2,0
ST01040,Ekbal Apte,TS083,Male,6,66.4,61,55,61,Medium,11.0,Yes,Secondary,3,0
ST01041,Oviya Mall,TS280,Male,9,73.0,79,62,62,Low,10.4,Yes,Primary,12,0
ST01042,Naveen Sathe,TS369,Female,10,69.1,66,61,58,Medium,3.9,Yes,Primary,11,0
ST01043,Samuel Chandra,TS444,Male,8,52.8,62,58,47,Low,6.5,Yes,Graduate,0,1
ST01044,Harini Mohanty,TS021,Male,9,49.7,47,40,59,Medium,0.9,Yes,Primary,20,1
ST01045,Wriddhish Kashyap,TS356,Male,9,54.8,55,51,62,Low,8.7,Yes,Secondary,23,1
ST01046,Hemani Suri,TS167,Male,6,96.8,83,90,97,Medium,1.5,Yes,Primary,25,0
ST01047,Faraj Oommen,TS335,Male,6,76.4,65,65,77,Medium,2.5,No,Primary,27,0
ST01048,Maya Kota,TS489,Female,9,72.9,73,65,61,Medium,9.5,Yes,Primary,14,0
ST01049,Abhiram Shanker,TS282,Male,8,59.2,48,51,63,Low,11.2,Yes,Secondary,28,1
ST01050,Ekta Rattan,TS053,Male,7,63.3,62,65,60,Low,3.4,No,Primary,7,1
ST01051,Jyoti Choudhary,TS163,Female,8,55.6,46,65,61,Medium,3.0,Yes,Secondary,0,0
ST01052,Charles Mukhopadhyay,TS039,Female,10,54.0,59,45,57,Medium,1.3,Yes,None,2,0
ST01053,Gavin Kibe,TS407,Female,10,80.4,81,78,88,High,9.3,Yes,None,6,0
ST01054,Zarna Dara,TS103,Male,7,53.4,46,50,61,Low,8.7,Yes,Secondary,4,1
ST01055,Gavin Walla,TS454,Male,6,47.6,47,41,45,Low,7.6,Yes,Secondary,18,1
ST01056,Baljiwan Choudhary,TS006,Male,7,49.8,38,51,47,Medium,10.1,No,Secondary,21,1
ST01057,Tripti Vohra,TS112,Female,8,45.5,37,46,42,Low,0.9,No,Primary,12,1
ST01058,Ishani Sant,TS340,Female,6,52.2,47,41,42,Low,2.5,No,Primary,22,1
ST01059,Zaid Dasgupta,TS477,Female,7,45.6,42,34,46,Medium,11.5,No,Graduate,1,1
ST01060,Hemang Mistry,TS124,Female,7,47.9,48,58,42,Low,9.7,Yes,Secondary,27,1
ST01061,Yashica Rao,TS384,Female,8,96.2,95,97,81,Medium,9.2,Yes,Primary,22,0
ST01062,George Sangha,TS001,Female,9,59.8,58,54,52,Low,5.6,Yes,Secondary,10,1
ST01063,Gautam Gupta,TS312,Female,8,72.5,78,76,78,High,11.0,Yes,Graduate,12,0
ST01064,Ranbir Pandya,TS037,Male,9,52.3,48,45,50,Low,1.6,Yes,Primary,17,1
ST01065,Mekhala Yohannan,TS213,Female,9,80.5,81,76,67,Medium,7.9,Yes,Secondary,2,0
ST01066,Chandani Mandal,TS128,Female,10,72.9,80,72,74,Low,3.9,Yes,Secondary,24,0
ST01067,Bhavini Narayanan,TS215,Female,8,85.8,78,83,74,Low,3.7,No,Primary,1,0
ST01068,Udant Gopal,TS168,Female,7,54.7,45,49,52,Medium,11.0,No,Primary,30,1
ST01069,Triya Apte,TS094,Male,7,97.9,87,85,90,Medium,7.6,Yes,Primary,16,0
ST01070,Tanish Nigam,TS059,Female,9,45.4,45,53,54,High,10.7,Yes,Primary,11,0
ST01071,Krish Kapoor,TS500,Male,8,56.6,62,45,50,Low,6.1,Yes,Primary,8,1
ST01072,Jagat Balay,TS103,Female,8,49.1,53,43,46,Medium,5.6,Yes,Primary,20,1
ST01073,Ekaraj Rege,TS354,Female,8,45.3,39,38,40,Low,2.1,Yes,Primary,17,1
ST01074,Hritik Dey,TS005,Female,6,58.5,65,49,57,Low,11.7,Yes,Primary,23,1
ST01075,Yutika Radhakrishnan,TS346,Female,9,59.6,50,52,56,Medium,11.6,Yes,None,25,1
ST01076,Keya Ben,TS075,Male,10,85.7,81,83,87,Low,8.3,No,Secondary,13,0
ST01077,Pratyush Salvi,TS254,Male,8,46.9,57,44,46,Medium,8.1,Yes,Primary,29,1
ST01078,Chakrika Varma,TS259,Female,7,90.9,79,79,74,Low,10.2,No,Graduate,28,1
ST01079,Ishaan Wadhwa,TS153,Male,9,57.0,54,46,50,Low,3.2,Yes,None,4,1
ST01080,Zinal Som,TS370,Male,10,94.5,88,97,85,Low,9.6,Yes,Primary,6,0
ST01081,Anusha Patil,TS440,Male,7,95.6,88,93,95,Medium,11.5,Yes,None,24,0
ST01082,Harini Zacharia,TS219,Female,7,86.2,81,80,73,Low,7.3,Yes,Secondary,27,1
ST01083,Ojas Chacko,TS275,Female,6,49.7,54,58,51,Low,6.2,Yes,None,15,1
ST01084,Lakshmi Dhawan,TS396,Male,7,91.5,91,94,81,Medium,8.2,Yes,Secondary,8,0
ST01085,Riya Nagy,TS160,Female,9,67.8,66,76,62,Low,9.4,Yes,Primary,26,1
ST01086,Nikita Kaul,TS190,Female,6,46.2,49,36,45,Low,5.2,Yes,Primary,2,1
ST01087,Ansh Purohit,TS442,Male,8,50.6,52,57,45,Low,9.4,Yes,Graduate,2,1
ST01088,Sai Bhatt,TS138,Male,10,74.2,73,81,74,Medium,11.6,Yes,Primary,15,0
ST01089,Barkha Ratta,TS011,Male,10,58.5,59,44,46,Low,0.6,No,None,1,1
ST01090,Hardik Natt,TS285,Male,6,50.3,39,55,50,Low,6.3,No,None,14,1
ST01091,Bakhshi Mammen,TS061,Male,7,92.1,83,84,84,Low,6.5,Yes,Primary,14,0
ST01092,Bhavani Prasad,TS214,Male,9,96.1,90,84,92,High,7.2,No,Secondary,10,0
ST01093,Lajita Rana,TS002,Female,6,80.0,85,68,77,Low,2.5,Yes,Primary,30,0
ST01094,Tanvi Karan,TS052,Female,7,81.4,72,77,82,Low,10.7,Yes,None,1,0
ST01095,Krishna Nori,TS048,Male,6,78.6,69,84,77,Medium,10.2,Yes,Secondary,28,0
ST01096,Bhavini Sane,TS478,Female,7,46.7,49,50,41,Medium,11.0,Yes,Secondary,29,1
ST01097,Madhavi Amble,TS053,Male,6,94.2,98,91,84,Low,8.6,Yes,Secondary,16,1
ST01098,Urvi Merchant,TS015,Female,8,86.0,79,80,90,High,10.6,Yes,Secondary,9,0
ST01099,Warhi Chandran,TS086,Male,10,55.3,46,44,64,Medium,5.9,Yes,None,24,1
ST01100,Krisha Menon,TS447,Male,10,72.9,69,74,67,High,8.0,Yes,Primary,19,0
ST01101,Jonathan Bedi,TS267,Male,7,74.0,76,81,72,Low,6.7,Yes,None,15,0
ST01102,Siya Chakraborty,TS426,Female,6,54.5,59,51,61,High,1.7,Yes,None,8,0
ST01103,Hiral Varghese,TS354,Female,8,62.9,59,63,60,Low,11.7,Yes,Graduate,13,1
ST01104,Tripti Varty,TS083,Female,6,83.9,88,86,80,Medium,4.2,Yes,Secondary,2,0
ST01105,Siddharth Ramakrishnan,TS038,Female,7,46.5,43,41,36,Medium,6.3,Yes,Primary,24,1
ST01106,Watika Munshi,TS453,Male,7,71.4,60,66,69,Medium,2.8,Yes,Secondary,14,0
ST01107,Dev Chandra,TS223,Male,9,59.7,65,50,54,Low,10.9,Yes,Secondary,16,1
ST01108,Ekiya Sem,TS022,Male,7,47.1,42,41,57,Low,0.9,Yes,Secondary,24,1
ST01109,Ekavir Bobal,TS455,Male,8,83.6,77,78,88,Medium,11.4,Yes,None,5,0
ST01110,Harshil Tank,TS346,Female,6,80.3,79,81,72,Low,11.7,Yes,Primary,20,1
ST01111,Daniel Chaudry,TS491,Female,10,73.7,71,64,66,Low,7.5,No,Secondary,1,0
ST01112,Waida Bhatt,TS216,Male,7,71.7,65,59,60,Low,10.8,No,Primary,0,0
ST01113,Naveen Atwal,TS225,Male,10,63.2,61,65,54,Medium,11.5,Yes,None,10,0
ST01114,Ekta Sachdeva,TS293,Male,8,57.5,61,58,64,High,11.2,Yes,Secondary,14,0
ST01115,Chakradev Chauhan,TS430,Male,6,75.8,68,62,62,Low,8.0,No,Primary,22,1
ST01116,Noah Bhattacharyya,TS416,Female,6,83.5,90,75,81,Medium,12.0,Yes,Secondary,28,0
ST01117,Jeevika More,TS163,Female,7,90.1,93,85,95,Medium,2.2,Yes,Secondary,21,0
ST01118,Udant Naidu,TS469,Male,9,49.6,49,59,44,Medium,6.2,Yes,Primary,3,0
ST01119,Gavin Soman,TS490,Female,8,86.1,81,76,86,Low,11.6,Yes,Secondary,16,1
ST01120,Farhan Kar,TS097,Female,8,80.2,77,81,81,Medium,10.2,Yes,Primary,24,0
ST01121,Nimrat Buch,TS349,Female,8,70.1,70,55,72,Low,8.9,No,Graduate,11,0
ST01122,Harsh Amble,TS378,Female,9,78.9,72,84,74,Low,8.1,Yes,Graduate,20,1
ST01123,Onveer Raju,TS127,Female,6,46.2,44,42,46,Medium,7.8,Yes,Secondary,6,1
ST01124,Nihal Bhatt,TS428,Male,10,54.2,43,58,46,Low,10.5,Yes,Graduate,5,1
ST01125,Arjun Warrior,TS215,Male,6,94.8,76,88,86,Medium,11.1,No,Secondary,12,0
ST01126,Xavier Hayre,TS126,Male,7,55.2,56,50,58,Low,11.7,No,Secondary,3,1
ST01127,Warda Pandit,TS364,Female,7,69.4,74,60,65,Medium,8.3,Yes,Graduate,14,0
ST01128,Upkaar Khosla,TS238,Female,8,46.0,50,58,61,High,8.4,Yes,Secondary,2,0
ST01129,Lucky Sarin,TS230,Male,10,76.2,71,66,80,Medium,6.5,Yes,Secondary,9,0
ST01130,Odika Sur,TS460,Female,8,72.0,65,76,78,Medium,1.8,Yes,None,7,0
ST01131,Harita Nair,TS128,Male,8,94.2,81,93,85,Medium,3.7,Yes,Primary,23,0
ST01132,Laban Tank,TS093,Female,9,80.8,65,69,65,Low,11.0,No,Primary,13,0
ST01133,Peter Uppal,TS453,Female,10,71.6,59,72,67,Medium,9.6,No,Secondary,7,0
ST01134,Udarsh Chand,TS427,Male,9,74.4,86,86,77,High,3.9,Yes,Primary,12,0
ST01135,Mugdha Khalsa,TS352,Male,7,86.6,91,78,79,Low,8.5,Yes,Secondary,26,1
ST01136,Eshana Mittal,TS157,Female,10,58.3,57,57,55,Medium,3.7,Yes,Secondary,11,0
ST01137,Chandani Nayak,TS391,Female,7,70.1,60,75,59,Low,1.8,Yes,Primary,24,0
ST01138,Keya Lanka,TS129,Female,7,59.2,49,57,60,Low,9.2,No,Graduate,1,1
ST01139,Robert Ben,TS139,Male,9,53.5,61,54,44,Medium,0.7,Yes,Graduate,22,1
ST01140,Vidhi Viswanathan,TS324,Female,10,91.8,84,83,82,Medium,8.0,Yes,Primary,1,0
ST01141,Kritika Ravel,TS403,Female,9,89.6,76,77,78,Medium,7.9,Yes,Graduate,26,0
ST01142,Udarsh More,TS055,Female,6,54.0,60,56,51,Low,0.7,Yes,None,13,1
ST01143,Chaman Balan,TS257,Male,10,82.4,88,84,76,Medium,7.7,Yes,Primary,22,0
ST01144,Chanakya Jayaraman,TS178,Female,10,54.6,46,45,51,Low,5.8,Yes,Primary,23,1
ST01145,Kala Wali,TS122,Female,10,65.0,65,61,67,Medium,2.0,No,None,18,1
ST01146,Bishakha Narayan,TS380,Female,10,62.0,67,58,63,Low,4.9,Yes,None,11,1
ST01147,Teerth Gade,TS256,Female,9,69.1,59,68,64,Medium,4.3,Yes,Primary,3,0
ST01148,Ekantika Lal,TS418,Female,8,64.3,68,62,65,High,0.8,Yes,Secondary,8,0
ST01149,Karan Rattan,TS111,Female,6,75.4,71,76,79,Low,9.8,Yes,Graduate,9,0
ST01150,Jatin Varkey,TS390,Male,10,93.7,86,83,91,Medium,9.8,Yes,Secondary,25,0
ST01151,Faraj Mannan,TS154,Male,8,78.7,74,81,83,Medium,9.4,Yes,None,12,0
ST01152,Ranveer Tara,TS457,Male,9,45.3,41,54,41,High,1.7,Yes,Graduate,9,1
ST01153,Alka Virk,TS477,Female,6,89.1,78,79,81,Medium,5.4,Yes,Secondary,14,0
ST01154,Mahika Pandey,TS035,Male,8,84.2,86,74,81,Medium,11.0,Yes,None,28,0
ST01155,Ishwar Mannan,TS001,Female,9,70.0,65,72,60,Medium,2.3,No,Primary,19,0
ST01156,Teerth Virk,TS109,Female,6,87.3,78,88,90,Medium,6.9,Yes,Secondary,18,0
ST01157,Zaitra Mukherjee,TS076,Female,6,95.0,83,87,84,Medium,2.2,Yes,Primary,14,0
ST01158,Sanya Sunder,TS042,Male,8,75.0,76,71,73,Low,7.3,Yes,Secondary,4,0
ST01159,Yachana Parikh,TS471,Female,6,94.9,99,98,93,Medium,7.7,Yes,Secondary,1,0
ST01160,Avi Karan,TS491,Male,8,68.1,78,77,68,High,0.9,Yes,Primary,26,1
ST01161,Netra Aurora,TS041,Male,7,73.5,76,69,62,Low,9.4,Yes,Secondary,4,0
ST01162,Chavvi Desai,TS300,Female,6,62.4,61,58,62,Low,3.0,Yes,Primary,1,1
ST01163,Aarush Anand,TS035,Male,6,62.6,64,62,64,Low,5.8,Yes,Primary,12,1
ST01164,Aashi Doctor,TS460,Male,8,86.0,84,88,77,Low,6.8,Yes,Secondary,6,0
ST01165,Nikita Bala,TS142,Female,9,85.4,79,83,78,Low,10.2,Yes,Primary,13,0
ST01166,Bhavini Hari,TS466,Female,10,51.1,50,48,45,Low,2.1,Yes,Primary,21,1
ST01167,Panini Das,TS497,Male,7,53.4,43,45,62,Low,11.3,Yes,Primary,6,1
ST01168,Janani Bala,TS218,Female,9,71.8,72,60,68,Medium,10.0,No,Secondary,1,0
ST01169,Yashawini Sane,TS056,Female,10,60.9,61,58,55,Medium,0.7,Yes,Primary,25,1
ST01170,Ekantika Dani,TS181,Female,7,75.7,70,68,71,Low,1.4,Yes,Secondary,6,0
ST01171,Hemangini Buch,TS006,Male,9,53.9,55,47,52,Medium,8.3,Yes,Primary,16,1
ST01172,Guneet Devan,TS294,Male,9,46.4,46,44,54,Low,7.8,Yes,Secondary,23,1
ST01173,Neelima Deshpande,TS207,Male,9,91.7,82,80,89,Medium,11.6,Yes,Primary,26,0
ST01174,Farhan Issac,TS114,Male,7,79.8,74,69,76,Medium,7.3,No,Graduate,25,0
ST01175,Eshana Wason,TS062,Male,9,77.5,72,84,67,Medium,4.4,Yes,Secondary,13,0
ST01176,Hitesh Parekh,TS181,Male,10,71.3,72,83,80,High,3.2,Yes,Primary,10,0
ST01177,Nitesh Srivastava,TS219,Male,8,46.6,45,50,52,Medium,7.5,Yes,Secondary,10,0
ST01178,Yauvani Banerjee,TS380,Female,8,60.8,69,52,50,Medium,5.5,Yes,Secondary,23,1
ST01179,Geetika Narayan,TS407,Male,9,67.6,63,55,66,Medium,2.0,Yes,Graduate,11,0
ST01180,Avni Sule,TS265,Male,9,86.3,89,82,75,Medium,8.8,Yes,Graduate,5,0
ST01181,Hema Sampath,TS451,Male,6,67.8,76,78,76,High,5.9,Yes,Graduate,18,1
ST01182,Saksham Sabharwal,TS450,Female,6,79.7,75,85,71,Low,1.5,Yes,Secondary,7,0
ST01183,Manbir Rai,TS126,Female,9,86.0,77,74,88,Medium,8.9,Yes,Primary,8,0
ST01184,Vamakshi Rama,TS346,Male,9,97.6,88,96,86,High,10.2,No,Primary,30,0
ST01185,Nimrat Mandal,TS154,Male,8,64.0,55,60,59,Medium,5.2,Yes,None,9,0
ST01186,Chameli Vig,TS212,Male,7,51.2,43,43,52,Low,3.0,Yes,Primary,23,1
ST01187,Manan Bal,TS373,Male,10,57.7,65,57,59,Low,6.6,Yes,None,16,1
ST01188,Rayaan Khalsa,TS069,Female,9,74.5,68,77,67,Low,2.8,Yes,None,18,0
ST01189,Ayush Ravel,TS355,Female,8,45.4,55,54,49,Low,5.1,Yes,Primary,4,1
ST01190,Daksh Madan,TS271,Male,8,81.2,71,88,72,Low,4.2,Yes,Primary,24,0
ST01191,Manya Dalal,TS056,Male,9,91.2,88,85,85,High,4.4,Yes,None,30,0
ST01192,Waida Muni,TS289,Female,10,77.4,68,75,74,Low,3.6,Yes,Graduate,20,0
ST01193,Zarna Seshadri,TS343,Male,9,51.9,54,59,54,Low,6.4,Yes,Primary,9,1
ST01194,Wahab Kothari,TS019,Female,9,60.9,73,58,61,High,3.4,Yes,Secondary,2,0
ST01195,Dalaja Gaba,TS022,Female,9,63.5,57,70,71,Low,3.6,Yes,None,11,1
ST01196,Ridhi Buch,TS154,Female,8,84.0,81,86,84,Medium,3.2,Yes,Primary,25,0
ST01197,Frederick Dyal,TS018,Female,6,83.0,71,82,77,Medium,2.6,Yes,Secondary,8,0
ST01198,Amaira Trivedi,TS410,Female,9,95.8,99,87,92,Medium,1.5,Yes,Secondary,12,0
ST01199,Veer Guha,TS266,Male,6,58.0,64,49,56,Low,1.3,Yes,Primary,18,1
ST01200,Lekha Manne,TS409,Female,6,66.8,73,70,64,Medium,7.0,Yes,Primary,2,0
ST01201,Kashish Chadha,TS225,Female,10,58.4,61,47,51,Low,2.6,Yes,Primary,15,1
ST01202,Arjun Rastogi,TS138,Male,9,77.2,77,68,84,Low,2.5,Yes,Secondary,23,0
ST01203,Qadim Bhat,TS492,Female,9,50.8,51,39,41,Low,6.0,No,Graduate,19,1
ST01204,Bakhshi Chokshi,TS288,Male,9,55.9,49,63,65,Low,8.0,Yes,Secondary,0,1
ST01205,Garima Memon,TS486,Female,6,63.7,66,64,55,Medium,11.3,Yes,None,24,1
ST01206,Hitesh Ray,TS103,Female,10,96.2,88,94,86,Low,6.6,Yes,Secondary,30,0
ST01207,Qadim Khanna,TS428,Female,7,69.7,67,77,62,Low,10.6,Yes,Primary,20,1
ST01208,Balveer Goswami,TS133,Male,8,97.7,99,99,83,Medium,6.3,Yes,Primary,7,0
ST01209,Zinal Cheema,TS206,Female,10,96.9,78,84,81,Medium,1.5,No,Graduate,28,0
ST01210,Amara Narayan,TS069,Female,6,80.9,74,86,77,Low,9.7,Yes,Primary,29,1
ST01211,Xalak Mistry,TS218,Female,8,82.1,70,71,65,Medium,3.5,No,Secondary,9,0
ST01212,Vasudha Salvi,TS299,Female,9,88.6,84,90,85,High,7.7,No,Graduate,11,0
ST01213,Oviya Kothari,TS348,Male,10,67.1,76,61,70,High,11.2,Yes,Graduate,4,0
ST01214,Chaitaly Ganguly,TS293,Male,7,92.4,90,74,82,Medium,8.5,No,Secondary,22,0
ST01215,Vasudha Mittal,TS229,Male,9,84.1,89,87,72,Medium,9.3,Yes,Graduate,19,0
ST01216,Qadim Jain,TS215,Male,6,48.7,40,43,58,Low,4.6,Yes,Primary,24,1
ST01217,Ekbal Mani,TS266,Female,7,67.8,57,65,68,Medium,8.9,Yes,Primary,10,0
ST01218,Madhav Varkey,TS120,Male,9,55.5,55,62,51,Low,9.1,Yes,Primary,21,1
ST01219,Gavin Balay,TS251,Male,10,46.1,42,54,41,High,4.4,Yes,None,30,1
ST01220,Zashil Lata,TS360,Male,7,58.1,66,64,49,Low,6.2,Yes,Primary,16,1
ST01221,Rachana Dass,TS457,Male,6,69.4,59,63,70,Medium,6.3,Yes,None,24,1
ST01222,Gaurangi Konda,TS315,Male,6,52.3,42,53,46,Medium,3.2,Yes,Graduate,1,1
ST01223,Pratyush Kapadia,TS032,Male,10,84.5,79,79,83,Medium,3.2,Yes,Secondary,27,0
ST01224,Yagnesh Arora,TS466,Male,9,93.0,99,86,99,High,7.7,Yes,Primary,12,0
ST01225,Qasim Dara,TS188,Male,7,58.6,59,56,54,Medium,6.8,Yes,Primary,7,0
ST01226,Daksha Shenoy,TS041,Male,10,62.6,64,57,67,Medium,3.4,Yes,Primary,7,0
ST01227,Triya Sen,TS458,Female,6,46.8,61,57,57,High,2.7,Yes,Secondary,24,1
ST01228,Daksh Sem,TS182,Male,9,49.0,56,53,47,Medium,11.6,Yes,Secondary,4,0
ST01229,Zarna Koshy,TS111,Female,10,60.1,50,55,54,Medium,5.9,Yes,Graduate,23,1
ST01230,Saumya Mukherjee,TS364,Female,9,54.7,48,51,55,Low,5.9,Yes,None,5,1
ST01231,Ekaja Golla,TS329,Male,8,79.2,82,85,75,Low,11.1,Yes,Graduate,4,0
ST01232,Vedika Arora,TS319,Male,10,77.2,75,79,76,Medium,10.0,Yes,Primary,16,0
ST01233,Lila Dua,TS057,Female,9,80.9,68,71,69,Low,11.9,Yes,Primary,30,1
ST01234,Isha Kothari,TS339,Female,7,94.3,80,96,96,High,2.2,No,Graduate,12,0
ST01235,Neelima Badami,TS034,Male,6,50.8,49,39,45,Low,4.8,No,None,26,1
ST01236,Girish Mukhopadhyay,TS315,Male,10,81.8,74,69,87,Low,9.4,Yes,Secondary,5,0
ST01237,Bhavika Bhatnagar,TS079,Male,9,49.4,48,51,53,Medium,5.5,Yes,Primary,19,1
ST01238,Oeshi Bhagat,TS015,Male,6,62.2,51,55,54,Low,9.8,No,Primary,2,1
ST01239,Max Prabhakar,TS114,Male,9,53.0,45,58,58,Medium,8.0,Yes,None,30,1
ST01240,Matthew Dave,TS230,Male,7,72.3,60,74,68,Medium,3.0,Yes,Secondary,5,0
ST01241,Pranav Sathe,TS353,Male,8,50.7,43,54,44,Low,3.6,Yes,Secondary,5,1
ST01242,Sanya Muni,TS170,Male,9,61.6,50,65,62,Low,3.3,Yes,Graduate,7,1
ST01243,Libni Rout,TS299,Female,6,51.5,41,51,41,Low,5.3,Yes,Graduate,19,1
ST01244,Rajeshri Bera,TS169,Female,8,76.2,81,72,78,Low,2.4,Yes,Primary,8,0
ST01245,Utkarsh Dhingra,TS422,Female,7,82.2,75,68,69,Low,3.1,Yes,Primary,3,0
ST01246,Shaurya Kamdar,TS205,Male,8,70.3,70,70,68,Low,5.0,Yes,Secondary,18,0
ST01247,Ekaja Sandal,TS250,Male,10,80.8,77,79,80,High,10.1,Yes,Primary,8,0
ST01248,Chatura Batta,TS443,Male,8,54.7,54,49,57,Low,9.8,No,None,21,1
ST01249,Raksha Edwin,TS023,Female,7,45.7,43,47,43,High,3.2,Yes,Secondary,11,1
ST01250,Aayush Sawhney,TS480,Male,8,85.1,88,88,88,High,0.6,Yes,Secondary,16,0
ST01251,Alexander Ghosh,TS091,Male,10,72.2,65,55,66,Low,11.9,No,Graduate,12,0
ST01252,David Kohli,TS407,Female,6,95.4,99,95,84,Medium,5.0,Yes,None,14,0
ST01253,Banjeet Kapur,TS103,Male,9,79.5,83,72,76,High,11.9,Yes,Secondary,17,0
ST01254,Jagrati Nanda,TS417,Female,8,54.6,53,62,51,Medium,10.6,Yes,Primary,16,1
ST01255,Mekhala Savant,TS433,Male,10,86.2,89,86,84,Low,3.4,Yes,Primary,0,0
ST01256,Daksh Dalal,TS374,Female,8,65.5,63,63,68,High,0.6,Yes,Secondary,13,0
ST01257,Imaran Bhat,TS268,Female,10,62.9,58,55,63,Low,11.3,Yes,Graduate,9,1
ST01258,Inaya Pall,TS118,Female,10,82.6,76,72,80,Medium,5.9,Yes,Graduate,28,0
ST01259,Harinakshi Mann,TS099,Male,9,97.0,78,78,77,Medium,5.5,No,None,16,0
ST01260,Chaaya Doshi,TS496,Male,6,94.6,89,96,89,Low,2.0,Yes,Secondary,27,0
ST01261,Yoshita Nagi,TS153,Female,7,94.8,98,90,97,Low,10.5,Yes,Primary,29,1
ST01262,Amruta Krish,TS343,Male,6,60.9,63,59,51,Medium,3.3,No,Secondary,28,1
ST01263,Bhavini Thaman,TS029,Male,6,63.8,65,53,70,Low,3.6,Yes,Primary,15,1
ST01264,Ekta Prakash,TS028,Female,8,88.3,93,74,77,Low,7.0,Yes,Secondary,9,0
ST01265,Ridhi Bir,TS468,Female,6,83.0,78,76,85,Medium,7.0,Yes,Graduate,18,0
ST01266,Zaitra Modi,TS470,Male,6,96.8,99,91,92,Medium,6.5,Yes,Graduate,17,0
ST01267,Yochana Wali,TS336,Female,10,75.5,58,63,75,Medium,6.4,No,Primary,4,0
ST01268,Lopa Nagar,TS026,Male,6,92.4,81,83,92,Medium,11.3,Yes,Graduate,19,0
ST01269,Anmol Kala,TS432,Male,8,84.0,72,84,83,Medium,6.4,Yes,Secondary,5,0
ST01270,Nathaniel Kapur,TS015,Female,7,87.2,80,86,75,High,3.5,No,Secondary,30,0
ST01271,Dhruv Sethi,TS338,Male,6,58.3,44,54,51,Low,8.6,No,Secondary,21,1
ST01272,Bhavani Hora,TS065,Male,6,82.2,80,77,86,Medium,4.8,Yes,Primary,6,0
ST01273,Bhanumati Keer,TS262,Male,8,97.3,92,93,96,Low,5.5,Yes,Secondary,22,0
ST01274,Hritik Mangat,TS198,Female,9,87.1,92,76,75,Low,2.7,Yes,Secondary,5,0
ST01275,Daniel Shere,TS051,Female,8,50.2,49,48,55,Low,10.0,No,Graduate,30,1
ST01276,Jagrati Zacharia,TS044,Male,8,65.4,54,65,63,Low,6.5,Yes,Secondary,20,1
ST01277,Omaja Kanda,TS294,Male,10,95.2,84,88,98,Medium,8.4,Yes,Secondary,8,0
ST01278,Abdul Karnik,TS168,Male,10,57.6,59,55,57,Medium,8.7,Yes,Graduate,8,0
ST01279,Gagan Jha,TS240,Male,7,90.6,94,80,78,Medium,5.8,Yes,None,10,0
ST01280,Daniel Anand,TS309,Male,8,75.5,62,65,71,Low,1.0,Yes,Primary,8,0
ST01281,Balveer Ramaswamy,TS488,Male,8,91.2,85,79,86,Medium,0.5,No,None,3,0
ST01282,Vidhi Lalla,TS055,Male,8,87.3,89,85,91,Medium,0.9,Yes,Secondary,4,0
ST01283,Bahadurjit Patla,TS022,Female,7,57.0,60,59,46,Low,9.7,Yes,Primary,2,1
ST01284,Deepa Andra,TS346,Female,8,84.3,75,70,75,Low,2.6,Yes,Primary,22,0
ST01285,Ekavir Venkataraman,TS011,Female,10,97.3,94,90,92,Medium,8.5,Yes,Graduate,7,0
ST01286,Nisha Setty,TS387,Female,8,66.3,61,63,62,Low,0.6,Yes,Primary,15,1
ST01287,Praneel Kalita,TS118,Female,9,64.1,59,54,66,Low,0.7,Yes,Primary,15,1
ST01288,Anirudh Oza,TS049,Male,9,62.6,59,65,57,High,3.2,Yes,Primary,15,0
ST01289,Anvi Setty,TS372,Male,6,46.4,53,38,38,Medium,0.8,Yes,Primary,17,1
ST01290,Caleb Brahmbhatt,TS173,Male,10,51.0,51,48,46,Low,5.9,Yes,Graduate,9,1
ST01291,Bhavini Srinivasan,TS307,Male,8,83.2,87,85,75,Medium,9.1,Yes,Secondary,5,0
ST01292,Pratyush Sheth,TS436,Female,9,54.7,52,59,46,Medium,10.4,No,Secondary,2,1
ST01293,Harsh Kari,TS436,Male,8,84.7,81,71,86,Low,7.0,Yes,Secondary,19,0
ST01294,Benjamin Muni,TS162,Male,10,97.3,88,89,96,Low,7.1,Yes,Primary,1,0
ST01295,Vasudha Rama,TS475,Female,10,73.8,65,77,62,High,5.0,No,Secondary,10,0
ST01296,Nandini Nayak,TS477,Male,9,93.8,95,95,80,High,7.8,No,Primary,20,0
ST01297,Yatin Hayre,TS451,Female,7,57.4,51,62,51,Low,4.7,Yes,Primary,16,1
ST01298,Xavier Master,TS191,Male,6,58.1,57,59,55,Low,4.9,Yes,Secondary,3,1
ST01299,Zarna Ben,TS316,Female,8,48.6,52,49,44,High,5.0,No,None,30,1
ST01300,Arya Mahajan,TS187,Female,9,96.4,97,84,93,High,10.4,No,Secondary,18,0
ST01301,Noah Dubey,TS119,Female,10,78.5,79,72,68,Medium,6.9,Yes,Secondary,14,0
ST01302,Pahal Khare,TS144,Male,7,59.8,67,54,52,High,6.3,No,Primary,28,1
ST01303,Dev Sodhi,TS248,Male,7,72.7,77,77,66,Medium,5.0,Yes,Primary,5,0
ST01304,Gopal Lata,TS059,Female,9,88.1,93,82,91,Low,3.1,Yes,Secondary,28,0
ST01305,Harrison Mitter,TS266,Male,8,93.8,82,89,84,Medium,8.1,Yes,None,22,0
ST01306,Bhanumati Murty,TS100,Female,8,53.7,56,48,48,Medium,5.9,Yes,Graduate,25,1
ST01307,Tarak Dhillon,TS051,Female,10,76.7,79,64,59,Low,5.7,No,Secondary,4,0
ST01308,Imaran Amble,TS493,Female,8,46.7,52,52,41,Low,6.1,Yes,Secondary,12,1
ST01309,Dhruv Savant,TS055,Female,6,72.5,74,60,72,Medium,7.9,Yes,Graduate,16,0
ST01310,Guneet Basu,TS242,Male,6,83.4,80,71,86,Low,2.1,Yes,None,29,0
ST01311,Rushil Balakrishnan,TS135,Female,10,52.9,44,61,55,Low,2.1,Yes,Primary,13,1
ST01312,Chatresh Kulkarni,TS494,Male,6,49.2,46,63,52,High,0.9,Yes,Secondary,5,0
ST01313,Bina Pillay,TS241,Female,6,90.5,74,72,76,Low,7.3,No,Primary,3,0
ST01314,Balendra Bajwa,TS207,Male,6,87.6,93,93,77,Low,11.8,Yes,Secondary,24,1
ST01315,Vasana Sanghvi,TS419,Male,6,94.5,97,83,94,Low,10.7,Yes,None,10,0
ST01316,Bhanumati Verma,TS159,Male,8,86.5,76,77,85,Medium,8.7,Yes,Primary,30,0
ST01317,Fariq Palla,TS066,Female,6,48.1,58,39,41,Medium,8.4,Yes,None,6,0
ST01318,Devansh D’Alia,TS130,Male,6,49.8,49,40,41,Low,2.2,Yes,None,19,1
ST01319,Urmi Bala,TS342,Male,9,86.5,86,72,81,Low,11.7,No,Primary,12,0
ST01320,Triveni Sekhon,TS018,Female,8,97.1,87,88,83,Medium,0.5,Yes,Secondary,10,0
ST01321,Jacob Koshy,TS181,Female,9,62.2,65,63,53,Low,1.8,Yes,None,21,1
ST01322,Yochana Dass,TS119,Female,6,49.0,43,47,40,Medium,6.6,Yes,Secondary,22,1
ST01323,Vidhi Ghosh,TS316,Female,9,78.7,70,66,65,Low,10.5,Yes,Secondary,10,0
ST01324,Chakradhar Wali,TS452,Female,7,59.5,53,58,67,Medium,1.0,Yes,Secondary,6,0
ST01325,Aishani Majumdar,TS232,Female,8,68.4,57,65,72,Medium,10.6,Yes,Graduate,26,1
ST01326,Champak Apte,TS006,Male,8,63.0,71,63,64,Medium,7.7,Yes,Graduate,1,0
ST01327,Triveni Wagle,TS403,Male,6,91.6,84,89,94,Low,8.6,Yes,Secondary,8,0
ST01328,Vrinda Magar,TS248,Female,10,51.3,49,52,59,Medium,11.2,Yes,Primary,30,1
ST01329,Aryan Chauhan,TS302,Female,9,71.5,75,62,76,Medium,1.5,Yes,Graduate,27,0
ST01330,Girindra Karnik,TS087,Female,7,74.3,67,61,62,Medium,9.1,Yes,None,15,0
ST01331,Laksh Manne,TS243,Female,7,88.3,75,77,75,Medium,4.4,Yes,None,16,0
ST01332,Akshay Anand,TS348,Female,6,52.7,59,58,47,Low,5.6,Yes,Primary,23,1
ST01333,Rayaan Sule,TS251,Female,7,90.1,87,97,87,High,0.5,Yes,Primary,6,0
ST01334,Warda Guha,TS162,Female,9,52.4,62,63,61,High,10.1,Yes,Primary,17,1
ST01335,Bhavya Dora,TS454,Male,7,47.7,51,51,47,Medium,9.8,Yes,Primary,4,0
ST01336,Michael Swamy,TS396,Male,6,62.3,57,68,58,Medium,9.9,Yes,Graduate,3,0
ST01337,Advaith Dalal,TS435,Female,9,46.8,44,38,41,Medium,6.7,Yes,Primary,21,1
ST01338,Rayaan Wable,TS455,Female,8,91.2,78,86,89,Low,11.9,No,Secondary,0,0
ST01339,Dhruv Baria,TS444,Male,7,71.3,65,68,75,Low,4.3,Yes,Primary,2,0
ST01340,Hema Bala,TS193,Male,8,57.7,63,55,59,High,7.7,No,Secondary,16,1
ST01341,Gavin Mishra,TS232,Female,10,57.1,66,58,61,Low,8.8,Yes,Primary,29,1
ST01342,Meera Pant,TS133,Female,8,84.3,82,80,77,Low,7.8,No,Secondary,14,0
ST01343,Nilima Rao,TS250,Female,8,85.7,81,81,77,Low,8.8,Yes,None,13,0
ST01344,Quincy Ramakrishnan,TS407,Female,7,87.3,91,91,77,Low,4.2,Yes,Primary,5,0
ST01345,Yachana Madan,TS018,Male,10,58.7,51,60,67,Low,0.8,Yes,Secondary,5,1
ST01346,Ayush Mammen,TS151,Female,7,75.3,81,73,80,Medium,12.0,Yes,None,10,0
ST01347,Rayaan Nazareth,TS229,Female,9,59.8,59,59,51,Medium,4.2,Yes,None,0,0
ST01348,Janaki Seshadri,TS106,Male,8,63.3,71,57,64,Low,1.0,Yes,Primary,30,1
ST01349,Dhruv De,TS390,Female,9,52.3,49,53,60,Low,11.4,Yes,Secondary,3,1
ST01350,Saumya Krishnamurthy,TS118,Female,7,64.5,54,71,63,Medium,5.3,Yes,Secondary,25,1
ST01351,Tara Nanda,TS151,Male,7,59.5,60,50,64,Low,6.5,Yes,Secondary,27,1
ST01352,Watika Sur,TS102,Female,7,68.3,63,71,65,Low,10.8,No,Primary,17,1
ST01353,Nathan Bala,TS395,Female,10,47.4,39,50,38,Low,0.8,Yes,None,5,1
ST01354,Amol Patil,TS386,Female,8,50.3,57,41,54,Medium,4.6,Yes,Graduate,25,1
ST01355,Darika Kibe,TS407,Female,6,71.4,63,65,69,Low,7.3,No,Secondary,18,1
ST01356,Naveen Kulkarni,TS214,Female,10,63.8,49,53,65,Low,5.0,No,Graduate,26,1
ST01357,Dhruv Kuruvilla,TS468,Male,10,77.7,74,67,78,Medium,3.3,No,None,25,0
ST01358,Aishani Pandya,TS467,Female,7,85.3,74,80,73,Medium,11.0,Yes,Secondary,18,0
ST01359,Damyanti Barman,TS083,Female,8,89.1,84,84,86,Medium,3.4,No,Primary,27,0
ST01360,Isaac Magar,TS065,Female,8,66.6,66,58,71,Low,11.4,Yes,Primary,3,1
ST01361,Ekaraj Mohan,TS426,Female,8,70.4,73,69,68,Low,8.5,Yes,Secondary,5,0
ST01362,Elijah Char,TS261,Female,8,93.4,85,88,96,Medium,3.0,Yes,Secondary,20,0
ST01363,Kashvi Dua,TS098,Male,9,70.1,75,60,76,Low,11.6,Yes,Primary,12,0
ST01364,Ati Barad,TS118,Male,7,52.1,42,43,51,Medium,6.2,Yes,None,1,1
ST01365,Patrick Palla,TS076,Female,9,87.2,85,91,83,Medium,7.9,Yes,None,8,0
ST01366,Yashoda Garde,TS016,Male,8,66.3,59,58,65,Low,9.1,No,Primary,0,1
ST01367,Harinakshi Venkataraman,TS083,Female,6,48.5,47,56,53,Medium,10.4,Yes,Secondary,27,1
ST01368,Ojas Sule,TS330,Male,10,67.2,66,72,72,High,7.5,Yes,Secondary,11,0
ST01369,Zansi Boase,TS272,Female,9,84.6,73,86,71,Low,2.7,Yes,Primary,21,0
ST01370,Vansha Narayanan,TS019,Male,9,81.9,76,78,82,Medium,7.2,No,Graduate,20,0
ST01371,Avi Nori,TS195,Male,10,91.9,88,95,83,Medium,5.6,Yes,Primary,1,0
ST01372,Yochana Varkey,TS107,Female,10,54.7,53,56,45,Low,6.7,Yes,Primary,6,1
ST01373,Pooja Rajan,TS258,Female,6,84.0,71,87,83,Medium,4.3,Yes,Primary,27,0
ST01374,Aachal Sarna,TS146,Female,7,85.5,72,81,71,Low,9.6,Yes,Primary,8,0
ST01375,Pranav Krishnamurthy,TS421,Male,9,96.8,84,99,97,Medium,1.5,Yes,Primary,5,0
ST01376,Yutika Khosla,TS383,Female,7,57.3,51,57,55,Medium,9.5,No,Secondary,23,1
ST01377,Jairaj Luthra,TS439,Male,7,70.7,63,73,68,Medium,1.6,Yes,Secondary,1,0
ST01378,Sai Parikh,TS227,Male,9,71.7,66,72,76,Medium,11.1,Yes,Secondary,12,0
ST01379,Kritika Prasad,TS076,Female,8,82.3,94,78,92,High,11.4,Yes,Secondary,16,0
ST01380,Hamsini Sidhu,TS413,Female,7,46.9,53,49,38,Medium,0.7,Yes,Graduate,11,0
ST01381,George Gara,TS265,Male,6,93.9,78,87,78,Medium,9.0,No,Secondary,18,0
ST01382,Nisha Krishnan,TS199,Male,7,55.7,62,57,45,Medium,3.7,Yes,Graduate,7,0
ST01383,Kiaan Mitter,TS148,Male,8,45.8,38,54,44,Low,9.0,Yes,Secondary,6,1
ST01384,Leela Raj,TS213,Female,6,54.9,63,56,60,Low,11.4,Yes,Secondary,24,1
ST01385,Ronith Sodhi,TS240,Female,6,52.6,49,43,53,Low,10.6,Yes,Secondary,25,1
ST01386,Fariq Koshy,TS058,Female,6,45.9,54,43,55,Low,1.0,Yes,Secondary,18,1
ST01387,Jeet Padmanabhan,TS365,Female,10,70.1,73,68,65,Medium,6.3,Yes,Primary,13,0
ST01388,Pratyush Raghavan,TS484,Male,8,67.8,74,58,64,Low,1.2,Yes,Primary,4,1
ST01389,Azad Shukla,TS386,Male,10,53.4,53,63,61,Low,7.6,Yes,Secondary,7,1
ST01390,Avni Vala,TS438,Female,8,68.0,62,74,58,Low,3.4,Yes,Secondary,9,1
ST01391,Aayush Bava,TS294,Male,9,82.8,75,81,74,High,9.6,Yes,Secondary,7,0
ST01392,Amrita Virk,TS475,Female,7,46.5,41,36,50,Low,8.3,Yes,Secondary,0,1
ST01393,Yash Dutt,TS429,Male,8,45.5,44,34,49,Medium,9.5,No,None,22,1
ST01394,Niharika Yogi,TS382,Male,9,81.8,80,88,77,Low,9.5,Yes,None,12,0
ST01395,Advika Narula,TS105,Male,8,63.6,63,67,66,Low,8.6,No,Primary,30,1
ST01396,Jack Gala,TS221,Male,10,50.4,41,47,40,Medium,5.9,Yes,Secondary,22,1
ST01397,Ati Muni,TS305,Male,9,49.3,47,42,45,Low,3.8,Yes,Graduate,26,1
ST01398,Krisha Krishna,TS250,Male,9,80.7,71,72,70,Medium,5.4,Yes,Secondary,17,0
ST01399,Nirja Radhakrishnan,TS308,Male,8,51.6,60,59,51,High,6.2,Yes,Primary,11,0
ST01400,Upkaar Barad,TS488,Male,10,48.3,50,58,53,Medium,10.7,Yes,Primary,26,1
ST01401,Triya Sood,TS070,Female,6,85.9,81,82,81,High,8.9,Yes,None,3,0
ST01402,Oliver Trivedi,TS018,Male,7,95.5,91,94,80,Medium,5.7,No,Primary,6,0
ST01403,Zaid Kale,TS239,Female,9,60.6,59,51,61,Low,6.3,No,Primary,7,1
ST01404,Pranit Dixit,TS099,Male,9,80.7,85,68,83,Medium,6.7,Yes,Primary,12,0
ST01405,Darpan Pillay,TS382,Male,8,63.5,63,56,59,Low,1.1,Yes,Primary,25,1
ST01406,Eshana Srivastava,TS389,Female,8,46.9,48,43,42,Medium,11.9,No,Graduate,8,1
ST01407,Forum Mitra,TS376,Female,10,78.7,79,74,66,Low,4.1,Yes,Secondary,7,0
ST01408,Max Merchant,TS278,Female,7,72.7,74,72,67,Low,9.7,No,Primary,6,0
ST01409,Tanish Khalsa,TS193,Female,7,71.7,64,76,59,Medium,2.2,Yes,Secondary,6,0
ST01410,Charita Mahajan,TS287,Female,8,87.9,94,90,84,High,9.2,Yes,Primary,13,0
ST01411,Rohan Deshpande,TS500,Female,9,86.4,87,80,78,High,8.0,Yes,None,25,0
ST01412,Chakradev Nath,TS257,Male,9,67.1,72,57,67,Low,4.8,Yes,Primary,3,1
ST01413,Damini Yadav,TS336,Female,8,90.8,81,77,85,Medium,11.8,Yes,Primary,12,0
ST01414,Vedhika Garg,TS343,Male,8,45.8,39,55,50,Low,8.4,Yes,Secondary,10,1
ST01415,Rishi Kapoor,TS233,Male,9,67.0,64,63,51,Low,1.2,No,None,2,1
ST01416,Ekantika Khatri,TS360,Female,6,74.5,82,71,70,High,4.4,Yes,Secondary,12,0
ST01417,Gunbir Barad,TS101,Female,10,46.5,44,53,58,High,2.5,Yes,Graduate,19,1
ST01418,Urishilla Sehgal,TS436,Male,6,81.2,83,69,76,Medium,9.4,No,Primary,8,0
ST01419,Tanmayi Naik,TS175,Male,10,96.6,87,94,85,Medium,3.4,Yes,Graduate,28,0
ST01420,Upasna Iyer,TS013,Male,10,95.6,99,87,97,Medium,7.9,Yes,Secondary,21,0
ST01421,Warhi Buch,TS286,Female,8,52.7,42,50,43,Low,4.6,No,Graduate,2,1
ST01422,Ishani Sandal,TS245,Female,9,58.5,50,64,65,Low,0.9,Yes,None,6,1
ST01423,Ishani Sur,TS120,Male,10,77.8,77,76,81,Low,4.2,Yes,Primary,11,0
ST01424,Tarak Doctor,TS453,Female,6,86.0,77,74,81,Medium,6.0,No,Primary,23,0
ST01425,Isha Kota,TS197,Female,9,86.4,72,83,80,Low,8.1,No,Secondary,23,1
ST01426,Oeshi Dutt,TS339,Female,8,71.1,73,55,55,Low,8.2,No,Secondary,2,0
ST01427,Dalaja Kant,TS088,Male,7,58.4,49,58,50,Low,10.6,Yes,Primary,18,1
ST01428,Gunbir Sanghvi,TS090,Female,8,72.0,78,59,75,Low,5.5,Yes,Primary,5,0
ST01429,Yauvani Srinivas,TS485,Female,10,58.5,47,50,66,Low,2.2,Yes,Secondary,7,1
ST01430,Damini Patla,TS051,Female,10,84.0,81,71,83,High,3.3,No,Secondary,1,0
ST01431,Adweta Batta,TS168,Male,6,55.7,50,46,46,Low,5.4,No,Secondary,11,1
ST01432,Janya Dutt,TS211,Female,6,48.3,56,42,38,Low,1.5,Yes,None,19,1
ST01433,Isha Grover,TS304,Female,7,45.1,40,44,33,Medium,2.4,No,Secondary,2,1
ST01434,William Deo,TS054,Female,9,72.6,73,64,59,Low,3.0,No,Secondary,16,1
ST01435,Imaran Modi,TS465,Female,9,50.3,58,48,46,Low,5.5,Yes,Primary,7,1
ST01436,Anjali Viswanathan,TS393,Male,10,92.4,91,81,81,Medium,7.4,No,Secondary,8,0
ST01437,Shaurya Pall,TS462,Female,8,97.3,95,99,94,High,0.8,No,None,19,0
ST01438,Luke Kara,TS061,Male,6,53.1,46,53,53,Low,10.1,Yes,Secondary,23,1
ST01439,Mekhala D’Alia,TS399,Male,10,87.9,82,83,74,Medium,9.2,No,Secondary,23,0
ST01440,Faras Sur,TS001,Male,9,63.0,61,63,67,Low,6.7,Yes,Primary,25,1
ST01441,Dayita Sachar,TS417,Female,8,86.4,87,91,87,Low,5.7,Yes,Primary,13,0
ST01442,Nicholas Batta,TS201,Female,6,90.3,99,98,85,High,2.7,Yes,Secondary,13,0
ST01443,Gayathri Shroff,TS053,Male,9,83.5,79,76,81,Medium,6.7,Yes,Primary,9,0
ST01444,Vihaan Salvi,TS015,Male,9,95.5,99,99,97,High,7.2,No,Primary,20,0
ST01445,Aarav Munshi,TS209,Female,7,53.7,55,47,43,Low,11.5,Yes,None,6,1
ST01446,Kamala Goswami,TS107,Male,9,80.5,76,82,69,Low,7.4,Yes,None,19,1
ST01447,Udant Tank,TS407,Female,10,73.5,75,70,62,Low,8.1,Yes,Primary,18,1
ST01448,Chavvi Sami,TS003,Male,8,87.2,73,75,92,Low,6.1,Yes,Secondary,2,0
ST01449,Ubika Sachdev,TS085,Male,9,87.4,81,78,96,High,5.1,Yes,Graduate,30,0
ST01450,Ekantika Swaminathan,TS326,Female,8,83.5,66,65,85,Low,1.4,No,Graduate,9,0
ST01451,Veer Varghese,TS085,Female,10,63.9,66,68,58,Medium,4.1,Yes,Primary,5,0
ST01452,Zaid Kamdar,TS186,Male,7,76.2,75,80,74,Medium,7.6,Yes,Graduate,15,0
ST01453,Yachana Venkatesh,TS013,Male,8,79.9,74,79,77,Low,9.3,Yes,Primary,11,0
ST01454,Warda Kalla,TS264,Female,6,84.9,91,79,87,Medium,3.3,Yes,Secondary,20,0
ST01455,Mitesh Agrawal,TS035,Female,9,53.7,42,41,53,Low,8.7,No,Primary,3,1
ST01456,Nitesh Char,TS392,Male,9,92.6,89,81,93,Low,0.7,Yes,Primary,12,0
ST01457,Qadim Walla,TS217,Male,8,71.5,66,68,63,Medium,9.8,Yes,Primary,7,0
ST01458,Anmol Kamdar,TS069,Female,6,63.2,52,71,55,Medium,11.7,Yes,Secondary,12,0
ST01459,Yashasvi Prabhu,TS305,Male,9,56.1,45,64,61,Medium,8.1,Yes,Secondary,30,1
ST01460,Gabriel Bhargava,TS434,Female,6,79.9,79,72,70,Medium,9.5,Yes,Primary,4,0
ST01461,Megha Deol,TS371,Male,7,78.4,78,83,82,Low,11.5,Yes,Secondary,16,1
ST01462,Irya Ahluwalia,TS171,Male,7,79.0,78,71,84,Low,8.9,Yes,Graduate,0,0
ST01463,Onkar Chakrabarti,TS164,Female,10,74.1,61,80,65,Low,6.1,Yes,Secondary,16,0
ST01464,Udyati Khurana,TS152,Male,7,77.6,79,79,83,Medium,10.4,Yes,Secondary,16,0
ST01465,Yamini Pathak,TS199,Male,9,49.2,58,47,50,High,6.9,Yes,None,10,0
ST01466,Janaki Ramaswamy,TS330,Male,9,71.9,70,68,74,Low,6.8,Yes,Primary,9,0
ST01467,Chatura Swaminathan,TS040,Male,8,52.6,37,47,51,Medium,9.1,No,Secondary,6,1
ST01468,Sathvik Jayaraman,TS443,Female,7,89.2,84,78,77,Low,10.7,Yes,Secondary,15,0
ST01469,Nidra Shukla,TS249,Male,10,69.2,72,59,65,Low,3.3,Yes,Primary,5,1
ST01470,Vyanjana Narayanan,TS340,Female,8,89.5,82,91,87,Medium,11.7,Yes,Secondary,23,0
ST01471,Darsh Deep,TS101,Female,10,71.2,79,74,72,Medium,5.0,Yes,Secondary,29,0
ST01472,Ayaan Lata,TS145,Male,10,86.3,82,74,77,Medium,10.3,Yes,Secondary,8,0
ST01473,Teerth Menon,TS068,Male,8,87.4,87,86,81,Low,6.0,No,Secondary,20,1
ST01474,Mohini Tara,TS258,Female,8,73.4,69,70,62,Low,3.6,Yes,Graduate,11,0
ST01475,Tripti Singhal,TS204,Male,7,76.7,80,69,85,High,9.8,Yes,Secondary,1,0
ST01476,Reyansh Cherian,TS330,Male,8,82.5,81,74,70,Low,2.1,Yes,Primary,14,0
ST01477,Bhanumati Yohannan,TS460,Male,9,66.7,68,74,68,Medium,5.9,Yes,Secondary,1,0
ST01478,Chaitaly Badami,TS091,Male,7,56.7,58,49,59,Low,8.8,No,Primary,19,1
ST01479,Yatan Gera,TS133,Female,9,61.0,45,56,58,Medium,3.0,No,Primary,17,1
ST01480,Bishakha Sodhi,TS406,Male,10,49.8,55,55,49,Low,6.2,Yes,Primary,25,1
ST01481,Lakshmi Nadkarni,TS041,Female,9,79.6,61,67,72,Low,4.8,No,None,25,1
ST01482,Eesha Parekh,TS104,Male,10,71.6,75,69,71,Medium,2.2,Yes,Secondary,4,0
ST01483,Patrick Bobal,TS179,Male,9,73.3,60,64,78,Low,5.4,Yes,Graduate,7,0
ST01484,Zansi Oommen,TS418,Male,8,64.1,70,61,72,Low,6.0,Yes,Primary,2,1
ST01485,Nidhi Ravi,TS171,Female,7,75.7,61,67,63,Low,2.5,No,Secondary,3,0
ST01486,Darsh Nadig,TS115,Male,10,56.2,48,51,56,Low,1.8,No,Graduate,30,1
ST01487,Ryan Jain,TS384,Male,9,51.2,54,54,42,Low,11.0,Yes,Secondary,18,1
ST01488,Arjun Karpe,TS102,Female,10,94.0,99,94,91,High,2.5,Yes,None,6,0
ST01489,Jagdish Chaudry,TS189,Male,10,58.1,43,60,58,Low,12.0,No,Secondary,3,1
ST01490,Janani Kaur,TS389,Female,8,64.8,55,55,62,Low,0.7,Yes,Secondary,22,1
ST01491,Udyati Naik,TS164,Male,7,70.6,71,70,61,Medium,10.4,Yes,Secondary,23,0
ST01492,Ekansh Pandey,TS079,Female,8,66.6,54,66,65,Low,10.6,No,Primary,14,1
ST01493,Indrajit Ghose,TS227,Female,9,73.7,72,63,72,Low,10.4,Yes,None,22,1
ST01494,Hiral Dugar,TS275,Male,6,55.0,57,52,59,Low,7.1,Yes,Primary,12,1
ST01495,Ekapad Badal,TS287,Female,8,57.9,66,61,50,Low,11.8,Yes,Primary,18,1
ST01496,Priya Karan,TS303,Male,9,94.2,86,80,83,Low,0.9,Yes,Primary,14,0
ST01497,Amruta Bawa,TS028,Female,6,75.8,79,66,69,Medium,6.0,Yes,Graduate,9,0
ST01498,Yashica Khare,TS251,Male,9,63.0,61,51,58,Low,8.4,Yes,None,19,1
ST01499,Ekani Gopal,TS452,Male,6,51.1,55,36,45,Low,11.0,No,Secondary,23,1
ST01500,Vrinda Sant,TS282,Female,6,47.1,44,53,49,Medium,6.1,Yes,Primary,16,1
ST01501,Ayushman Sarin,TS077,Male,7,74.8,57,65,75,Low,1.1,No,None,20,1
ST01502,Adweta Bandi,TS015,Female,8,94.5,81,97,89,Low,9.9,Yes,Primary,1,0
ST01503,Jagvi Nagy,TS500,Male,7,77.0,77,77,73,High,10.6,Yes,Graduate,29,0
ST01504,Ijaya Gara,TS109,Male,9,89.9,90,86,89,Medium,1.6,No,Primary,12,0
ST01505,George Dhawan,TS174,Female,8,71.7,63,78,68,Medium,5.1,Yes,Secondary,24,0
ST01506,Xiti Divan,TS023,Male,8,63.0,59,57,51,Low,11.6,No,Graduate,25,1
ST01507,Balveer Goda,TS500,Male,10,98.0,96,91,99,High,9.3,Yes,Primary,29,0
ST01508,Yatin Trivedi,TS008,Female,7,52.8,54,45,56,Medium,7.7,Yes,Primary,19,1
ST01509,Saksham Kulkarni,TS491,Male,9,85.4,72,90,85,Medium,10.8,Yes,Primary,6,0
ST01510,Kamala Sodhi,TS174,Male,6,48.5,54,47,55,Low,6.1,Yes,Secondary,24,1
ST01511,Vritti Chowdhury,TS424,Male,6,80.1,73,72,75,Medium,0.8,Yes,Primary,3,0
ST01512,Oeshi Bose,TS472,Female,8,70.6,64,58,62,Low,11.5,No,None,5,0
ST01513,Oscar Suresh,TS218,Male,8,48.1,33,48,44,Medium,1.6,No,None,23,1
ST01514,Eshana Purohit,TS220,Female,6,88.9,82,78,91,Medium,2.9,Yes,Graduate,8,0
ST01515,Eta Memon,TS267,Male,6,77.4,64,73,72,Low,9.8,No,Primary,22,1
ST01516,Jeremiah Kaul,TS307,Male,7,52.3,43,60,45,Low,11.9,Yes,Primary,26,1
ST01517,Gaurika Gupta,TS392,Male,8,58.0,61,62,58,Medium,0.5,Yes,Primary,22,1
ST01518,Naksh Barad,TS157,Female,8,52.7,59,55,58,Low,0.8,Yes,Secondary,18,1
ST01519,Oscar Chopra,TS201,Male,6,74.6,58,77,65,Medium,5.0,No,Secondary,10,0
ST01520,Baghyawati Rajan,TS289,Female,10,60.0,52,62,62,Low,10.8,Yes,Graduate,8,1
ST01521,Kiaan Sankar,TS354,Female,10,55.3,61,49,64,Medium,3.1,Yes,Graduate,21,1
ST01522,Janya Anand,TS482,Male,6,92.3,85,82,94,Medium,2.9,Yes,Primary,19,0
ST01523,Libni Menon,TS260,Female,7,69.9,70,65,58,Low,3.8,No,None,3,1
ST01524,Ranbir Verma,TS439,Female,8,65.0,56,70,60,Low,4.5,Yes,Primary,23,1
ST01525,Yamini Shroff,TS052,Male,10,93.0,89,78,96,Medium,11.1,Yes,Secondary,27,0
ST01526,Onveer Din,TS110,Male,8,83.5,70,68,75,Low,2.6,No,Primary,23,1
ST01527,Ekansh Madan,TS295,Male,6,46.0,54,45,44,Low,5.2,Yes,Primary,6,1
ST01528,Yasti Doctor,TS138,Female,6,92.3,96,99,97,High,4.0,Yes,Secondary,6,0
ST01529,Gautam Bobal,TS442,Male,9,75.8,74,83,67,Medium,4.0,Yes,Secondary,27,0
ST01530,Yachana Golla,TS480,Female,7,68.7,65,64,59,Low,4.4,No,Primary,1,1
ST01531,Hema Mishra,TS121,Female,7,75.5,79,71,75,High,7.9,Yes,Secondary,9,0
ST01532,Yoshita Singh,TS318,Female,7,46.5,48,38,37,Medium,7.4,Yes,Secondary,29,1
ST01533,Forum Randhawa,TS134,Male,8,68.9,61,70,76,Low,5.5,Yes,None,23,1
ST01534,Fariq Naik,TS456,Male,7,59.5,62,61,61,Medium,4.2,Yes,Secondary,26,1
ST01535,Saksham Choudhary,TS428,Female,7,97.4,96,87,85,Low,3.4,Yes,Graduate,27,0
ST01536,Aadi D’Alia,TS069,Female,9,78.3,68,79,79,Low,9.1,No,Primary,24,1
ST01537,Xiti Agarwal,TS211,Male,10,68.4,74,75,67,Low,9.4,Yes,Primary,10,1
ST01538,Charles Sengupta,TS229,Male,7,47.0,46,39,40,Low,3.6,Yes,Graduate,22,1
ST01539,Radhika Warrior,TS200,Female,6,64.4,72,68,59,Low,8.5,Yes,Primary,25,1
ST01540,Rohan Prakash,TS279,Female,6,60.3,58,66,59,Low,10.9,Yes,Graduate,26,1
ST01541,Jeremiah Mukherjee,TS413,Male,10,60.4,53,67,61,Low,1.5,Yes,Secondary,8,1
ST01542,Quincy Kata,TS368,Female,7,59.3,46,63,52,Medium,8.4,No,Primary,18,1
ST01543,William Muni,TS133,Male,7,50.3,57,57,51,Low,1.8,Yes,None,26,1
ST01544,Yashica Pingle,TS327,Male,6,67.5,69,75,61,Low,2.4,Yes,Secondary,27,1
ST01545,Lekha Sidhu,TS199,Female,9,46.0,53,49,44,Medium,10.2,Yes,Secondary,20,1
ST01546,Nilima Zachariah,TS367,Male,6,45.2,40,53,45,Medium,9.8,Yes,Primary,19,1
ST01547,Omkaar Choudhury,TS055,Male,10,67.2,61,63,69,Medium,10.5,Yes,None,0,0
ST01548,Watika Rajagopal,TS087,Male,10,60.7,58,55,58,Medium,4.5,Yes,None,16,1
ST01549,Naveen Sandal,TS464,Male,7,79.6,82,76,75,High,0.9,No,Primary,5,0
ST01550,Faras Desai,TS155,Male,7,54.0,55,58,56,Low,3.3,Yes,Secondary,2,1
ST01551,Saanvi Kade,TS493,Male,10,61.9,65,51,61,Low,0.6,No,Primary,12,1
ST01552,Advaith Kadakia,TS276,Female,6,63.0,75,74,71,High,4.8,Yes,Primary,13,0
ST01553,Lucky Lal,TS494,Female,10,93.6,86,83,94,Low,3.1,No,None,18,1
ST01554,Pushti Bhalla,TS284,Female,6,92.7,88,93,88,Low,9.2,Yes,Primary,5,0
ST01555,Aachal Arya,TS216,Female,10,78.9,79,71,89,High,4.9,Yes,Secondary,15,0
ST01556,Mahika Chopra,TS003,Male,8,53.7,60,49,59,Low,5.3,Yes,Primary,29,1
ST01557,Hemani Kannan,TS295,Male,6,57.3,61,58,57,Low,7.5,Yes,Secondary,2,1
ST01558,Chandani Chaudhari,TS097,Female,7,91.4,95,86,89,Medium,1.4,Yes,Secondary,28,0
ST01559,Victor Korpal,TS397,Male,8,64.1,50,47,50,Low,6.8,No,Secondary,24,1
ST01560,Janani Thakkar,TS270,Female,9,55.0,45,59,51,Medium,8.5,Yes,None,2,0
ST01561,Deepa Naik,TS032,Male,7,46.0,52,54,42,Low,1.9,Yes,Secondary,10,1
ST01562,Ekbal Menon,TS364,Female,10,52.2,49,50,45,Medium,8.2,No,Secondary,25,1
ST01563,Lucky Khare,TS448,Male,8,52.5,51,57,59,Low,5.7,Yes,Secondary,9,1
ST01564,Meghana Shroff,TS177,Female,9,74.2,63,64,65,Low,2.1,No,None,16,1
ST01565,Janaki Suri,TS448,Male,9,92.9,75,81,83,Medium,3.5,No,Primary,28,0
ST01566,Eshana Bhandari,TS007,Male,8,46.7,53,45,41,Medium,0.8,Yes,Secondary,28,1
ST01567,Rachita Mani,TS096,Male,10,63.2,59,69,52,Low,4.2,Yes,Graduate,17,1
ST01568,Tamanna Raman,TS298,Female,6,60.0,61,50,54,Low,1.4,Yes,Secondary,17,1
ST01569,Pranit Batta,TS225,Male,8,57.0,57,60,57,Low,10.3,Yes,Primary,25,1
ST01570,Laksh Master,TS379,Male,7,55.7,46,49,49,Medium,2.0,Yes,Secondary,14,0
ST01571,Onkar Sastry,TS380,Male,8,76.9,77,74,64,Medium,5.8,Yes,Primary,26,0
ST01572,Abhimanyu Zacharia,TS315,Male,10,74.9,61,74,62,Low,5.8,No,Secondary,27,1
ST01573,Varenya Krishnan,TS289,Female,10,96.7,99,99,82,Low,7.5,Yes,Graduate,27,1
ST01574,Wishi Raval,TS109,Female,8,47.2,37,47,46,Medium,7.1,Yes,Graduate,29,1
ST01575,Raagini Jain,TS059,Female,7,54.7,63,61,55,Low,10.3,Yes,None,12,1
ST01576,Alka Mukherjee,TS035,Male,8,90.0,87,88,78,Medium,1.5,Yes,Primary,3,0
ST01577,Tejas Karan,TS438,Male,6,56.8,56,50,52,Medium,4.6,Yes,Secondary,26,1
ST01578,Anika Amble,TS199,Male,8,97.3,87,83,82,Medium,8.3,No,Secondary,26,0
ST01579,Tanmayi Suresh,TS110,Female,8,75.7,69,66,79,Low,5.9,Yes,Primary,4,0
ST01580,Anya Ray,TS415,Female,6,73.5,68,69,73,Medium,1.9,No,Secondary,25,0
ST01581,Reva Chacko,TS427,Female,7,96.5,94,83,90,Medium,1.5,Yes,None,4,0
ST01582,Dalbir Batta,TS382,Female,9,80.1,75,79,76,Medium,10.5,No,Secondary,29,0
ST01583,Agastya Ramaswamy,TS497,Male,9,62.6,64,59,55,Medium,11.7,Yes,Secondary,15,0
ST01584,Sai Barad,TS073,Male,9,94.9,95,84,86,Medium,11.2,No,None,0,0
ST01585,Damini Choudhury,TS189,Male,7,85.2,91,82,90,Low,2.8,Yes,Secondary,11,0
ST01586,Qarin Aggarwal,TS427,Female,9,81.1,74,63,64,Low,2.5,No,Primary,13,0
ST01587,Omisha De,TS144,Female,9,83.6,80,81,88,High,6.9,Yes,Secondary,7,0
ST01588,Chakradev Mistry,TS231,Female,9,87.8,93,75,94,Low,8.8,Yes,None,8,0
ST01589,Chandani Kamdar,TS425,Female,6,77.6,72,81,73,Low,11.8,Yes,Secondary,18,1
ST01590,Gaurang Balakrishnan,TS269,Male,9,76.6,65,79,64,Medium,2.1,Yes,Primary,24,0
ST01591,Chakrika Thaker,TS356,Female,8,77.9,79,82,73,Medium,3.4,Yes,None,7,0
ST01592,Dipta Mohan,TS437,Male,7,75.4,66,76,71,Low,3.0,Yes,Primary,17,0
ST01593,Dalaja Jhaveri,TS048,Female,9,52.2,46,56,46,Low,8.5,No,Primary,12,1
ST01594,Triveni Rout,TS282,Male,9,56.7,57,57,52,Medium,8.1,Yes,Primary,27,1
ST01595,Chatresh Golla,TS159,Female,7,50.0,51,46,47,Low,5.2,Yes,None,18,1
ST01596,Chaman Mahajan,TS400,Female,9,79.8,65,74,78,Low,3.4,No,Secondary,19,1
ST01597,Upkaar Madan,TS442,Male,8,49.0,45,54,39,Medium,4.7,Yes,Secondary,16,1
ST01598,Ryan Minhas,TS329,Female,10,51.4,45,38,42,Medium,11.9,No,Secondary,18,1
ST01599,Chaitaly Sodhi,TS377,Female,7,74.6,64,67,67,Low,0.9,No,Primary,9,0
ST01600,Liam Ahuja,TS191,Male,6,53.2,45,58,57,Low,3.8,Yes,Secondary,26,1
ST01601,Jagvi Kata,TS057,Female,9,84.3,82,89,71,Medium,10.0,Yes,Primary,9,0
ST01602,Ubika Varkey,TS067,Male,9,58.0,60,48,54,Medium,1.7,Yes,Secondary,9,0
ST01603,Tejas Thaman,TS095,Male,9,90.5,79,92,80,Medium,3.5,Yes,Secondary,25,0
ST01604,Diya Jaggi,TS470,Male,8,86.3,84,88,78,High,8.7,Yes,Graduate,29,0
ST01605,Ekantika Bora,TS476,Male,8,53.6,45,63,52,Low,11.0,Yes,Graduate,4,1
ST01606,Jeremiah Badami,TS162,Female,7,63.6,56,54,61,Low,5.6,Yes,Primary,30,1
ST01607,Lekha Kadakia,TS434,Female,9,90.9,95,82,77,Low,9.5,Yes,Primary,2,0
ST01608,Thomas Kala,TS355,Female,8,60.5,67,63,65,Medium,7.1,Yes,Primary,27,1
ST01609,Krish Deol,TS044,Male,9,57.4,55,46,48,Medium,8.2,Yes,Primary,16,1
ST01610,Darsh Karpe,TS500,Female,10,84.7,77,85,89,Medium,10.5,Yes,Primary,3,0
ST01611,Ikbal Yogi,TS216,Male,8,52.5,61,42,59,Low,1.6,Yes,Secondary,28,1
ST01612,Osha Barman,TS461,Female,8,82.1,76,79,77,Low,1.4,Yes,Secondary,25,0
ST01613,Oscar Prashad,TS304,Male,7,63.8,58,62,57,Medium,1.0,Yes,None,13,0
ST01614,Jack Subramaniam,TS462,Female,7,51.2,47,58,55,Medium,9.4,Yes,Primary,18,1
ST01615,Yagnesh Char,TS007,Female,9,58.4,49,46,59,Low,9.2,No,Primary,14,1
ST01616,Viraj Taneja,TS324,Male,6,51.6,61,51,56,High,1.6,Yes,Graduate,27,1
ST01617,Saanvi Bahri,TS415,Male,7,62.0,63,68,71,High,8.2,Yes,Graduate,25,1
ST01618,Sachi Biswas,TS472,Male,9,91.7,79,84,82,Low,2.3,No,Secondary,26,1
ST01619,George Keer,TS279,Male,7,65.2,62,78,58,High,11.7,Yes,Secondary,21,1
ST01620,Leela Menon,TS045,Male,9,61.0,44,57,53,Medium,2.6,No,Primary,10,1
ST01621,Alexander Tank,TS157,Male,10,63.8,66,69,62,High,10.6,Yes,Secondary,28,1
ST01622,Triveni Bhagat,TS324,Female,10,48.3,45,60,44,High,0.6,Yes,Primary,19,1
ST01623,Jeet Raval,TS149,Male,9,74.9,74,65,62,Low,7.7,Yes,Secondary,13,0
ST01624,Jatin Kaul,TS065,Male,6,64.0,53,60,56,Low,3.2,No,Primary,5,1
ST01625,Zehaan Soman,TS466,Female,7,79.6,81,66,78,Medium,1.0,No,Primary,0,0
ST01626,Ojas Batta,TS463,Female,6,88.8,69,79,83,Low,1.9,No,Secondary,11,0
ST01627,Lakshmi Rana,TS244,Female,9,93.5,97,94,86,Medium,8.5,Yes,Graduate,24,0
ST01628,Amara Mishra,TS314,Male,7,77.7,84,82,76,Low,7.6,Yes,Primary,29,1
ST01629,Timothy Sheth,TS307,Male,9,76.9,77,75,79,Low,11.1,Yes,Primary,25,1
ST01630,Pahal Naik,TS309,Male,6,58.1,55,55,55,Low,10.4,Yes,Primary,2,1
ST01631,Wahab Venkataraman,TS304,Female,8,91.3,85,87,92,High,9.1,Yes,None,6,0
ST01632,Amaira Sabharwal,TS456,Male,7,90.8,75,91,82,Low,12.0,No,Primary,10,0
ST01633,Vedika Raja,TS212,Female,8,75.8,77,71,68,Medium,3.3,Yes,None,27,0
ST01634,Radha Sarin,TS275,Female,6,78.7,65,76,65,Medium,9.7,Yes,Primary,1,0
ST01635,Yash Chada,TS317,Female,6,72.4,75,63,75,Low,8.8,No,Graduate,18,1
ST01636,Vedhika Murty,TS429,Male,6,48.4,50,52,58,Low,2.0,Yes,Secondary,30,1
ST01637,Qabil Kalla,TS054,Female,8,85.5,72,86,72,Low,0.9,Yes,Secondary,22,0
ST01638,Balhaar Krish,TS203,Female,8,65.5,71,70,72,Medium,1.9,Yes,Primary,4,0
ST01639,Priya Kalla,TS087,Male,7,56.8,57,56,63,High,3.5,Yes,Primary,3,0
ST01640,William Ramaswamy,TS174,Male,10,86.8,83,73,79,Low,7.6,No,Secondary,28,1
ST01641,Rayaan Munshi,TS173,Female,7,64.6,57,67,65,Low,5.8,Yes,Graduate,15,1
ST01642,Ria Nanda,TS360,Female,10,96.0,80,82,78,Low,7.9,No,Secondary,12,0
ST01643,Oliver Mukherjee,TS014,Male,6,84.7,82,75,85,High,2.0,No,Secondary,15,0
ST01644,Lakshmi Andra,TS380,Female,8,69.3,68,82,80,High,10.2,Yes,Primary,19,1
ST01645,Ekbal Chana,TS130,Female,8,96.4,88,99,99,Medium,9.6,Yes,None,10,0
ST01646,Lakshmi Dugar,TS081,Male,7,82.0,85,70,69,Medium,3.6,Yes,Secondary,8,0
ST01647,Kamya Barman,TS262,Male,10,54.1,48,60,60,High,3.9,Yes,Primary,12,0
ST01648,Zayan Nayar,TS207,Male,7,54.3,46,44,51,Low,0.9,Yes,Secondary,10,1
ST01649,Osha Borra,TS446,Female,9,82.4,69,72,83,Medium,4.1,Yes,Secondary,26,0
ST01650,Joshua Singh,TS210,Female,6,77.5,72,72,75,Medium,1.4,Yes,Primary,28,0
ST01651,Frederick Nigam,TS125,Female,9,82.1,85,86,71,Low,6.4,Yes,Primary,21,0
ST01652,Sanya Rana,TS081,Female,9,65.0,66,75,75,High,5.3,Yes,None,2,0
ST01653,Faraj Ratti,TS422,Female,6,70.8,69,78,63,Low,5.5,Yes,Primary,23,0
ST01654,Nitara Mital,TS422,Male,9,65.0,52,53,60,Low,3.9,No,Primary,14,1
ST01655,Vihaan Koshy,TS239,Male,10,65.3,72,62,53,Low,10.1,Yes,Graduate,14,1
ST01656,Qabil Narain,TS222,Female,6,88.1,90,88,75,Medium,11.2,Yes,Secondary,0,0
ST01657,Abha Brar,TS203,Male,8,84.3,71,70,86,Medium,1.9,Yes,Secondary,12,0
ST01658,Isaac Nori,TS330,Female,7,89.8,83,78,83,Medium,4.5,No,Secondary,2,0
ST01659,Ubika Varty,TS011,Female,10,72.2,74,64,72,Low,10.9,No,Primary,5,0
ST01660,Ethan Kale,TS078,Female,9,47.8,53,51,56,Medium,2.0,Yes,Primary,29,1
ST01661,Harini Bumb,TS012,Female,10,95.8,77,94,90,Low,10.3,No,Primary,10,0
ST01662,Oni Shanker,TS123,Male,9,80.4,74,70,66,Medium,6.3,No,Secondary,23,0
ST01663,Tanmayi Virk,TS034,Female,10,60.3,55,66,66,Medium,7.7,Yes,Primary,10,0
ST01664,Kai Shah,TS058,Female,6,93.2,87,97,94,Low,8.6,Yes,Primary,24,1
ST01665,Faris Padmanabhan,TS055,Female,7,57.6,43,52,48,Low,4.2,No,Primary,19,1
ST01666,Krishna Chauhan,TS395,Female,10,57.9,63,55,54,Low,11.2,Yes,Secondary,23,1
ST01667,Gaurika Ghose,TS386,Female,8,63.2,61,58,51,Low,4.8,No,None,13,1
ST01668,Vaishnavi Bhat,TS421,Female,8,92.7,92,88,89,High,6.1,Yes,Primary,0,0
ST01669,Bhavya Gopal,TS327,Male,8,61.2,62,60,60,High,9.6,Yes,Primary,16,1
ST01670,Mitesh Sankaran,TS443,Female,10,53.5,49,40,55,Low,2.2,No,Primary,20,1
ST01671,Dhriti Chopra,TS160,Male,10,51.4,53,45,41,Low,11.3,Yes,Graduate,7,1
ST01672,Brijesh Swaminathan,TS240,Female,7,60.3,44,47,53,Low,8.4,No,Graduate,2,1
ST01673,Pahal Kothari,TS284,Female,6,71.2,59,62,73,Low,7.3,No,Graduate,0,0
ST01674,Upkaar Pau,TS427,Male,7,93.7,89,92,98,Low,11.8,Yes,Primary,20,1
ST01675,Chaaya Butala,TS343,Female,9,59.8,51,56,48,Low,7.7,Yes,Secondary,24,1
ST01676,Chanakya Srivastava,TS010,Male,8,78.9,78,77,74,Low,3.8,No,Secondary,27,1
ST01677,Ayush Iyer,TS087,Male,7,91.9,75,89,82,Low,0.9,No,Primary,8,0
ST01678,Keya Varty,TS093,Female,7,69.4,59,65,69,Medium,4.5,No,Primary,29,1
ST01679,Thomas Tak,TS069,Female,9,82.6,84,81,68,Low,1.7,No,Graduate,2,0
ST01680,Teerth Dhar,TS459,Female,6,65.1,65,56,73,Low,2.5,Yes,Graduate,14,1
ST01681,Alka Prakash,TS424,Female,8,58.0,47,58,58,Medium,3.7,No,Secondary,25,1
ST01682,Ayush Muni,TS382,Female,6,69.4,66,72,67,Medium,2.8,No,Primary,23,1
ST01683,Christopher Sen,TS055,Male,9,97.5,99,92,89,Low,5.4,Yes,Secondary,6,0
ST01684,Panini Patel,TS367,Male,7,65.9,68,56,73,Medium,6.1,Yes,Secondary,19,1
ST01685,Azaan Pillay,TS092,Male,9,91.8,96,97,88,Medium,4.4,Yes,None,23,0
ST01686,Chavvi Ramachandran,TS018,Female,7,72.7,70,73,63,Medium,4.4,Yes,Primary,8,0
ST01687,Bachittar Purohit,TS232,Male,10,51.1,55,39,37,Medium,1.8,No,Secondary,15,0
ST01688,Vincent Mandal,TS257,Male,6,61.9,51,61,52,Low,9.8,Yes,Secondary,22,1
ST01689,Frado Yadav,TS056,Male,9,69.6,73,68,60,Medium,5.5,Yes,Primary,10,0
ST01690,Kashish Mandal,TS300,Female,8,82.9,77,88,93,High,3.3,Yes,None,15,0
ST01691,Bhavani Bhasin,TS037,Female,9,49.2,52,50,41,Low,8.2,Yes,Graduate,26,1
ST01692,Sneha Iyer,TS068,Male,9,89.2,81,93,85,Low,7.6,Yes,Secondary,11,0
ST01693,Aditya Bhatt,TS192,Female,7,57.3,49,53,57,Medium,9.3,No,Secondary,0,1
ST01694,Zinal Ramachandran,TS485,Female,6,89.2,87,84,86,Medium,5.7,Yes,Secondary,18,0
ST01695,Zaitra Karnik,TS238,Female,6,66.8,64,57,74,Medium,2.3,Yes,Secondary,6,0
ST01696,Abhiram Desai,TS027,Female,8,90.3,76,87,82,Medium,1.6,Yes,Primary,24,0
ST01697,Benjamin Munshi,TS456,Male,6,86.6,91,81,84,Medium,8.5,Yes,Primary,0,0
ST01698,Chandran Kala,TS253,Male,10,90.6,86,85,72,Medium,4.5,No,Primary,18,0
ST01699,Hardik Karpe,TS228,Female,10,89.9,77,91,87,Low,4.9,Yes,Primary,26,0
ST01700,Guneet Agate,TS367,Female,9,52.3,49,55,47,Low,3.2,Yes,Primary,20,1
ST01701,Nikita Saini,TS136,Male,7,59.7,58,48,54,Low,7.5,Yes,Secondary,23,1
ST01702,Frado Basu,TS147,Female,8,92.3,98,88,94,Medium,6.9,Yes,None,24,0
ST01703,Ishwar Talwar,TS421,Female,7,79.8,80,89,77,High,1.0,Yes,Graduate,3,0
ST01704,Adya Naik,TS304,Male,9,53.4,38,41,40,Low,7.7,No,Secondary,0,1
ST01705,Indira Thaker,TS255,Male,9,74.8,68,87,77,High,1.9,Yes,None,28,0
ST01706,Kevin Sheth,TS302,Female,10,90.4,97,88,83,High,1.2,Yes,Primary,14,0
ST01707,Nidhi Chacko,TS290,Female,8,80.6,70,83,70,Low,8.2,Yes,Primary,6,0
ST01708,Nandini Sankaran,TS357,Male,7,94.4,87,89,88,Medium,6.0,Yes,None,21,0
ST01709,Raghav Narain,TS371,Female,10,51.0,48,54,55,High,9.5,Yes,None,5,0
ST01710,Suhani Raju,TS019,Male,9,82.0,67,68,66,Medium,5.5,No,Primary,26,0
ST01711,Sneha Seshadri,TS094,Male,8,96.9,98,89,95,High,2.9,Yes,Secondary,2,0
ST01712,Lila Dhaliwal,TS068,Male,8,59.1,62,47,56,Medium,1.3,No,Secondary,13,0
ST01713,Urvi Brahmbhatt,TS382,Female,6,59.6,64,57,66,Low,9.2,Yes,Secondary,23,1
ST01714,Siddharth Varty,TS138,Male,9,50.2,53,47,55,Medium,5.0,No,Primary,12,0
ST01715,Raksha Rajagopal,TS041,Female,7,62.3,56,56,64,Medium,2.1,Yes,Secondary,23,1
ST01716,Neha Vasa,TS351,Female,6,65.3,59,67,58,Medium,8.9,Yes,Primary,15,0
ST01717,Suhani Nath,TS041,Female,9,56.2,59,57,48,Medium,4.1,Yes,Primary,26,1
ST01718,Laksh Taneja,TS420,Female,8,54.0,58,56,39,Medium,6.3,No,Primary,11,0
ST01719,Nidra Mandal,TS066,Male,8,61.3,49,48,60,Low,8.8,No,None,26,1
ST01720,Vivaan Kari,TS217,Male,9,45.8,45,44,55,Medium,1.2,Yes,Secondary,7,0
ST01721,Fariq Warrior,TS282,Male,7,78.7,76,68,80,Low,9.9,Yes,Primary,11,0
ST01722,Fariq Aurora,TS034,Male,7,80.7,81,79,76,Medium,10.2,Yes,Primary,13,0
ST01723,Onveer Narang,TS473,Male,9,75.4,79,70,70,High,7.9,Yes,Primary,30,0
ST01724,Hemani Mall,TS259,Male,8,45.2,55,35,40,Medium,5.5,Yes,Graduate,20,1
ST01725,Wazir Bail,TS346,Female,8,77.7,67,74,82,Medium,9.0,Yes,Graduate,16,0
ST01726,Zarna Chandra,TS190,Female,8,53.9,44,59,53,Medium,7.4,Yes,Primary,18,1
ST01727,Tarak Vasa,TS332,Male,10,47.3,42,49,48,Medium,10.1,Yes,Secondary,25,1
ST01728,Yashica Nagi,TS171,Male,6,80.8,67,79,72,Medium,11.3,Yes,None,22,0
ST01729,Tamanna Sura,TS250,Male,7,77.5,77,78,84,Low,11.2,Yes,Primary,23,1
ST01730,Arunima Srinivas,TS208,Female,9,85.3,83,86,89,Low,7.0,Yes,Primary,13,0
ST01731,Meera Dhaliwal,TS235,Male,10,66.1,61,61,64,Medium,11.3,No,Secondary,18,1
ST01732,Bimala Chaudry,TS020,Female,10,85.3,89,84,73,Medium,5.1,Yes,None,28,0
ST01733,Nihal Bawa,TS340,Female,6,53.1,39,51,39,Medium,7.2,No,Secondary,20,1
ST01734,Hemangini Cheema,TS442,Female,7,89.8,89,91,85,Low,11.6,Yes,Graduate,21,1
ST01735,Akshay Deep,TS222,Male,7,93.8,87,85,93,Medium,4.3,Yes,Secondary,18,0
ST01736,Indrajit Nath,TS082,Female,7,67.7,50,56,69,Low,4.8,No,Primary,10,1
ST01737,Gunbir Viswanathan,TS090,Male,6,82.5,86,74,73,Low,7.2,Yes,None,9,0
ST01738,Devansh Rao,TS035,Male,10,71.3,63,79,59,Low,4.3,Yes,Primary,4,0
ST01739,Harini Kalla,TS124,Female,7,81.9,73,83,69,Medium,9.7,No,None,5,0
ST01740,Xalak Balakrishnan,TS148,Female,10,78.7,72,71,77,High,6.5,Yes,Primary,6,0
ST01741,Saanvi Mangat,TS110,Female,9,57.4,58,61,56,Medium,4.2,Yes,Primary,6,0
ST01742,Atharv Loyal,TS296,Female,7,73.0,69,66,75,Low,1.6,Yes,Secondary,12,0
ST01743,Falak Krish,TS491,Female,8,57.0,56,58,57,Low,5.2,No,Secondary,16,1
ST01744,Oviya Wali,TS319,Female,8,70.1,76,83,68,High,3.2,Yes,Graduate,14,0
ST01745,Arunima Murty,TS097,Female,10,59.4,64,59,67,High,1.8,Yes,Secondary,23,1
ST01746,Wahab Kalla,TS138,Female,6,91.9,94,77,95,Medium,3.6,Yes,Secondary,12,0
ST01747,Jyoti Ramachandran,TS343,Male,6,52.3,44,57,52,Low,0.5,Yes,Secondary,23,1
ST01748,Anirudh Borra,TS412,Female,8,95.3,87,90,95,Medium,7.7,Yes,None,3,0
ST01749,Farhan Date,TS406,Female,6,68.4,54,55,57,Medium,8.7,No,Primary,10,1
ST01750,Widisha Din,TS190,Female,6,93.2,94,87,85,Low,6.0,Yes,Primary,3,0
ST01751,Aarav Taneja,TS155,Male,10,96.1,89,84,99,Low,8.7,Yes,Primary,20,1
ST01752,Radha Bassi,TS236,Female,8,69.1,64,68,82,High,10.2,Yes,Graduate,15,0
ST01753,Anvi Wagle,TS228,Female,6,63.5,54,52,53,Low,7.1,Yes,Primary,15,1
ST01754,Shaurya Johal,TS289,Male,8,61.5,62,64,64,Medium,4.4,Yes,None,0,0
ST01755,Rachita Subramaniam,TS418,Female,6,68.9,61,74,69,Low,2.4,Yes,Secondary,20,1
ST01756,Amruta Parmar,TS248,Female,6,90.0,81,96,89,Medium,10.0,Yes,None,9,0
ST01757,Diya Mandal,TS237,Female,8,77.3,81,73,83,Low,6.2,Yes,Primary,14,0
ST01758,Indira Gade,TS107,Male,6,81.1,81,77,80,Medium,2.6,Yes,Secondary,7,0
ST01759,Dayita Sankaran,TS432,Female,6,52.7,57,42,45,Low,6.7,Yes,Secondary,7,1
ST01760,Gautami Purohit,TS091,Male,9,49.9,42,54,56,Low,6.6,Yes,Primary,29,1
ST01761,Owen Taneja,TS114,Female,9,56.7,64,65,52,Medium,9.2,Yes,Primary,13,0
ST01762,Hemang Pingle,TS186,Male,9,57.1,53,49,55,High,3.5,No,Secondary,22,1
ST01763,Timothy Pai,TS138,Female,6,95.9,89,85,84,Medium,7.2,No,Secondary,9,0
ST01764,Alka Venkataraman,TS086,Female,6,62.1,63,65,57,Medium,2.4,Yes,Secondary,3,0
ST01765,Aachal Shan,TS183,Male,7,45.6,51,36,48,Medium,3.0,Yes,Graduate,16,1
ST01766,Siya Pillay,TS182,Female,7,62.8,51,56,60,Medium,3.5,Yes,Primary,0,0
ST01767,Harita Gopal,TS231,Male,8,83.2,82,94,91,High,9.8,Yes,Primary,20,0
ST01768,Viraj Loke,TS281,Female,9,79.7,66,78,79,Low,11.5,Yes,Graduate,6,0
ST01769,Chatresh Chandran,TS119,Male,7,49.4,52,50,35,Medium,4.2,No,None,14,0
ST01770,Charan Bhardwaj,TS268,Female,10,59.8,49,65,62,Medium,10.8,Yes,Primary,0,0
ST01771,Lakshmi Mane,TS237,Female,6,59.8,53,59,55,High,1.3,Yes,Primary,1,0
ST01772,Upkaar Dani,TS143,Male,6,73.6,67,74,68,Low,10.9,Yes,None,1,0
ST01773,Chavvi Mand,TS366,Female,9,95.1,83,88,97,Low,10.8,Yes,Primary,16,1
ST01774,Isaac Trivedi,TS446,Male,7,78.9,83,82,69,Low,2.5,Yes,Primary,27,0
ST01775,Zayyan Sandhu,TS391,Male,7,50.1,41,49,40,Low,11.2,Yes,Primary,23,1
ST01776,Chaman Mangat,TS427,Male,9,89.3,91,92,89,Low,5.4,Yes,Graduate,21,0
ST01777,Arya Biswas,TS024,Female,8,49.9,42,48,48,Low,11.4,Yes,Secondary,0,1
ST01778,Tamanna Kaur,TS416,Male,7,94.8,84,91,78,Low,2.8,No,Primary,24,1
ST01779,Sarthak Varkey,TS486,Female,9,70.2,64,55,66,Low,10.3,No,Primary,5,0
ST01780,Jalsa Raja,TS370,Male,7,51.6,53,60,55,Medium,3.6,Yes,Secondary,26,1
ST01781,Saksham Narain,TS089,Female,6,53.4,44,55,51,Low,1.9,Yes,Primary,10,1
ST01782,Janya Sarna,TS135,Male,8,53.5,48,49,63,High,3.0,Yes,None,2,0
ST01783,Aryan Pandey,TS015,Male,7,50.3,55,57,49,High,11.9,No,Primary,11,1
ST01784,Anika Malhotra,TS276,Female,6,92.3,97,80,96,Medium,6.1,Yes,Primary,18,0
ST01785,Ridhi Bora,TS119,Female,8,74.5,58,65,70,Low,6.3,No,Graduate,17,1
ST01786,Oviya Sandal,TS270,Female,6,65.8,64,65,67,Medium,6.6,No,Secondary,6,0
ST01787,Onkar Karpe,TS431,Male,10,78.2,67,74,67,Medium,10.7,Yes,Primary,30,0
ST01788,Neel Pingle,TS011,Female,8,75.6,60,62,61,Medium,2.2,No,Primary,7,0
ST01789,Osha Arya,TS331,Male,6,45.9,58,58,58,High,6.8,Yes,Graduate,11,0
ST01790,Abha Dugar,TS207,Female,9,74.1,64,70,73,Low,4.5,Yes,Secondary,25,0
ST01791,Gauri Goel,TS043,Female,10,80.1,78,76,67,Low,1.3,Yes,Secondary,10,0
ST01792,Aarush Nori,TS442,Female,10,61.3,61,56,65,Medium,4.6,Yes,Graduate,15,0
ST01793,Tara Raj,TS021,Male,6,54.5,63,65,60,High,9.0,Yes,Primary,5,0
ST01794,Devika Aurora,TS499,Male,7,79.7,63,65,67,Low,3.4,No,Primary,29,1
ST01795,Isaiah Yohannan,TS386,Female,9,62.9,61,47,46,Medium,2.5,No,Secondary,30,1
ST01796,Chanakya Sane,TS450,Male,9,57.9,60,60,56,Medium,1.0,Yes,Graduate,7,0
ST01797,Priya Bandi,TS032,Male,7,65.6,65,59,63,High,6.6,Yes,Secondary,4,0
ST01798,Rohan Sama,TS042,Female,9,51.4,46,53,51,Medium,5.7,No,Secondary,22,1
ST01799,Sudiksha Wadhwa,TS296,Male,10,81.2,75,75,80,Medium,8.3,Yes,Secondary,18,0
ST01800,Qushi Toor,TS003,Female,6,51.8,54,53,41,Medium,6.9,No,Primary,6,0
ST01801,Dakshesh Tella,TS044,Female,6,79.1,73,75,83,Medium,1.9,Yes,Primary,10,0
ST01802,Ijaya Din,TS457,Female,8,83.4,74,65,76,Low,5.7,No,Primary,14,0
ST01803,Janani Koshy,TS060,Male,6,85.2,91,92,90,High,4.3,Yes,Graduate,24,0
ST01804,Ishani Mitra,TS490,Male,10,53.6,58,56,52,Medium,0.8,Yes,Secondary,23,1
ST01805,Bhavani Luthra,TS461,Male,9,54.5,54,51,56,Low,10.1,Yes,Primary,5,1
ST01806,Tarak Bakshi,TS270,Female,6,57.5,66,58,66,High,6.1,Yes,Graduate,6,0
ST01807,Arjun Borra,TS462,Female,10,54.5,49,58,52,Medium,3.2,No,Secondary,24,1
ST01808,Chaman Mukhopadhyay,TS034,Female,10,53.4,50,52,47,Low,7.8,No,Graduate,14,1
ST01809,Varsha Mistry,TS298,Female,7,94.0,84,99,92,Medium,6.0,Yes,Primary,22,0
ST01810,Balhaar Choudhury,TS038,Male,10,52.2,54,43,61,Low,1.1,Yes,Primary,8,1
ST01811,Manbir Banerjee,TS136,Male,10,77.4,70,70,74,High,6.2,Yes,Primary,5,0
ST01812,Yashasvi Sharaf,TS423,Female,10,88.7,88,74,90,High,6.3,No,Secondary,5,0
ST01813,Hema Murthy,TS499,Male,10,60.5,69,66,69,Low,5.9,Yes,Graduate,23,1
ST01814,Yashasvi Dani,TS319,Female,8,91.4,96,91,83,Low,2.1,Yes,Primary,19,0
ST01815,Michael Kakar,TS286,Male,6,65.6,72,55,59,Medium,6.3,Yes,Primary,22,1
ST01816,Simon Talwar,TS202,Female,9,57.4,56,60,64,High,9.0,No,Primary,5,1
ST01817,Chanchal Kulkarni,TS281,Male,7,58.5,63,62,63,High,4.6,Yes,None,14,0
ST01818,Harini Choudhury,TS283,Female,6,67.7,65,61,66,Low,7.5,No,Primary,13,1
ST01819,Bakhshi Varughese,TS261,Female,8,48.2,54,42,48,Medium,1.7,Yes,Graduate,27,1
ST01820,Warda Narayanan,TS194,Female,10,83.4,85,90,75,Medium,4.4,Yes,Secondary,19,0
ST01821,Chavvi Prasad,TS446,Male,9,71.4,74,81,71,High,2.9,Yes,Primary,15,0
ST01822,Tarak Sengupta,TS007,Male,7,97.5,99,93,98,High,10.0,Yes,None,4,0
ST01823,Manya Thakur,TS154,Male,8,65.5,60,58,60,Low,2.6,Yes,None,6,1
ST01824,Reyansh Sidhu,TS437,Female,10,88.0,93,91,88,Low,8.7,Yes,Secondary,7,0
ST01825,Adweta Dey,TS185,Female,10,86.9,80,82,73,Low,7.5,Yes,Secondary,28,1
ST01826,William Bajwa,TS380,Male,10,50.7,45,54,42,High,5.1,No,Graduate,20,1
ST01827,Parth Randhawa,TS131,Female,6,59.2,56,50,67,Low,0.5,Yes,Primary,17,1
ST01828,Sai Manne,TS311,Female,9,52.0,44,54,60,Low,10.0,Yes,Graduate,10,1
ST01829,Michael Dhillon,TS356,Female,8,70.9,65,63,58,Medium,2.4,Yes,Primary,1,0
ST01830,Eesha Parikh,TS174,Female,6,48.3,57,48,44,Medium,4.0,Yes,Secondary,15,0
ST01831,Hema Varty,TS139,Male,9,62.8,66,57,59,Low,4.8,Yes,Graduate,29,1
ST01832,Sathvik Sehgal,TS397,Female,7,94.5,82,94,90,High,11.2,No,None,16,0
ST01833,Nidra Divan,TS081,Female,9,74.3,80,65,79,Medium,7.0,Yes,Graduate,17,0
ST01834,Harshil Parmar,TS371,Male,7,91.1,77,82,86,Medium,7.3,Yes,Primary,19,0
ST01835,Hema Choudhury,TS153,Female,6,97.2,99,94,94,High,8.4,Yes,Primary,0,0
ST01836,Agastya Venkataraman,TS026,Female,10,61.8,69,64,66,High,4.8,Yes,Primary,8,0
ST01837,Jason Talwar,TS451,Male,6,70.2,61,69,74,Medium,3.1,Yes,Graduate,7,0
ST01838,Ronith Bandi,TS421,Male,8,73.4,66,80,75,Medium,1.9,Yes,None,7,0
ST01839,Vaishnavi Issac,TS324,Female,8,46.6,39,53,54,High,1.5,No,Graduate,24,1
ST01840,Aishani Bahri,TS243,Male,8,83.8,76,67,85,Medium,10.2,No,Secondary,30,0
ST01841,Chandresh Shenoy,TS321,Female,8,92.1,91,96,86,Medium,11.2,Yes,Graduate,2,0
ST01842,Saksham Nagar,TS266,Female,9,65.2,73,56,71,Medium,5.1,Yes,Primary,6,0
ST01843,Dipta Kade,TS281,Male,7,67.2,72,57,69,Medium,8.2,Yes,None,21,1
ST01844,Kritika Agarwal,TS004,Male,10,88.4,89,89,75,Low,1.1,Yes,Primary,2,0
ST01845,Arunima Rana,TS242,Male,6,45.8,46,38,52,Low,10.5,Yes,Primary,2,1
ST01846,Kala Lad,TS439,Female,8,70.5,63,78,80,High,10.7,Yes,Primary,6,0
ST01847,Warda Merchant,TS148,Female,8,58.0,47,47,64,Low,3.7,Yes,Secondary,6,1
ST01848,Azad Narula,TS090,Female,6,74.2,74,60,75,Medium,8.9,No,Primary,30,0
ST01849,Aayush Rajagopal,TS034,Female,7,45.7,54,54,55,Low,10.3,Yes,None,12,1
ST01850,Patrick Doshi,TS075,Female,10,77.2,68,78,64,Low,4.4,Yes,Graduate,24,0
ST01851,Ranbir Morar,TS127,Male,8,61.7,52,69,54,Medium,5.4,Yes,Primary,5,0
ST01852,Pallavi Gill,TS132,Female,8,95.2,85,96,96,Low,11.2,Yes,Primary,4,0
ST01853,Upadhriti Prasad,TS457,Male,7,69.3,65,74,77,Low,7.2,Yes,Secondary,22,1
ST01854,Mitali D’Alia,TS113,Male,7,97.0,82,84,86,Medium,11.4,Yes,Secondary,25,0
ST01855,Darpan Nagarajan,TS415,Male,8,51.1,57,49,57,Medium,1.3,Yes,None,15,0
ST01856,Turvi Arya,TS370,Male,7,81.9,84,78,75,High,1.5,Yes,Primary,14,0
ST01857,Sathvik Khanna,TS251,Male,7,68.7,76,69,60,Medium,10.5,Yes,Primary,28,1
ST01858,Bahadurjit Dara,TS308,Male,10,82.2,76,76,69,Low,5.8,Yes,None,4,0
ST01859,Arya Bahri,TS420,Female,8,64.0,67,65,53,Medium,9.9,No,Graduate,18,1
ST01860,Ishwar Soni,TS478,Male,9,68.4,67,77,70,High,11.0,Yes,Secondary,7,0
ST01861,Pallavi Trivedi,TS167,Male,8,47.0,37,49,41,Medium,2.1,No,Primary,27,1
ST01862,Jeremiah Sibal,TS108,Male,9,70.3,75,58,60,Low,7.6,Yes,Graduate,28,1
ST01863,Maanav Murthy,TS432,Female,10,87.0,84,87,82,Medium,5.1,No,Secondary,14,0
ST01864,Nachiket Setty,TS083,Male,6,86.9,85,74,93,Low,11.1,Yes,Secondary,18,1
ST01865,Matthew Bawa,TS213,Male,9,58.4,55,51,61,Medium,1.1,Yes,Primary,16,1
ST01866,Pavani Brar,TS035,Male,8,85.3,84,92,91,High,4.7,Yes,Primary,23,0
ST01867,Yatin Narayan,TS395,Female,7,56.0,45,63,63,Low,9.6,Yes,None,16,1
ST01868,Gayathri Krish,TS381,Male,8,46.2,43,37,36,Low,8.3,Yes,Secondary,11,1
ST01869,Anya Madan,TS269,Male,7,90.2,83,80,94,Low,9.6,Yes,Secondary,23,1
ST01870,Pooja Dugal,TS086,Male,10,76.1,83,83,77,Low,8.6,Yes,None,12,0
ST01871,Andrew Rege,TS167,Male,8,64.4,70,57,58,Low,1.1,Yes,Secondary,28,1
ST01872,Urmi Kulkarni,TS124,Male,8,87.3,90,88,79,Low,10.7,Yes,Secondary,29,1
ST01873,Jack Andra,TS318,Male,8,67.8,73,68,74,Medium,11.3,Yes,Primary,1,0
ST01874,Damyanti Shanker,TS030,Male,10,94.5,99,96,97,High,10.6,Yes,Primary,15,0
ST01875,Atharv Kota,TS265,Female,10,78.6,77,74,62,Low,1.0,No,Graduate,13,0
ST01876,Urvi Kapadia,TS304,Female,9,93.6,93,84,89,Medium,10.7,Yes,Secondary,0,0
ST01877,Faqid Deshpande,TS123,Male,8,61.4,69,54,53,Medium,10.0,Yes,Secondary,26,1
ST01878,Devansh Warrior,TS409,Male,7,53.7,52,45,58,Low,7.1,Yes,Primary,16,1
ST01879,Henry Ramaswamy,TS400,Male,10,55.0,51,57,49,Low,7.1,No,Secondary,29,1
ST01880,Jason Bora,TS168,Male,9,76.4,70,69,72,Medium,0.6,No,Primary,30,0
ST01881,Mohini Sharma,TS491,Male,8,88.4,91,81,83,High,4.0,No,Graduate,5,0
ST01882,Rachit Prakash,TS057,Male,10,62.6,61,59,67,Low,5.3,Yes,Graduate,7,1
ST01883,Faqid Solanki,TS253,Male,7,60.2,62,48,64,Medium,5.8,No,Graduate,0,0
ST01884,Indrajit Chhabra,TS271,Female,10,96.8,93,77,93,Low,9.1,No,Secondary,10,0
ST01885,Gaurang Gade,TS153,Female,6,91.6,78,82,93,Low,8.8,Yes,None,22,1
ST01886,Kala Atwal,TS115,Male,10,84.2,82,83,81,Low,9.9,Yes,Secondary,23,1
ST01887,Warhi Sarma,TS439,Male,6,78.8,69,62,70,Low,6.9,No,Secondary,7,0
ST01888,Kevin Tank,TS121,Male,7,46.6,36,43,54,Low,1.0,Yes,Secondary,29,1
ST01889,Frederick Basu,TS221,Female,10,95.9,99,91,98,High,0.9,Yes,Secondary,26,0
ST01890,Meghana Patel,TS232,Male,9,64.4,64,62,64,Medium,3.5,Yes,Primary,13,0
ST01891,Benjamin Suri,TS150,Male,7,87.9,83,88,93,High,11.3,Yes,Secondary,23,0
ST01892,Bimala Sarkar,TS084,Female,6,54.4,51,59,44,Low,2.3,Yes,Secondary,16,1
ST01893,Dakshesh Sastry,TS305,Female,7,82.9,72,77,69,Low,1.5,Yes,Secondary,0,0
ST01894,Chakradev Goda,TS031,Male,6,72.5,65,68,80,Medium,7.2,Yes,None,13,0
ST01895,Tristan Gulati,TS111,Female,10,65.3,51,61,65,Low,11.6,No,Secondary,26,1
ST01896,Harshil Swaminathan,TS150,Male,8,54.6,48,47,52,Low,8.3,Yes,Secondary,22,1
ST01897,Waida Kalla,TS437,Male,7,58.3,62,60,64,Medium,5.1,Yes,Secondary,7,0
ST01898,Matthew Rai,TS271,Male,8,46.6,48,54,39,Medium,5.0,Yes,Secondary,18,1
ST01899,Gavin Mand,TS428,Female,8,75.3,84,86,86,High,10.2,Yes,Secondary,13,0
ST01900,Sarthak Mukhopadhyay,TS478,Female,6,70.3,62,63,73,Low,3.4,Yes,Secondary,6,0
ST01901,Urvi Tata,TS471,Female,9,74.3,70,86,67,High,10.2,Yes,Graduate,23,0
ST01902,Chameli Prasad,TS169,Male,8,48.1,55,46,57,High,3.3,No,Primary,1,0
ST01903,Qarin Chowdhury,TS307,Female,8,90.7,97,99,96,High,1.6,Yes,Secondary,11,0
ST01904,Dhriti Kapadia,TS051,Female,9,57.1,52,49,57,Medium,7.6,Yes,None,26,1
ST01905,Fitan Prakash,TS109,Male,10,51.4,60,49,66,High,0.9,Yes,None,24,1
ST01906,Chanakya Bera,TS330,Male,6,90.6,86,79,77,Low,1.1,No,Secondary,11,0
ST01907,Liam Bose,TS458,Male,7,90.4,79,78,84,Medium,8.9,Yes,Primary,20,0
ST01908,Hema Sahota,TS142,Female,10,51.4,62,53,59,High,1.1,Yes,Primary,4,0
ST01909,Gayathri Merchant,TS489,Male,6,48.9,39,54,53,Low,2.9,No,Secondary,21,1
ST01910,Champak Sharma,TS398,Female,6,80.1,80,86,87,Medium,2.1,Yes,Graduate,17,0
ST01911,Varenya Pau,TS299,Male,10,52.8,57,38,57,Low,1.0,No,Primary,13,1
ST01912,Tanish Venkatesh,TS492,Male,8,46.8,57,55,44,Medium,1.9,Yes,Secondary,20,1
ST01913,Tarak Joshi,TS175,Male,10,86.4,85,89,92,Low,7.2,Yes,Secondary,28,1
ST01914,Vasana Bhatti,TS266,Female,9,78.0,70,81,65,Low,10.1,Yes,Primary,14,0
ST01915,Agastya Shroff,TS315,Female,9,58.1,46,42,53,Low,3.8,No,Secondary,20,1
ST01916,Anya Mitter,TS295,Male,9,49.8,48,52,54,Medium,8.3,Yes,None,16,1
ST01917,Owen Goyal,TS022,Male,9,92.0,96,99,98,High,3.8,Yes,None,26,0
ST01918,Chavvi Rao,TS398,Male,10,74.6,84,68,84,High,10.2,Yes,Graduate,13,0
ST01919,Amol Pall,TS128,Male,9,56.5,53,56,46,Low,6.1,No,Primary,30,1
ST01920,Yutika Pillay,TS374,Female,10,71.8,78,74,62,Low,6.8,Yes,Primary,26,0
ST01921,Laksh Joshi,TS087,Female,7,86.0,84,86,72,Medium,11.0,Yes,Primary,23,0
ST01922,Luke Wason,TS441,Male,7,85.1,86,86,80,Medium,6.0,Yes,None,22,0
ST01923,Vasatika Majumdar,TS019,Female,6,83.6,83,73,78,Low,2.6,Yes,Primary,23,0
ST01924,Zaitra Chada,TS491,Female,8,52.2,49,41,49,Medium,11.9,Yes,Graduate,22,1
ST01925,Shivansh Kumer,TS486,Male,10,56.2,51,41,58,Low,11.4,No,Graduate,19,1
ST01926,Chandani Sridhar,TS439,Female,8,56.5,42,47,57,Low,0.8,No,Secondary,14,1
ST01927,Forum Ray,TS226,Female,6,51.3,46,48,58,Low,10.2,Yes,Primary,4,1
ST01928,Wahab Bhatti,TS328,Female,6,56.5,64,60,51,Medium,11.6,Yes,Graduate,3,0
ST01929,Girish Mani,TS376,Female,6,80.4,82,83,70,Low,4.7,Yes,Primary,25,0
ST01930,Aryan Shenoy,TS092,Female,10,81.2,77,72,71,Low,11.6,Yes,Secondary,24,1
ST01931,Rachana Doctor,TS033,Male,8,95.8,94,99,99,Low,2.0,Yes,Secondary,22,0
ST01932,Darpan Memon,TS427,Female,6,68.3,61,72,61,Low,7.0,Yes,Secondary,17,1
ST01933,Hemal Dave,TS168,Male,7,57.6,54,45,58,Medium,9.0,No,Secondary,0,1
ST01934,Laksh Wali,TS029,Male,10,79.6,66,66,78,Low,7.8,Yes,Primary,6,0
ST01935,Gagan Kota,TS030,Male,9,89.8,92,81,95,Low,7.8,Yes,Secondary,21,1
ST01936,Aryan Sidhu,TS334,Male,9,70.1,71,53,64,Medium,10.5,No,Primary,8,0
ST01937,Hemang Nazareth,TS029,Male,6,71.3,59,58,67,Medium,9.6,No,Secondary,22,0
ST01938,Yashica Viswanathan,TS394,Male,8,54.4,60,62,44,Low,1.6,Yes,Primary,27,1
ST01939,Gaurang Swamy,TS362,Male,6,78.3,84,75,80,Medium,7.6,Yes,Secondary,5,0
ST01940,Mekhala Karpe,TS385,Female,6,88.5,92,76,74,Low,2.9,Yes,Primary,24,0
ST01941,Bahadurjit Sampath,TS443,Male,6,79.5,67,77,72,Medium,6.5,No,None,15,0
ST01942,Chaaya Prashad,TS201,Male,8,88.3,79,84,88,High,11.8,Yes,Primary,29,0
ST01943,Netra Kala,TS408,Female,7,61.3,51,59,58,Low,5.8,Yes,Graduate,25,1
ST01944,Osha Patil,TS123,Male,7,45.8,39,43,38,Low,5.5,Yes,Primary,17,1
ST01945,Ansh Pandya,TS297,Female,9,71.1,66,69,67,Medium,1.8,Yes,Secondary,11,0
ST01946,Elijah Luthra,TS457,Male,10,52.3,55,46,57,Low,11.5,No,None,14,1
ST01947,Libni Dutta,TS324,Male,6,73.6,75,59,67,Medium,7.8,No,Graduate,14,0
ST01948,Chaitaly Dhar,TS080,Male,7,54.8,63,56,44,Low,9.8,Yes,Graduate,2,1
ST01949,Omya Shroff,TS027,Male,8,47.4,57,57,61,High,8.4,Yes,None,8,0
ST01950,Ubika Bhagat,TS196,Female,9,68.3,65,70,68,High,5.8,No,Secondary,30,1
ST01951,Krisha Soni,TS224,Female,7,45.2,42,40,55,Low,8.0,Yes,Secondary,2,1
ST01952,Rushil Sane,TS432,Male,10,80.4,75,62,77,Medium,8.5,No,None,10,0
ST01953,Laksh Bhagat,TS178,Male,6,73.2,64,78,76,High,6.5,No,Secondary,2,0
ST01954,Onkar Ravel,TS256,Male,10,57.1,42,54,56,Medium,3.2,No,Primary,15,1
ST01955,Rayaan Khalsa,TS322,Female,6,56.3,43,45,57,Medium,8.3,No,Primary,22,1
ST01956,Thomas Dar,TS258,Female,7,65.6,54,59,65,Medium,1.8,No,Graduate,29,1
ST01957,Qabil Pant,TS151,Male,9,60.1,51,60,65,Medium,10.1,Yes,Secondary,16,1
ST01958,Ranveer Wali,TS271,Male,9,91.0,82,96,81,Medium,11.6,Yes,None,19,0
ST01959,Anjali Bahri,TS299,Male,7,77.9,73,79,83,Medium,0.6,Yes,Graduate,3,0
ST01960,Daksh Babu,TS139,Female,10,78.6,68,66,85,Low,9.1,Yes,Secondary,21,1
ST01961,Chandran Sheth,TS356,Female,9,94.8,82,86,76,Low,1.4,No,Secondary,4,0
ST01962,Simon Nayak,TS234,Male,9,96.0,93,81,92,Medium,10.4,No,Primary,13,0
ST01963,Ekaraj Das,TS256,Male,7,57.7,57,60,47,Low,2.1,Yes,None,19,1
ST01964,Anjali Barman,TS406,Female,10,58.2,51,66,61,Medium,3.4,Yes,Primary,10,0
ST01965,Falguni Vyas,TS129,Male,6,58.6,61,50,56,Low,6.1,No,None,5,1
ST01966,Darika Bail,TS418,Female,8,68.5,51,52,64,Low,0.8,No,Secondary,13,1
ST01967,Faras Tella,TS474,Female,9,96.2,99,97,94,High,5.5,Yes,Secondary,15,0
ST01968,Qadim Mahal,TS180,Male,8,77.1,80,79,78,Low,6.9,Yes,Primary,17,0
ST01969,Kai Mahal,TS149,Female,6,46.2,36,44,41,Low,3.8,Yes,Secondary,24,1
ST01970,Nandini Kota,TS084,Male,8,68.3,67,67,64,Low,9.8,Yes,Secondary,26,1
ST01971,Janani Gola,TS238,Female,7,82.0,75,77,86,Low,11.3,Yes,None,12,0
ST01972,Bhavini Bobal,TS381,Female,10,88.3,84,70,80,Medium,11.2,No,Secondary,2,0
ST01973,Ojasvi Bhavsar,TS066,Female,8,91.9,92,85,87,Medium,4.2,Yes,Primary,9,0
ST01974,Ikshita Jain,TS050,Female,9,69.8,58,63,59,Low,5.4,Yes,Graduate,10,1
ST01975,Damini Uppal,TS245,Male,7,52.2,56,43,57,Medium,1.3,Yes,None,0,0
ST01976,Ikshita Sha,TS278,Male,9,65.6,59,68,69,Medium,9.2,Yes,Graduate,16,1
ST01977,Aishani Prabhu,TS194,Male,8,89.3,78,89,90,Low,4.3,Yes,Graduate,27,0
ST01978,Chaaya Issac,TS396,Male,6,56.3,53,56,64,High,2.2,Yes,Primary,8,0
ST01979,Max Balasubramanian,TS202,Male,8,92.2,89,81,79,Low,2.5,Yes,Secondary,14,0
ST01980,Rudra Mander,TS084,Female,9,63.8,52,61,54,Medium,0.6,Yes,Secondary,24,1
ST01981,Chaitanya Yogi,TS076,Male,6,51.9,52,46,49,Medium,4.6,Yes,Secondary,19,1
ST01982,Jonathan Kalita,TS222,Female,9,89.5,72,72,76,Medium,2.9,No,Primary,17,0
ST01983,Dipta Hayer,TS479,Male,7,72.9,71,70,68,Medium,11.7,Yes,Primary,11,0
ST01984,Sanaya Krishnan,TS153,Female,8,74.7,82,81,72,Medium,6.3,Yes,Secondary,10,0
ST01985,Matthew Shah,TS387,Female,6,84.2,92,76,77,High,8.7,Yes,Graduate,7,0
ST01986,Banjeet Mistry,TS155,Female,10,87.0,72,80,81,Medium,3.7,No,Graduate,12,0
ST01987,Bakhshi Sehgal,TS439,Male,10,61.7,64,63,59,Low,10.2,Yes,Secondary,13,1
ST01988,Pratyush Sandal,TS076,Male,7,75.2,76,71,71,High,3.8,Yes,Secondary,10,0
ST01989,Hemang Mallick,TS242,Male,7,62.5,51,64,56,Medium,9.3,Yes,Primary,12,0
ST01990,Fiyaz Lanka,TS312,Male,10,64.4,60,60,65,Low,11.0,Yes,None,21,1
ST01991,Kavya Sarraf,TS141,Male,9,53.8,44,59,53,Low,2.4,Yes,Primary,29,1
ST01992,Devika Choudhary,TS134,Female,7,47.6,48,33,46,Medium,3.6,No,Graduate,2,0
ST01993,Omya Nori,TS389,Female,7,97.3,86,92,98,Medium,3.1,Yes,None,18,0
ST01994,Darika Dar,TS498,Female,6,46.2,54,52,41,Low,7.3,Yes,None,29,1
ST01995,Manan Bhakta,TS026,Male,7,65.4,70,61,67,Medium,3.8,Yes,Primary,2,0
ST01996,Omaja Natarajan,TS252,Female,8,54.0,58,46,44,Low,1.0,Yes,Secondary,11,1
ST01997,Chanchal Mutti,TS130,Male,10,69.3,58,70,61,Low,5.5,Yes,Primary,12,1
ST01998,Jai Prakash,TS341,Male,6,91.5,97,87,87,Medium,1.9,Yes,Secondary,9,0
ST01999,Amara Biswas,TS317,Male,6,59.4,60,53,48,Low,7.3,Yes,Secondary,4,1
ST02000,Jonathan Banerjee,TS264,Male,9,82.6,70,71,81,Medium,8.6,Yes,None,13,0
ST02001,Abhiram Baral,TS331,Male,7,51.5,42,54,61,Low,1.0,Yes,Secondary,9,1
ST02002,Baghyawati Thaman,TS306,Male,7,45.6,41,49,41,Medium,9.6,Yes,Secondary,25,1
ST02003,Madhav Nadkarni,TS436,Male,8,81.8,85,91,81,High,1.6,Yes,Secondary,12,0
ST02004,Gaurika Rama,TS010,Male,10,87.8,85,73,87,Medium,8.1,No,Secondary,13,0
ST02005,Bina Bala,TS052,Female,8,86.3,87,89,79,High,3.7,Yes,Primary,16,0
ST02006,Arin Purohit,TS006,Female,7,87.7,85,81,93,Low,6.5,Yes,Primary,6,0
ST02007,Dhruv Hans,TS047,Male,10,92.1,90,87,91,Low,5.7,No,None,0,0
ST02008,Chaaya Bora,TS490,Female,10,53.6,57,45,40,Low,7.2,No,Secondary,9,1
ST02009,Maanas Jayaraman,TS048,Male,9,76.5,66,81,75,Medium,5.7,Yes,Secondary,6,0
ST02010,Oviya Pandya,TS221,Female,8,52.2,37,36,42,Low,4.4,No,Primary,15,1
ST02011,Warinder Zacharia,TS137,Female,9,73.1,73,76,78,Low,6.7,Yes,Secondary,29,0
ST02012,Mitesh Chaudry,TS028,Male,9,89.0,86,75,93,Low,2.3,Yes,Primary,4,0
ST02013,Ucchal Prasad,TS010,Female,9,57.7,57,50,47,Low,5.8,Yes,Secondary,14,1
ST02014,Chatresh Saran,TS101,Female,6,82.6,67,81,76,Medium,3.1,No,Primary,1,0
ST02015,Ridhi Date,TS008,Male,6,97.3,85,83,95,Low,3.7,Yes,Graduate,20,0
ST02016,Devika Thaker,TS390,Female,9,63.1,52,61,62,Medium,1.7,Yes,Secondary,11,0
ST02017,Aditya Karnik,TS379,Female,8,63.8,71,63,69,Low,6.9,Yes,Secondary,28,1
ST02018,Vasatika Suri,TS264,Female,9,88.1,90,84,78,Medium,4.2,Yes,None,2,0
ST02019,Zansi Chanda,TS184,Male,9,91.1,75,80,76,Medium,10.2,No,Primary,15,0
ST02020,Timothy Ranganathan,TS486,Male,6,81.7,74,88,74,Low,6.2,Yes,Secondary,2,0
ST02021,Ekta Nadig,TS478,Female,7,67.0,61,58,56,Medium,10.9,Yes,Graduate,4,0
ST02022,Andrew Singh,TS366,Female,10,49.6,44,56,41,Low,11.6,Yes,Graduate,1,1
ST02023,Nandini Chandran,TS359,Female,6,75.3,82,72,67,Low,9.2,Yes,Primary,22,1
ST02024,Joshua Sachar,TS108,Female,9,57.1,50,65,50,Medium,9.6,Yes,None,14,0
ST02025,Lajita Ghose,TS220,Female,8,49.3,44,54,47,Low,8.8,Yes,None,22,1
ST02026,Shivani Prabhu,TS378,Female,10,85.5,91,86,81,Medium,2.2,Yes,Secondary,30,0
ST02027,Chaitanya Vasa,TS239,Female,7,50.2,63,54,55,High,2.7,Yes,None,0,0
ST02028,Saksham Balakrishnan,TS272,Female,6,47.7,53,46,49,Low,6.5,Yes,Secondary,9,1
ST02029,Rachit Venkataraman,TS500,Male,6,89.1,88,77,84,Low,4.1,Yes,Primary,20,0
ST02030,Mitesh Sarkar,TS482,Female,8,59.3,48,55,49,Low,5.4,Yes,Primary,24,1
ST02031,Raagini Prasad,TS117,Female,6,95.1,90,89,85,Medium,7.7,Yes,Graduate,24,0
ST02032,Madhav Chaudry,TS322,Male,6,88.6,88,75,81,Low,2.2,Yes,Secondary,16,0
ST02033,Isha Mangal,TS387,Female,8,67.9,55,63,66,Medium,10.4,No,Graduate,23,1
ST02034,Anirudh Din,TS215,Male,6,91.6,77,75,92,Low,5.9,No,Secondary,24,1
ST02035,Indrajit Bhatia,TS468,Female,10,72.0,66,76,79,Low,7.5,Yes,Secondary,12,0
ST02036,Shaurya Karnik,TS066,Male,10,93.4,87,81,86,High,3.2,No,Graduate,21,0
ST02037,Jacob Shroff,TS076,Female,6,66.7,65,67,70,Medium,6.6,No,Primary,10,0
ST02038,Xalak Tank,TS119,Female,6,61.4,59,51,63,Low,4.3,Yes,Secondary,26,1
ST02039,Triya Talwar,TS244,Female,9,83.4,82,87,86,Low,2.8,Yes,None,29,0
ST02040,Niharika Sama,TS434,Male,9,96.5,94,99,99,High,0.8,Yes,Secondary,16,0
ST02041,Isaac Dhawan,TS153,Male,6,65.6,50,57,53,Medium,4.7,No,Secondary,19,1
ST02042,Krish Korpal,TS255,Female,6,59.2,61,56,64,Medium,2.9,Yes,Secondary,21,1
ST02043,Ira Patla,TS323,Female,7,86.3,77,80,91,Medium,4.4,Yes,Secondary,6,0
ST02044,Kashish Chakrabarti,TS260,Male,9,85.2,89,88,77,High,4.0,Yes,Primary,10,0
ST02045,Bhavika Goel,TS383,Male,9,78.6,69,73,67,Medium,2.3,Yes,Primary,16,0
ST02046,Bakhshi Wadhwa,TS369,Female,7,68.6,59,69,74,Low,9.7,Yes,None,23,1
ST02047,Vrinda Sharma,TS098,Male,7,75.8,83,75,83,Medium,7.3,Yes,Primary,11,0
ST02048,Fitan Doctor,TS377,Female,10,65.5,53,53,56,Medium,10.2,Yes,Graduate,14,0
ST02049,Aarna Pradhan,TS043,Male,7,55.8,51,59,50,Medium,2.8,Yes,Secondary,24,1
ST02050,Krish Bajwa,TS361,Female,8,58.3,50,66,53,Medium,4.2,Yes,None,23,1
ST02051,Parth Arya,TS354,Female,7,73.5,66,71,63,Medium,4.9,No,Primary,8,0
ST02052,Quincy Srinivasan,TS239,Female,8,53.5,57,53,56,Low,0.7,Yes,Secondary,12,1
ST02053,Chandresh Bains,TS285,Male,10,56.3,45,54,64,Low,9.1,Yes,Primary,29,1
ST02054,Amrita Viswanathan,TS365,Male,8,63.0,59,64,48,Low,9.5,No,Primary,16,1
ST02055,Abdul Raj,TS187,Female,7,62.8,57,51,64,Low,10.7,No,Primary,21,1
ST02056,Yashawini Mody,TS291,Male,6,83.0,79,71,70,Medium,11.4,No,Secondary,0,0
ST02057,Zilmil Patil,TS402,Male,8,95.8,99,87,99,Low,8.1,Yes,Primary,26,1
ST02058,Samaksh Gera,TS306,Female,9,85.0,80,85,83,Medium,5.7,Yes,Primary,6,0
ST02059,Yahvi Ranganathan,TS310,Female,7,90.5,89,80,86,Medium,10.5,No,Graduate,10,0
ST02060,Pushti More,TS351,Male,7,86.2,88,84,77,Low,5.9,Yes,Secondary,30,0
ST02061,William Sodhi,TS482,Female,6,93.9,91,99,96,Medium,10.5,Yes,None,8,0
ST02062,Amol D’Alia,TS308,Male,6,59.2,48,48,57,Low,4.8,Yes,Secondary,0,1
ST02063,Ojas Sami,TS284,Male,9,76.8,78,70,68,Low,10.7,No,Primary,7,0
ST02064,Nachiket Venkataraman,TS128,Female,10,94.7,97,94,94,Medium,2.5,Yes,Primary,10,0
ST02065,Vinaya Rajagopal,TS474,Male,9,54.7,63,47,51,Medium,2.8,Yes,None,7,0
ST02066,Bhavini Chakrabarti,TS302,Male,8,85.7,86,86,86,Medium,6.2,Yes,Graduate,8,0
ST02067,Orinder Borah,TS379,Female,7,59.0,54,49,55,Medium,10.1,No,Primary,8,1
ST02068,Rachit Kurian,TS321,Male,7,69.4,69,68,65,Low,7.8,Yes,Primary,21,1
ST02069,Vasudha Ram,TS045,Male,10,82.7,69,72,74,Low,8.6,Yes,None,28,1
ST02070,Raksha Zachariah,TS148,Female,10,71.1,72,67,70,Low,8.7,Yes,Graduate,12,0
ST02071,Divya Lata,TS302,Male,8,96.1,81,97,99,Low,4.0,Yes,Secondary,26,0
ST02072,Om Jayaraman,TS087,Female,9,45.8,42,47,54,Low,10.9,Yes,Secondary,6,1
ST02073,Ethan Butala,TS369,Male,6,48.8,51,48,42,Low,10.4,Yes,Secondary,10,1
ST02074,Wakeeta Vyas,TS038,Male,7,85.5,88,96,85,High,8.7,Yes,Secondary,24,0
ST02075,Maya Sagar,TS102,Male,9,54.5,66,57,57,High,6.5,Yes,Graduate,12,0
ST02076,Matthew Sehgal,TS339,Female,6,81.5,78,82,73,Medium,3.0,No,Secondary,17,0
ST02077,Isaiah Sagar,TS066,Female,8,91.6,91,87,83,Low,10.4,Yes,Primary,8,0
ST02078,Charita De,TS262,Male,9,82.1,83,78,73,Low,3.2,Yes,None,10,0
ST02079,Anay Behl,TS054,Female,7,51.2,51,42,60,Low,6.7,Yes,None,22,1
ST02080,Aahana Kalita,TS187,Male,8,57.7,61,52,66,Medium,10.2,Yes,Secondary,25,1
ST02081,Tara Karnik,TS291,Male,7,53.6,46,45,57,Low,5.2,Yes,Primary,24,1
ST02082,Veda Palla,TS239,Male,8,81.1,83,87,74,Low,6.7,Yes,Secondary,14,0
ST02083,Libni Bora,TS347,Female,9,94.3,85,87,96,Medium,7.4,Yes,Secondary,22,0
ST02084,Suhani Dua,TS334,Female,10,53.1,51,52,39,Low,0.8,No,Primary,0,1
ST02085,Rajata Biswas,TS016,Female,7,57.1,59,51,66,Medium,5.8,Yes,Graduate,22,1
ST02086,Arunima Bhagat,TS372,Female,10,85.5,78,91,71,Medium,10.5,Yes,Primary,15,0
ST02087,Ekta Krishna,TS138,Female,6,59.3,67,56,64,Low,4.5,Yes,Primary,19,1
ST02088,Faras Raju,TS011,Male,9,59.9,53,70,61,High,4.7,Yes,Secondary,0,0
ST02089,Ikshita Natt,TS255,Male,10,54.0,45,53,59,Low,3.9,Yes,None,20,1
ST02090,Vrishti Verma,TS051,Female,9,61.7,62,63,50,Medium,6.8,Yes,Primary,20,1
ST02091,Atharv Sule,TS101,Female,10,91.1,87,96,99,High,7.7,Yes,Primary,20,0
ST02092,Girik Mitra,TS190,Female,6,65.5,68,62,62,Medium,9.4,No,Primary,13,1
ST02093,Ridhi Loyal,TS050,Male,6,68.9,72,57,65,Medium,10.0,Yes,Secondary,17,1
ST02094,Harinakshi Som,TS161,Male,8,87.1,87,69,78,Low,10.9,No,None,0,0
ST02095,Rajeshri Saha,TS257,Male,10,47.8,49,35,45,Low,6.1,No,Primary,12,1
ST02096,Priya Nagy,TS102,Female,7,85.5,82,82,75,Low,3.0,Yes,Primary,0,0
ST02097,Vanya Palla,TS102,Male,9,87.3,71,71,75,Low,2.5,No,Graduate,18,1
ST02098,Yachana Talwar,TS168,Female,7,76.0,81,63,74,Medium,10.6,Yes,Primary,4,0
ST02099,Harinakshi Kumar,TS298,Female,6,71.9,69,66,76,High,1.1,Yes,Graduate,23,0
ST02100,Aarini Banerjee,TS393,Male,10,56.9,54,59,52,Medium,4.5,Yes,None,28,1
ST02101,Lopa Golla,TS102,Female,8,66.5,71,65,65,High,7.7,No,Secondary,23,1
ST02102,Chandran Parmer,TS371,Female,7,62.4,67,67,71,Low,5.4,Yes,Secondary,11,1
ST02103,Anusha Kale,TS269,Female,6,96.6,80,89,83,Low,11.6,No,None,2,0
ST02104,Manan Koshy,TS161,Male,9,74.4,80,79,62,Medium,10.6,Yes,Secondary,20,0
ST02105,Jeevika Goswami,TS118,Male,10,59.4,54,58,49,Low,9.1,Yes,Graduate,11,1
ST02106,Faris Sethi,TS075,Female,8,47.1,55,41,53,Low,10.5,Yes,Primary,16,1
ST02107,Ekapad Rastogi,TS208,Female,10,55.8,62,50,66,High,2.0,Yes,Graduate,12,0
ST02108,Oscar Bakshi,TS333,Female,6,93.4,99,91,99,High,2.0,Yes,None,9,0
ST02109,Ekanta Amble,TS220,Female,6,46.0,36,56,37,Medium,5.7,Yes,Secondary,9,1
ST02110,Dakshesh Kuruvilla,TS036,Female,7,45.3,54,57,51,High,6.3,Yes,Primary,7,0
ST02111,Gabriel Kala,TS141,Female,9,52.3,59,57,46,Low,5.9,Yes,Primary,21,1
ST02112,Laban Rai,TS182,Male,6,61.1,67,64,65,Medium,6.5,Yes,Graduate,27,1
ST02113,Tamanna Gill,TS269,Female,8,84.9,84,83,89,Low,1.1,Yes,Primary,15,0
ST02114,Faras Sharma,TS480,Male,6,54.5,46,52,46,Low,9.4,Yes,Primary,13,1
ST02115,Chaaya Shetty,TS152,Female,9,52.8,51,45,59,Low,6.3,Yes,Graduate,22,1
ST02116,Saumya Gulati,TS424,Female,7,77.3,66,72,69,Medium,3.1,Yes,Secondary,6,0
ST02117,Ekavir Brar,TS042,Female,6,48.3,54,58,49,Medium,9.6,Yes,Secondary,1,0
ST02118,Samaksh Soman,TS208,Male,6,77.9,67,81,71,Low,1.5,Yes,None,26,0
ST02119,Dayita Deol,TS287,Male,7,95.9,99,99,90,High,10.5,Yes,None,4,0
ST02120,Ekalinga Nazareth,TS034,Male,9,64.3,55,56,54,Medium,4.8,No,Secondary,18,1
ST02121,Nihal Sachar,TS464,Male,9,61.5,50,56,50,Medium,3.7,Yes,Graduate,14,0
ST02122,Utkarsh Thaker,TS149,Male,6,77.8,67,78,85,Medium,2.2,Yes,Primary,26,0
ST02123,Bina Ravel,TS257,Female,6,82.0,69,69,80,Low,2.4,Yes,Secondary,17,0
ST02124,Urvashi Dhingra,TS356,Female,7,51.6,55,51,55,Medium,10.7,Yes,Secondary,10,0
ST02125,Owen Randhawa,TS384,Female,10,57.3,60,51,52,High,4.5,Yes,Graduate,29,1
ST02126,Yamini Golla,TS239,Male,8,93.0,89,78,97,Medium,11.5,Yes,Secondary,1,0
ST02127,Brijesh Vala,TS123,Female,9,70.6,66,78,66,Medium,7.7,Yes,Secondary,13,0
ST02128,Hiral Wagle,TS260,Male,7,55.1,68,62,58,High,8.6,Yes,None,15,0
ST02129,Janani Dugal,TS038,Male,9,53.8,43,62,47,Low,5.5,Yes,Secondary,5,1
ST02130,Nandini Hayre,TS005,Male,10,60.7,52,63,61,Medium,10.8,No,Primary,4,1
ST02131,Manbir Saha,TS298,Male,9,57.9,65,60,64,Low,4.4,Yes,Primary,27,1
ST02132,Hritik Sood,TS491,Female,10,87.9,94,81,81,High,5.0,Yes,Secondary,14,0
ST02133,Jack Sethi,TS149,Female,6,86.1,72,78,76,Medium,4.7,No,None,1,0
ST02134,Chakradhar Toor,TS459,Female,10,61.0,68,56,61,Low,7.7,Yes,Graduate,5,1
ST02135,Chatura Padmanabhan,TS390,Female,10,45.9,54,52,36,High,2.4,No,Primary,8,0
ST02136,Tanay Ramesh,TS159,Female,6,81.3,70,80,85,Low,0.6,Yes,Graduate,6,0
ST02137,Veer Puri,TS212,Male,6,49.4,40,47,48,Medium,5.1,Yes,Secondary,18,1
ST02138,Irya Peri,TS265,Male,6,77.0,75,82,65,Low,6.0,Yes,Primary,26,0
ST02139,Anthony Sha,TS268,Male,8,97.3,90,82,93,Medium,2.0,Yes,Secondary,17,0
ST02140,Christopher Dalal,TS263,Female,9,96.8,90,98,86,Low,4.2,Yes,Secondary,23,0
ST02141,William Gaba,TS186,Male,6,72.1,78,63,65,Low,7.6,Yes,Graduate,19,1
ST02142,Ekantika Suri,TS261,Male,8,70.2,61,75,66,Medium,1.8,Yes,None,27,0
ST02143,Ishani Rana,TS500,Female,9,88.7,93,84,91,Medium,3.6,Yes,Primary,0,0
ST02144,Jason Handa,TS257,Male,6,74.2,80,66,80,Low,2.6,Yes,Primary,1,0
ST02145,David Sundaram,TS182,Male,7,60.7,56,53,63,Low,8.7,Yes,Secondary,19,1
ST02146,Tanish Borah,TS499,Male,6,91.2,88,78,87,Low,9.2,Yes,Secondary,28,1
ST02147,Jeevika Pandit,TS178,Male,9,89.2,82,75,94,Low,2.8,Yes,Secondary,23,0
ST02148,Raghav Deshpande,TS234,Female,8,58.2,65,51,56,Low,0.7,Yes,Secondary,13,1
ST02149,Jyoti Sankaran,TS488,Male,10,45.9,41,48,37,Medium,10.6,Yes,Primary,22,1
ST02150,Naksh Bhatia,TS234,Male,7,48.3,58,47,44,Low,11.9,Yes,None,18,1
ST02151,Anusha Wali,TS176,Male,9,52.8,62,62,62,Low,3.9,Yes,Primary,28,1
ST02152,Arunima Karnik,TS071,Female,7,63.6,60,62,59,High,9.1,No,Primary,0,1
ST02153,Faraj Sen,TS034,Male,7,60.7,61,50,65,Low,1.5,Yes,Primary,12,1
ST02154,Azaan Mangal,TS067,Male,6,87.5,81,75,74,Low,9.9,No,Secondary,1,0
ST02155,Hemangini Sharma,TS371,Male,7,82.5,75,77,81,Low,6.7,Yes,Secondary,4,0
ST02156,Dhriti Sant,TS046,Male,7,95.6,88,81,95,Low,4.0,No,Graduate,16,1
ST02157,Aryan Shere,TS061,Female,8,66.3,56,57,62,Medium,2.8,Yes,Secondary,29,1
ST02158,Jagdish Srinivasan,TS257,Female,10,61.9,58,56,54,Medium,5.2,No,Secondary,3,0
ST02159,Max Narayanan,TS221,Male,7,68.3,59,71,72,Low,8.9,Yes,None,0,1
ST02160,Bhavya Dar,TS023,Male,6,57.7,49,48,50,Medium,4.3,Yes,Secondary,0,0
ST02161,Harsh Ganesh,TS346,Male,9,67.5,73,55,58,Low,2.6,Yes,Secondary,1,1
ST02162,Aadhya Sundaram,TS304,Male,10,93.9,75,91,79,Low,8.2,No,Graduate,12,0
ST02163,Lavanya Doctor,TS494,Female,10,55.4,51,64,59,High,9.7,Yes,Graduate,8,0
ST02164,Zayan Lanka,TS089,Female,9,84.9,72,86,85,Low,1.5,No,Secondary,1,0
ST02165,Triya Murthy,TS311,Male,7,74.8,62,81,75,Low,11.0,Yes,Primary,5,0
ST02166,Madhavi Sodhi,TS214,Male,6,93.8,93,86,98,High,6.6,Yes,Primary,10,0
ST02167,Hitesh Manda,TS198,Male,6,56.3,52,60,50,Medium,7.5,Yes,Secondary,18,1
ST02168,Vaishnavi Sandhu,TS142,Female,7,60.1,66,66,49,Medium,9.0,Yes,Primary,24,1
ST02169,Samar Thaman,TS395,Male,9,56.2,64,64,55,Low,6.0,Yes,Primary,14,1
ST02170,Christopher Bhatti,TS007,Female,7,96.1,96,84,95,High,3.5,No,Graduate,4,0
ST02171,Gunbir Thakkar,TS165,Female,9,64.7,68,63,55,Low,1.7,Yes,Primary,9,1
ST02172,Tanay Bath,TS040,Male,6,56.9,47,55,54,Low,3.3,Yes,Primary,25,1
ST02173,Kamya Bhandari,TS046,Male,8,77.5,73,67,65,Low,3.1,Yes,Secondary,8,0
ST02174,Gagan Purohit,TS395,Male,10,87.5,68,78,81,Low,6.1,No,Secondary,23,1
ST02175,Yashawini Vasa,TS308,Male,8,79.2,77,68,80,Low,3.0,Yes,Secondary,30,0
ST02176,Aarnav Boase,TS281,Male,8,84.1,76,66,67,Medium,1.2,No,Secondary,23,0
ST02177,Azaan Shankar,TS012,Female,10,91.8,96,80,97,Low,10.1,Yes,Primary,7,0
ST02178,Idika Oak,TS399,Male,9,59.9,54,63,61,Low,0.9,Yes,Primary,20,1
ST02179,Thomas Divan,TS406,Male,9,61.8,50,62,64,Medium,0.5,No,Primary,5,0
ST02180,Hemani Narain,TS477,Female,6,88.5,81,98,81,High,6.7,Yes,Secondary,24,0
ST02181,Amaira Varghese,TS042,Male,10,76.6,70,75,75,High,6.2,Yes,None,8,0
ST02182,Hritik Sengupta,TS413,Female,8,94.9,88,99,99,High,3.3,Yes,Primary,24,0
ST02183,Advik Bhattacharyya,TS334,Female,7,94.5,75,83,83,Low,9.4,No,None,25,1
ST02184,Geetika Naidu,TS497,Female,9,59.9,61,65,64,Medium,4.7,Yes,Graduate,0,0
ST02185,Samar Barman,TS120,Male,10,53.6,51,61,55,Low,4.5,Yes,Secondary,0,1
ST02186,Michael Kohli,TS042,Male,8,48.1,57,51,46,Low,4.7,Yes,Primary,28,1
ST02187,Ubika Balan,TS384,Female,8,83.9,74,81,78,Low,11.6,Yes,Secondary,14,0
ST02188,Vasana Upadhyay,TS036,Male,7,94.2,85,99,98,High,11.4,Yes,Secondary,23,0
ST02189,Ronith Yohannan,TS360,Female,8,96.4,93,96,87,Low,5.2,Yes,Secondary,10,0
ST02190,Ojas Bava,TS025,Male,8,49.2,53,46,40,Medium,6.2,Yes,Secondary,1,0
ST02191,Alka Dani,TS333,Female,9,95.3,96,94,80,Medium,11.0,Yes,Primary,15,0
ST02192,Wahab Shanker,TS170,Female,9,85.2,76,72,83,Medium,5.1,Yes,None,21,0
ST02193,Nirja Balasubramanian,TS287,Female,7,88.9,74,81,80,Medium,6.5,No,Secondary,20,0
ST02194,Ubika Dasgupta,TS369,Male,6,82.1,73,80,80,Low,1.1,No,Primary,18,1
ST02195,Matthew Sem,TS472,Male,6,60.1,57,56,60,Medium,5.9,Yes,Primary,7,0
ST02196,Anusha Tella,TS397,Male,10,76.6,66,78,73,Low,2.0,No,Graduate,3,0
ST02197,Tanay Agrawal,TS299,Female,8,58.8,64,72,63,High,10.9,Yes,Secondary,2,0
ST02198,Devansh Saraf,TS135,Male,6,63.9,68,57,64,Medium,6.1,Yes,Secondary,18,1
ST02199,Balvan Kara,TS030,Female,9,89.8,75,77,86,Low,3.4,Yes,Primary,21,0
ST02200,Yash Mitter,TS100,Male,6,48.1,51,47,47,Low,8.7,No,Secondary,15,1
ST02201,Gagan Balan,TS076,Female,9,82.5,88,77,86,Medium,3.5,Yes,Secondary,6,0
ST02202,Advaith Nazareth,TS431,Male,8,83.2,80,78,87,Low,10.1,Yes,Secondary,17,1
ST02203,Owen Deol,TS432,Male,7,55.7,55,52,45,Low,3.2,Yes,Primary,28,1
ST02204,Pahal Dubey,TS196,Male,9,96.1,78,91,85,Low,9.1,No,Secondary,2,0
ST02205,Kala Muni,TS133,Female,7,46.4,44,44,41,Medium,2.6,No,Primary,24,1
ST02206,Upma Deol,TS273,Female,7,95.4,89,96,97,High,8.3,Yes,Graduate,22,0
ST02207,Arjun Kale,TS448,Male,9,80.1,85,81,87,Medium,7.0,Yes,Secondary,5,0
ST02208,Eshana Kota,TS406,Male,10,49.7,40,34,44,Low,3.2,No,Primary,8,1
ST02209,Vritti Ghose,TS474,Female,7,50.1,54,56,48,Medium,11.8,Yes,Graduate,29,1
ST02210,Dalbir Deep,TS177,Male,9,69.8,58,77,69,High,6.8,No,Secondary,10,0
ST02211,Gautami Oza,TS207,Female,9,75.3,74,74,68,Low,2.7,Yes,Primary,23,0
ST02212,Aayush Karan,TS139,Female,10,86.5,90,83,75,Medium,3.9,Yes,Graduate,21,0
ST02213,Krishna Dara,TS251,Male,6,57.9,62,49,48,Low,9.6,No,Secondary,6,1
ST02214,Vincent Dar,TS472,Female,10,84.8,69,84,79,Medium,9.9,No,Secondary,9,0
ST02215,Raksha Amble,TS361,Male,8,52.8,44,43,47,Low,9.6,Yes,None,16,1
ST02216,Chaitanya Mandal,TS425,Male,10,51.8,46,51,47,High,8.5,Yes,Secondary,16,1
ST02217,Turvi Chacko,TS128,Female,10,74.5,68,82,74,Medium,10.7,Yes,Graduate,8,0
ST02218,Orinder Guha,TS476,Female,10,88.1,75,85,93,Low,9.6,Yes,Secondary,22,1
ST02219,Vanya Prasad,TS153,Male,6,49.7,41,45,39,Medium,2.1,Yes,Secondary,23,1
ST02220,Falguni Pillai,TS248,Female,6,51.0,48,59,49,Medium,2.6,Yes,None,6,0
ST02221,Fitan Gill,TS177,Male,9,54.9,58,51,52,High,1.6,Yes,Secondary,6,0
ST02222,Aachal Dara,TS164,Female,10,76.5,66,64,59,Low,4.5,No,Secondary,17,1
ST02223,Jai Sehgal,TS304,Male,8,51.7,53,48,54,Low,8.8,Yes,Primary,0,1
ST02224,Tanay Sani,TS355,Male,7,62.2,62,64,67,Low,7.5,Yes,Graduate,15,1
ST02225,Maanav Pingle,TS384,Female,9,58.4,66,63,50,High,9.0,No,Primary,14,1
ST02226,Qarin Deo,TS448,Female,8,87.5,75,85,88,High,10.6,No,Secondary,0,0
ST02227,Chanchal Srinivasan,TS326,Male,7,70.0,64,62,59,Low,10.8,Yes,Primary,5,0
ST02228,Amol Ahuja,TS492,Female,7,76.9,82,72,81,High,6.0,No,Secondary,8,0
ST02229,Quincy Sachdev,TS484,Male,9,46.3,49,40,39,Low,9.8,No,Primary,3,1
ST02230,Maanas Deol,TS164,Female,9,45.1,42,52,53,Low,8.2,Yes,Primary,25,1
ST02231,Ekanta Gala,TS132,Male,8,86.7,76,76,86,Low,4.5,Yes,Primary,11,0
ST02232,Siddharth Ahuja,TS492,Female,8,76.9,61,73,74,Medium,1.8,No,None,19,0
ST02233,Victor Banik,TS119,Male,9,67.0,66,61,63,Medium,6.9,Yes,None,4,0
ST02234,Rayaan Gopal,TS062,Female,8,62.5,54,54,52,Medium,11.9,Yes,Primary,18,1
ST02235,Krisha Krish,TS245,Male,6,97.6,92,77,79,Low,4.1,No,Primary,4,0
ST02236,Nirja Dhillon,TS069,Male,6,62.6,51,63,66,Medium,11.5,Yes,Primary,19,1
ST02237,Xiti Pall,TS041,Female,7,63.4,59,59,57,Low,10.8,Yes,Primary,16,1
ST02238,Vedant Dhar,TS433,Male,7,53.6,56,54,50,Low,3.5,No,Secondary,28,1
ST02239,Ati Deshmukh,TS421,Male,6,66.7,75,74,69,Medium,7.4,Yes,Primary,20,1
ST02240,Ladli Srivastava,TS038,Male,8,80.8,80,67,71,Medium,8.3,Yes,Primary,11,0
ST02241,Ayushman Samra,TS426,Female,9,84.9,81,80,78,Low,4.1,Yes,Secondary,0,0
ST02242,Yashasvi Gala,TS455,Female,7,73.2,67,60,70,Medium,4.3,Yes,Secondary,29,0
ST02243,Eesha Dash,TS144,Female,10,79.8,70,73,74,Medium,1.8,Yes,Graduate,23,0
ST02244,Sai Rao,TS243,Male,10,93.6,98,87,97,High,2.3,Yes,Secondary,9,0
ST02245,Urvashi Mani,TS169,Male,6,69.1,57,71,61,Low,5.3,No,Primary,24,1
ST02246,Widisha Cherian,TS323,Male,7,72.3,60,75,61,Low,9.9,Yes,Primary,19,1
ST02247,Ladli Prabhakar,TS365,Female,9,56.0,63,62,57,Low,11.4,Yes,Secondary,6,1
ST02248,Zehaan Bhakta,TS260,Male,8,67.9,69,71,62,Low,3.2,Yes,Primary,10,1
ST02249,Gaurangi Mital,TS148,Male,9,91.2,80,89,97,Medium,6.6,Yes,Secondary,11,0
ST02250,Vasana Talwar,TS142,Male,6,65.6,73,74,68,Medium,4.8,Yes,Secondary,13,0
ST02251,Sneha Kashyap,TS417,Male,7,48.4,51,47,61,High,11.3,Yes,Secondary,1,0
ST02252,Kevin Mammen,TS365,Female,10,59.9,53,54,62,Low,8.2,No,None,14,1
ST02253,Baghyawati Nadig,TS039,Male,9,70.4,77,62,75,Medium,3.4,Yes,Secondary,24,0
ST02254,Chakradev Deep,TS149,Male,10,55.1,54,54,47,Low,2.3,Yes,Primary,18,1
ST02255,Vasana Tata,TS019,Female,9,49.0,59,39,45,Low,5.3,Yes,Graduate,6,1
ST02256,Vanya Muni,TS468,Male,8,84.0,71,80,76,Medium,11.2,Yes,Primary,5,0
ST02257,Ethan Balay,TS264,Male,9,68.3,63,66,67,Low,12.0,Yes,Secondary,13,1
ST02258,Vincent Nagi,TS332,Male,7,93.9,89,80,85,Low,8.2,No,Primary,18,1
ST02259,Janani Sachdev,TS236,Male,7,55.8,62,65,67,High,5.3,Yes,Primary,2,0
ST02260,Harita Narayanan,TS415,Female,10,75.1,73,72,66,Medium,5.0,No,Primary,2,0
ST02261,Libni Basak,TS320,Female,10,52.6,61,59,42,Medium,6.6,Yes,None,2,0
ST02262,Caleb Apte,TS445,Female,8,56.6,49,61,55,Medium,6.6,Yes,None,24,1
ST02263,Darika Majumdar,TS447,Female,10,72.6,70,78,73,Medium,4.6,Yes,Secondary,2,0
ST02264,Triya Ghose,TS005,Male,6,73.9,71,75,80,Medium,10.7,Yes,Secondary,8,0
ST02265,Jasmit Bains,TS023,Female,8,89.8,71,70,75,Medium,11.9,No,None,11,0
ST02266,Wriddhish Chacko,TS341,Female,9,83.0,73,71,69,Medium,8.6,Yes,None,18,0
ST02267,Pooja Shanker,TS487,Male,9,74.1,64,79,73,Low,7.3,Yes,Primary,2,0
ST02268,Onveer Prasad,TS346,Male,6,58.5,65,56,66,High,3.6,No,Primary,21,1
ST02269,Ubika Mall,TS081,Female,10,88.6,88,82,91,Low,11.2,Yes,Primary,0,0
ST02270,Isaiah Karnik,TS153,Male,10,47.1,40,40,57,Medium,9.6,Yes,None,28,1
ST02271,Anthony Kumer,TS297,Male,9,60.2,58,67,62,Low,10.9,Yes,Primary,19,1
ST02272,Kavya Saini,TS009,Male,6,84.3,92,76,91,High,10.8,Yes,None,30,0
ST02273,Forum Balasubramanian,TS290,Female,8,52.7,60,58,49,Medium,7.7,Yes,Secondary,26,1
ST02274,Ishanvi Kohli,TS246,Female,8,76.9,78,80,81,Low,6.2,Yes,Secondary,11,0
ST02275,Kai Toor,TS009,Male,9,76.2,58,67,67,Low,2.3,No,Primary,23,1
ST02276,Jack Kapur,TS496,Female,8,87.8,79,89,87,Low,7.8,Yes,Primary,24,1
ST02277,Guneet Patil,TS108,Male,10,88.1,81,88,94,Low,4.4,Yes,Secondary,25,0
ST02278,Veda Krishnan,TS357,Female,9,85.6,82,85,73,Medium,1.5,Yes,None,20,0
ST02279,Nimrat Ghosh,TS006,Male,7,49.2,51,53,44,Low,11.5,No,Primary,9,1
ST02280,Chameli Ramesh,TS417,Female,8,45.8,46,54,56,Low,7.9,Yes,Graduate,10,1
ST02281,Ishanvi Mane,TS453,Female,9,57.8,60,59,52,Medium,1.5,Yes,None,22,1
ST02282,Ojasvi Gaba,TS437,Male,8,84.3,85,88,90,Low,5.4,Yes,Primary,13,0
ST02283,Avni Choudhary,TS250,Female,10,86.5,80,93,81,High,7.4,Yes,Graduate,15,0
ST02284,Fitan Bumb,TS227,Male,10,68.4,70,57,70,Medium,5.7,No,None,1,0
ST02285,Samarth Saran,TS408,Male,6,85.8,81,78,81,Low,0.6,Yes,Secondary,2,0
ST02286,Ladli Lalla,TS454,Female,9,88.8,88,91,79,Low,4.3,Yes,Secondary,4,0
ST02287,Balvan Varughese,TS008,Female,6,62.0,57,63,50,Medium,8.1,Yes,Secondary,18,1
ST02288,Tanish Dada,TS406,Male,9,55.0,60,64,50,Low,10.5,Yes,Primary,4,1
ST02289,Niharika Batta,TS124,Female,6,85.5,71,69,84,Low,9.8,No,Primary,27,1
ST02290,Matthew Sane,TS027,Male,6,63.3,56,57,61,Low,9.2,Yes,Graduate,22,1
ST02291,Banjeet Borah,TS175,Male,7,89.2,87,78,88,Medium,8.4,Yes,None,28,0
ST02292,Nikita Bava,TS245,Female,9,47.4,48,47,38,Low,4.9,Yes,Primary,15,1
ST02293,Watika Pau,TS107,Male,10,95.9,92,88,93,Medium,0.6,Yes,Graduate,24,0
ST02294,Arjun Sanghvi,TS142,Female,10,48.8,57,38,40,Medium,1.6,Yes,Primary,10,0
ST02295,Ojasvi Vyas,TS433,Female,9,96.7,99,99,82,Low,7.2,Yes,Secondary,14,0
ST02296,Balendra Patla,TS322,Female,10,97.7,82,98,96,Low,6.6,Yes,Secondary,22,0
ST02297,Hitesh Sampath,TS291,Female,9,54.7,50,51,61,Low,4.9,Yes,Graduate,7,1
ST02298,Chaman Patla,TS295,Male,6,96.3,93,90,99,High,6.8,Yes,Secondary,30,0
ST02299,Madhav Gola,TS231,Male,10,50.4,46,43,42,Medium,1.2,Yes,Graduate,17,1
ST02300,Baljiwan Lal,TS336,Male,7,73.5,80,81,81,Medium,1.3,Yes,Primary,30,0
ST02301,Madhav Balan,TS321,Female,8,68.4,71,60,51,Low,2.1,No,Primary,8,1
ST02302,Charvi Kurian,TS182,Female,7,60.2,66,50,68,Low,10.5,Yes,Secondary,8,1
ST02303,Jhalak Kota,TS053,Male,9,64.0,58,68,71,Low,8.0,Yes,Graduate,29,1
ST02304,Kamala Kapadia,TS054,Female,10,75.9,65,71,66,Medium,11.9,Yes,Primary,1,0
ST02305,Amaira Sama,TS271,Female,10,60.5,62,57,63,Medium,9.3,Yes,Secondary,13,0
ST02306,Unni Vasa,TS274,Male,10,71.5,75,66,72,Low,5.3,Yes,Graduate,24,0
ST02307,Ranbir Chada,TS195,Male,10,71.8,66,74,72,Low,7.8,No,Primary,19,1
ST02308,William Basak,TS195,Female,9,91.0,77,81,93,Medium,7.9,Yes,Graduate,3,0
ST02309,Agastya Mannan,TS494,Male,7,71.5,69,70,60,Low,8.4,No,Primary,6,0
ST02310,Girik Raval,TS388,Male,7,57.1,53,54,66,High,6.3,Yes,Secondary,6,0
ST02311,Nachiket Singh,TS398,Male,8,69.0,71,67,58,Low,3.9,Yes,Graduate,18,1
ST02312,Bimala Nayak,TS380,Male,8,83.4,76,77,66,Low,8.6,No,Primary,26,1
ST02313,Lucky Nair,TS074,Male,10,83.7,82,80,75,Medium,9.3,Yes,Graduate,26,0
ST02314,Manthan Aurora,TS126,Male,7,86.4,90,78,72,Low,5.4,Yes,Secondary,17,0
ST02315,Kalpit Sarin,TS274,Female,9,82.3,81,80,88,Low,1.7,Yes,Primary,25,0
ST02316,Lila Dugar,TS456,Male,7,84.5,71,77,75,Low,3.0,No,Secondary,21,1
ST02317,Saksham Tak,TS250,Male,9,65.1,59,63,72,Low,10.3,Yes,Secondary,26,1
ST02318,Darsh Narang,TS192,Male,9,82.3,82,87,82,Low,10.6,Yes,Primary,14,0
ST02319,Lila Krishna,TS256,Male,10,75.4,75,70,75,Low,4.6,No,Primary,30,1
ST02320,Manbir Gulati,TS490,Male,9,92.0,97,92,85,Low,5.2,Yes,Secondary,24,0
ST02321,Xavier Shan,TS151,Male,9,53.2,46,46,42,Medium,2.8,Yes,Secondary,19,1
ST02322,Tarak Trivedi,TS220,Female,9,86.2,87,81,77,Medium,5.4,Yes,Primary,4,0
ST02323,Farhan Bhasin,TS141,Female,7,53.8,57,46,56,Low,5.9,Yes,Secondary,21,1
ST02324,Chaitanya Bava,TS068,Male,10,76.5,61,59,75,Medium,3.5,No,Graduate,20,0
ST02325,Ekantika Ram,TS475,Male,6,72.7,79,65,64,Low,6.2,Yes,Secondary,1,0
ST02326,Gauri Sen,TS270,Male,9,64.4,66,56,57,Low,6.7,Yes,Secondary,25,1
ST02327,Vrishti Karan,TS376,Male,7,53.3,48,59,62,Low,3.9,Yes,Secondary,27,1
ST02328,Patrick Wadhwa,TS405,Male,8,94.9,87,91,99,Medium,9.2,Yes,Primary,19,0
ST02329,Wahab Wali,TS285,Female,8,85.1,75,88,83,Low,8.4,Yes,Secondary,25,1
ST02330,Nathan Dora,TS263,Female,8,58.4,66,68,70,High,1.7,Yes,Secondary,3,0
ST02331,Abeer Seshadri,TS028,Male,9,85.4,89,78,83,Medium,7.5,Yes,Secondary,25,0
ST02332,Vyanjana Datta,TS143,Female,6,90.7,82,71,80,Medium,5.5,No,Primary,3,0
ST02333,Hitesh Mohanty,TS200,Female,9,92.6,73,80,76,Low,10.8,No,Secondary,30,1
ST02334,Advik Sood,TS031,Male,9,59.1,67,53,62,Medium,3.2,Yes,Primary,22,1
ST02335,Damini Pandya,TS296,Male,9,63.8,60,70,54,Low,6.9,Yes,Primary,4,1
ST02336,Onkar Batra,TS449,Male,10,82.0,74,86,80,Medium,6.5,Yes,Primary,1,0
ST02337,Garima Sura,TS284,Male,10,67.6,64,58,66,High,6.2,No,Primary,0,0
ST02338,Jairaj Sengupta,TS187,Male,9,47.8,48,53,57,Medium,4.4,Yes,Primary,18,1
ST02339,Finn Dara,TS041,Male,9,65.1,71,54,72,Low,4.9,Yes,Primary,12,1
ST02340,Fitan Wason,TS275,Male,6,45.5,37,48,55,Medium,11.8,Yes,None,27,1
ST02341,Ayaan Mukhopadhyay,TS105,Female,8,49.6,45,42,47,Low,1.2,Yes,Secondary,4,1
ST02342,Shivani Ranganathan,TS398,Female,8,90.6,92,80,90,Medium,5.1,Yes,Secondary,10,0
ST02343,Mason Batta,TS301,Female,7,53.1,49,48,42,Low,4.7,No,Secondary,13,1
ST02344,Abeer Memon,TS065,Female,8,70.7,67,74,71,Low,1.3,Yes,Primary,24,0
ST02345,Dayita Gara,TS097,Male,6,86.9,93,85,79,Low,10.1,Yes,Primary,20,1
ST02346,Ekapad Bassi,TS253,Female,6,96.6,89,85,92,Medium,6.1,Yes,None,15,0
ST02347,Eiravati Mand,TS097,Male,7,73.7,73,75,76,Low,5.1,Yes,Primary,21,0
ST02348,Henry Bumb,TS284,Female,9,78.4,84,79,69,Low,6.4,Yes,Secondary,21,0
ST02349,Jatin Garg,TS203,Male,6,66.1,65,56,60,Low,11.7,No,None,12,1
ST02350,Thomas Sahota,TS380,Male,8,45.0,55,41,49,Medium,8.8,Yes,Primary,0,0
ST02351,Girindra Sahota,TS183,Female,10,56.5,55,47,65,Low,1.3,Yes,Primary,27,1
ST02352,Warjas Gaba,TS020,Female,8,97.2,89,89,91,Medium,2.0,Yes,None,12,0
ST02353,Lopa Deep,TS454,Male,7,91.8,91,84,97,Low,10.5,Yes,Secondary,1,0
ST02354,Aditya Iyengar,TS126,Male,6,72.6,70,65,63,Low,6.5,Yes,Graduate,24,0
ST02355,Janaki Som,TS099,Female,8,66.8,57,60,64,Low,2.8,Yes,Primary,11,1
ST02356,Krish Chacko,TS428,Female,9,94.3,90,89,90,Medium,7.4,Yes,Graduate,26,0
ST02357,Tamanna Mishra,TS397,Male,9,58.8,57,53,61,High,6.2,No,Primary,6,0
ST02358,Karan Dhar,TS397,Female,8,65.2,73,62,68,Medium,7.6,Yes,None,8,0
ST02359,Raksha Solanki,TS220,Male,7,53.9,43,44,56,Medium,9.1,No,Secondary,25,1
ST02360,Nisha Walia,TS329,Male,8,78.4,75,89,83,High,6.4,Yes,Secondary,13,0
ST02361,Advay Bobal,TS430,Female,9,55.5,56,53,61,Medium,11.1,Yes,Primary,2,0
ST02362,Ayush Bhatnagar,TS338,Female,7,56.3,57,47,45,High,9.8,No,Primary,19,1
ST02363,Devansh Brar,TS115,Female,7,49.7,54,57,39,Medium,0.8,Yes,Secondary,6,0
ST02364,Divya Upadhyay,TS160,Female,7,87.7,73,83,73,Medium,7.6,Yes,Secondary,12,0
ST02365,Jason Tailor,TS087,Female,9,64.7,60,58,56,Medium,6.1,Yes,Primary,19,1
ST02366,Aachal Kata,TS420,Female,10,65.7,55,74,59,Medium,2.3,Yes,Secondary,20,1
ST02367,Ishani Bhat,TS457,Female,10,73.6,74,75,82,High,11.2,Yes,Secondary,2,0
ST02368,Oeshi Kumer,TS162,Female,10,78.4,67,81,71,Low,4.9,Yes,Secondary,25,0
ST02369,Jacob Ahuja,TS013,Male,9,87.8,78,83,78,Medium,1.1,Yes,Primary,15,0
ST02370,Damyanti Bala,TS413,Male,6,46.8,46,38,43,Medium,6.9,Yes,None,9,0
ST02371,Hema Varma,TS142,Male,9,53.8,54,53,52,Low,2.6,Yes,Primary,27,1
ST02372,Aadhya Golla,TS316,Female,6,54.5,59,55,42,Medium,7.2,No,Primary,30,1
ST02373,Anusha Ben,TS036,Male,8,47.5,57,54,43,Low,10.4,Yes,None,19,1
ST02374,Mahika Barad,TS221,Male,8,51.2,47,47,51,Medium,7.7,Yes,Primary,19,1
ST02375,Ranveer Warrior,TS058,Female,6,90.1,76,79,91,Medium,0.7,Yes,None,9,0
ST02376,Jairaj Dara,TS263,Female,9,96.8,95,83,93,Medium,7.5,Yes,Secondary,26,0
ST02377,Ubika Borra,TS233,Female,8,62.5,48,52,47,Medium,2.0,No,Primary,2,0
ST02378,Omisha Muni,TS371,Female,6,59.0,59,48,60,Medium,2.8,No,Graduate,17,1
ST02379,Ati Verma,TS488,Male,6,54.2,51,60,47,Low,0.6,Yes,Secondary,7,1
ST02380,Maanas Kashyap,TS492,Female,10,46.2,38,49,39,High,3.9,No,Secondary,21,1
ST02381,Rudra Kohli,TS325,Male,10,96.3,98,97,87,Medium,1.1,Yes,Secondary,18,0
ST02382,Yamini Issac,TS397,Male,7,74.5,79,69,64,Low,5.8,Yes,Secondary,21,0
ST02383,Omkaar Mukhopadhyay,TS327,Male,9,86.8,87,77,73,Medium,8.9,No,Primary,8,0
ST02384,Dalbir Gole,TS031,Female,8,95.9,85,98,99,Medium,6.3,Yes,Secondary,8,0
ST02385,Teerth Kala,TS298,Male,7,57.8,53,58,48,Medium,10.1,Yes,Primary,4,0
ST02386,Veda Shere,TS200,Male,6,48.0,44,39,38,Low,3.4,Yes,Primary,6,1
ST02387,Darika Bath,TS152,Male,6,80.9,79,69,68,Low,11.9,Yes,Graduate,23,1
ST02388,Faraj Raj,TS358,Male,9,67.5,57,62,73,Medium,2.9,Yes,Primary,6,0
ST02389,Ladli Doctor,TS254,Female,9,66.1,68,67,56,Low,7.0,Yes,Secondary,12,1
ST02390,Ansh Edwin,TS153,Male,10,48.9,56,42,55,Medium,1.8,Yes,Secondary,2,0
ST02391,Lipika Khurana,TS321,Female,10,70.1,73,66,69,Low,1.7,Yes,None,12,0
ST02392,Nandini Loyal,TS317,Male,6,69.6,77,69,74,Low,10.9,Yes,Secondary,22,1
ST02393,Mohammed Ganesan,TS321,Female,6,79.8,68,76,84,Low,9.8,Yes,Primary,13,0
ST02394,Farhan Gara,TS139,Male,7,55.4,47,52,46,Low,1.0,Yes,Graduate,25,1
ST02395,George Ravel,TS139,Male,10,66.2,74,63,72,Medium,9.1,Yes,None,2,0
ST02396,Sneha Saran,TS461,Male,6,62.2,63,68,60,Medium,3.4,Yes,Primary,24,1
ST02397,Zinal Om,TS384,Female,10,73.8,81,80,76,Medium,6.9,Yes,Secondary,28,0
ST02398,Wazir Grover,TS447,Male,10,90.9,91,84,76,Low,10.0,Yes,None,21,1
ST02399,Jeremiah Nair,TS217,Male,6,91.0,85,83,91,Low,2.3,Yes,Primary,22,0
ST02400,Kashish Dass,TS082,Female,10,75.8,69,74,74,Low,5.4,Yes,Graduate,12,0
ST02401,Kamya Goswami,TS006,Male,10,70.3,71,73,71,Medium,6.9,Yes,Graduate,10,0
ST02402,Balvan Kapoor,TS491,Female,9,55.7,46,50,50,Low,3.6,Yes,Primary,19,1
ST02403,Triveni Suri,TS394,Male,10,97.2,98,89,91,Medium,8.1,Yes,Secondary,13,0
ST02404,Nisha Oza,TS231,Male,6,78.6,63,68,63,Medium,11.0,No,Secondary,0,0
ST02405,Advaith Shanker,TS005,Male,9,86.2,73,84,78,Low,1.0,No,Secondary,25,1
ST02406,Zansi Hora,TS453,Female,9,60.2,59,44,51,Low,5.6,No,Primary,12,1
ST02407,Dalaja Dey,TS059,Female,9,83.3,79,85,71,Low,0.7,Yes,Graduate,18,0
ST02408,Noah Ray,TS428,Female,10,64.4,55,66,54,Medium,5.5,No,Primary,3,0
ST02409,Brijesh Sachdeva,TS030,Male,8,91.2,88,81,87,Medium,10.9,Yes,Primary,0,0
ST02410,Tarak Rout,TS365,Male,9,65.0,55,64,65,Low,11.7,Yes,Primary,27,1
ST02411,Sneha Handa,TS025,Female,9,62.6,61,47,52,Low,5.6,No,Secondary,13,1
ST02412,Neelima Memon,TS392,Female,10,64.4,62,54,63,Medium,6.8,Yes,None,10,0
ST02413,Mohammed Nair,TS333,Female,10,53.1,61,61,48,Low,0.8,Yes,Secondary,21,1
ST02414,Hredhaan Gaba,TS040,Female,9,61.2,66,51,53,Medium,8.8,Yes,Graduate,4,0
ST02415,Lucky Banik,TS304,Female,7,55.6,59,62,57,Low,6.9,Yes,Secondary,29,1
ST02416,Bhavya Gola,TS042,Female,7,45.2,44,54,43,Medium,4.1,Yes,Primary,26,1
ST02417,Yoshita Iyer,TS049,Female,8,53.8,52,53,45,Medium,2.2,Yes,Primary,26,1
ST02418,Bina Kaul,TS069,Female,6,67.7,73,63,56,Low,3.7,Yes,Secondary,18,1
ST02419,Lohit Munshi,TS053,Male,8,63.9,63,62,66,Low,7.8,Yes,Graduate,12,1
ST02420,Girindra Mangal,TS207,Female,9,52.3,42,45,55,Low,2.1,Yes,Secondary,1,1
ST02421,Priya Bhatt,TS494,Female,9,81.6,67,66,77,Medium,1.0,No,Graduate,26,0
ST02422,Oeshi Manne,TS456,Male,9,80.4,81,74,83,High,9.7,Yes,Primary,8,0
ST02423,Mahika Singh,TS202,Female,10,75.5,78,75,74,Low,5.3,Yes,Secondary,7,0
ST02424,Ekani Korpal,TS436,Female,8,48.2,46,52,52,High,10.7,Yes,Secondary,21,1
ST02425,Yuvraj Vig,TS374,Female,7,51.7,50,54,46,Medium,2.7,Yes,Primary,3,0
ST02426,Shravya Mitra,TS415,Male,7,89.3,88,92,78,Medium,5.0,Yes,Graduate,17,0
ST02427,Manya Pant,TS113,Male,10,97.3,99,95,88,Low,10.8,Yes,Primary,27,1
ST02428,Dalaja Sunder,TS499,Female,7,92.6,91,78,90,Medium,8.4,Yes,Secondary,12,0
ST02429,Radha Chatterjee,TS187,Female,6,81.4,81,76,91,High,7.6,Yes,Secondary,30,0
ST02430,Qadim Madan,TS403,Female,10,83.1,86,70,69,Low,10.5,Yes,Primary,29,1
ST02431,Hiral Badal,TS279,Male,6,81.1,67,87,87,Low,6.4,Yes,Primary,2,0
ST02432,Ekbal Iyengar,TS173,Male,7,58.1,47,57,48,Medium,8.5,No,Primary,16,1
ST02433,Vedika Deo,TS413,Female,10,50.0,57,46,49,Medium,0.6,Yes,Graduate,20,1
ST02434,Maanas Suresh,TS087,Female,8,55.2,58,64,50,Medium,2.9,Yes,Secondary,15,0
ST02435,Nimrat Chhabra,TS186,Male,10,78.9,88,73,79,High,4.6,Yes,Primary,16,0
ST02436,Farhan Grewal,TS204,Female,7,91.3,89,83,84,Low,11.5,Yes,Primary,5,0
ST02437,Saksham Nayak,TS397,Male,8,63.6,52,60,64,Low,0.8,No,Graduate,25,1
ST02438,Wishi Dora,TS155,Male,10,51.7,54,49,47,Low,5.7,Yes,Primary,28,1
ST02439,Nilima Saha,TS115,Female,8,79.6,68,76,64,Low,10.6,No,Primary,18,1
ST02440,Daksh Zachariah,TS114,Male,7,88.8,91,90,82,Medium,1.9,Yes,Secondary,25,0
ST02441,Upadhriti Atwal,TS095,Female,6,95.6,81,96,87,Medium,10.7,Yes,Graduate,10,0
ST02442,Vrinda Bora,TS277,Female,8,68.9,81,73,66,High,10.9,Yes,Primary,29,1
ST02443,Brijesh Bumb,TS360,Male,8,84.6,81,74,90,Medium,8.0,Yes,Graduate,27,0
ST02444,Ekalinga Amble,TS211,Male,9,72.8,65,69,73,High,6.9,Yes,Primary,1,0
ST02445,Indira Chawla,TS294,Male,7,66.5,73,58,73,Medium,2.6,Yes,Primary,23,1
ST02446,Vasatika Balasubramanian,TS229,Male,6,76.7,65,70,81,Low,4.6,Yes,Graduate,3,0
ST02447,Veer Mutti,TS274,Female,9,82.0,83,76,88,Low,3.3,Yes,Secondary,10,0
ST02448,Mohammed Saini,TS351,Female,9,78.1,75,68,74,Low,4.8,No,Primary,19,1
ST02449,Rehaan Gala,TS200,Female,6,52.7,65,54,48,High,5.7,Yes,Secondary,14,0
ST02450,Saanvi Khosla,TS102,Female,6,92.4,93,88,85,Low,7.0,Yes,Secondary,27,0
ST02451,Wakeeta Sibal,TS448,Female,7,74.3,66,64,79,Medium,1.7,Yes,Primary,26,0
ST02452,Manbir Munshi,TS270,Female,9,79.6,78,71,78,High,8.8,Yes,Primary,7,0
ST02453,Kabir Dugar,TS009,Male,8,61.6,48,49,62,Medium,5.9,No,Secondary,14,0
ST02454,Urmi Datta,TS214,Male,7,95.7,88,90,86,Low,6.2,No,Secondary,10,0
ST02455,Omkaar Mital,TS107,Male,9,51.4,37,49,49,Low,2.9,No,Primary,16,1
ST02456,Bhavani Bava,TS089,Male,8,47.7,41,56,42,Low,10.6,Yes,Primary,6,1
ST02457,Avi Dhar,TS070,Female,10,59.6,65,59,62,Medium,0.8,Yes,Graduate,3,0
ST02458,Yashasvi Natt,TS191,Female,7,80.9,73,71,79,Medium,1.3,Yes,Secondary,0,0
ST02459,Nisha Setty,TS375,Male,7,96.9,99,95,97,Medium,9.0,Yes,None,16,0
ST02460,Guneet Thakkar,TS026,Male,10,77.3,82,81,82,Low,6.5,Yes,Primary,28,0
ST02461,Urvi Prakash,TS247,Female,7,45.7,37,33,36,Low,5.9,No,None,13,1
ST02462,Nachiket Wadhwa,TS461,Female,7,77.1,66,65,76,Low,2.1,Yes,Secondary,23,0
ST02463,Ayush Bhargava,TS438,Male,8,90.2,85,76,82,Medium,8.2,Yes,Primary,14,0
ST02464,Yauvani Tandon,TS449,Male,8,66.8,71,67,64,Medium,2.9,Yes,Secondary,26,1
ST02465,Gopal Vora,TS025,Male,7,63.3,63,52,59,Low,3.4,No,Secondary,6,1
ST02466,Gagan Bumb,TS486,Female,9,95.6,86,92,89,Low,7.6,Yes,Graduate,6,0
ST02467,Gautam Dugal,TS399,Female,10,63.4,55,50,56,Medium,5.1,No,Primary,29,1
ST02468,Riya Bera,TS196,Female,9,85.2,79,78,85,Medium,10.8,No,Primary,19,0
ST02469,Owen Korpal,TS381,Female,7,66.2,71,58,57,Low,11.9,Yes,None,6,1
ST02470,Logan Hari,TS326,Male,9,82.8,85,77,84,High,5.2,Yes,None,10,0
ST02471,Darsh Rama,TS008,Female,7,51.3,44,56,47,Medium,8.2,No,Secondary,19,1
ST02472,Upkaar Wason,TS449,Female,6,46.8,56,39,47,Medium,2.7,Yes,Secondary,22,1
ST02473,Saanvi Jha,TS292,Female,9,69.6,57,64,60,Medium,7.1,Yes,Graduate,18,1
ST02474,Onkar Sabharwal,TS024,Female,8,83.8,90,83,76,High,3.2,Yes,Secondary,19,0
ST02475,Ubika Dhar,TS175,Female,6,86.8,75,85,77,High,2.4,No,Graduate,28,0
ST02476,Nandini Sunder,TS262,Female,10,57.1,52,65,58,Medium,7.5,Yes,Secondary,23,1
ST02477,Rajeshri Pal,TS323,Female,8,62.3,49,66,62,Low,10.0,No,Secondary,29,1
ST02478,Abdul Uppal,TS118,Female,7,49.7,53,63,55,High,11.1,Yes,Graduate,13,0
ST02479,Janani Nagy,TS310,Male,9,52.3,62,60,50,High,8.4,Yes,Secondary,9,0
ST02480,Nicholas Acharya,TS047,Female,7,56.5,43,58,45,Low,5.6,No,Primary,11,1
ST02481,Anvi Garde,TS343,Male,7,63.5,54,57,62,Low,7.2,No,Primary,27,1
ST02482,Ishwar Hora,TS339,Female,7,64.6,67,57,62,Medium,9.8,No,Secondary,8,1
ST02483,Raghav Kala,TS215,Female,7,45.8,39,35,47,Low,4.7,No,Secondary,20,1
ST02484,Wishi Deep,TS493,Male,7,93.9,94,82,85,Medium,10.2,No,Secondary,7,0
ST02485,Advik Jain,TS022,Male,10,70.2,73,74,68,High,3.9,Yes,None,30,0
ST02486,Aachal Chandran,TS092,Male,10,57.3,61,55,70,High,11.4,Yes,Secondary,13,0
ST02487,Bahadurjit Shukla,TS065,Female,8,81.0,73,79,82,Medium,1.3,Yes,None,19,0
ST02488,Barkha Wagle,TS143,Female,8,52.1,59,49,55,Medium,3.8,Yes,Secondary,3,0
ST02489,Pavani Saran,TS379,Female,9,59.5,64,58,60,Low,1.1,Yes,Secondary,30,1
ST02490,Ekavir Mammen,TS033,Male,6,87.4,92,73,75,Low,8.5,Yes,Secondary,17,1
ST02491,Turvi Iyer,TS030,Male,10,70.8,74,63,69,Low,5.6,Yes,Primary,23,0
ST02492,Aarna Shere,TS165,Male,9,64.7,58,51,65,Medium,10.5,No,Primary,22,1
ST02493,Quincy Wadhwa,TS371,Male,9,90.8,88,88,83,Medium,7.3,No,Primary,25,0
ST02494,Onveer Upadhyay,TS133,Female,7,46.4,47,54,50,Low,5.8,Yes,Secondary,9,1
ST02495,Kamya Kanda,TS069,Male,9,89.5,82,93,78,Medium,5.3,Yes,Secondary,28,0
ST02496,Prisha Iyengar,TS113,Female,8,58.3,50,59,59,Low,7.0,Yes,Graduate,28,1
ST02497,Dev Kalita,TS053,Male,10,64.7,72,68,55,Low,1.6,Yes,Primary,24,1
ST02498,Max Chand,TS316,Male,7,84.1,87,79,71,Medium,11.2,Yes,Secondary,5,0
ST02499,Vincent Maharaj,TS035,Female,10,75.3,75,76,75,Medium,8.0,Yes,Graduate,25,0
ST02500,Praneel Mitra,TS198,Female,9,86.4,88,92,73,Low,12.0,Yes,Secondary,1,0
ST02501,Hritik Talwar,TS003,Male,9,71.2,65,64,62,Medium,2.6,No,Secondary,28,0
ST02502,Janaki Dyal,TS397,Male,6,79.1,73,85,73,Medium,5.1,Yes,Primary,3,0
ST02503,Yasti Bhakta,TS153,Male,6,68.2,58,67,57,Low,1.4,Yes,Secondary,13,1
ST02504,Lakshmi Hari,TS006,Female,7,64.5,63,62,64,Low,0.5,Yes,Primary,9,1
ST02505,Advaith Dass,TS068,Female,8,72.4,72,74,69,Low,2.7,Yes,Graduate,29,0
ST02506,Balendra Memon,TS195,Male,6,50.4,44,43,43,Low,9.1,Yes,Secondary,11,1
ST02507,Dominic Din,TS075,Female,8,60.3,59,57,66,High,8.6,Yes,None,20,1
ST02508,Daniel Deep,TS284,Male,9,94.8,99,95,98,High,7.3,Yes,None,6,0
ST02509,Yatin Bhatt,TS351,Female,9,51.0,58,58,53,Medium,5.0,Yes,Secondary,12,0
ST02510,Rayaan Vasa,TS219,Female,6,59.3,45,53,46,Medium,4.7,No,Secondary,12,0
ST02511,Vansha Khalsa,TS367,Female,9,47.1,50,36,47,Low,1.4,No,Secondary,28,1
ST02512,Naveen Palla,TS464,Female,9,83.6,91,77,79,High,6.0,Yes,Secondary,25,0
ST02513,Nachiket Chadha,TS210,Female,6,48.1,40,51,46,Medium,10.8,Yes,Secondary,4,1
ST02514,Pooja Tripathi,TS470,Male,9,56.9,62,61,47,Low,11.1,Yes,Primary,20,1
ST02515,Xalak Varty,TS368,Female,10,56.8,46,52,53,Medium,1.4,Yes,None,22,1
ST02516,Wazir Warrior,TS121,Male,6,74.0,62,63,70,Low,4.0,Yes,Graduate,28,0
ST02517,Bhavya Barad,TS022,Male,9,92.3,93,81,86,Medium,6.2,No,Secondary,4,0
ST02518,Xiti Chandran,TS131,Male,9,96.9,89,92,83,Low,3.8,Yes,Primary,24,0
ST02519,Om Ramakrishnan,TS425,Male,8,95.0,97,93,98,Medium,1.1,Yes,None,10,0
ST02520,Aryan Mallick,TS238,Female,6,51.0,44,59,43,Low,0.8,Yes,None,21,1
ST02521,Zayan Ramakrishnan,TS408,Female,10,55.1,60,51,48,Low,5.2,Yes,Secondary,23,1
ST02522,Zilmil Yadav,TS179,Male,6,80.6,86,82,78,Low,0.7,Yes,Secondary,16,0
ST02523,Gautami Sem,TS310,Male,10,73.5,76,64,80,Medium,10.9,Yes,Secondary,22,0
ST02524,Advik Loyal,TS342,Female,6,73.5,75,67,79,Low,5.1,Yes,Secondary,4,0
ST02525,Rajeshri Bedi,TS115,Male,6,68.0,61,78,70,High,2.5,Yes,None,12,0
ST02526,Lopa Krishnan,TS369,Female,6,89.7,75,94,81,Medium,6.0,Yes,None,5,0
ST02527,Eta Parsa,TS345,Female,8,72.8,75,60,67,Medium,9.6,Yes,Primary,8,0
ST02528,Falak Dua,TS161,Male,10,74.8,62,74,74,Low,10.2,Yes,Graduate,29,1
ST02529,Jhalak Raval,TS177,Male,10,53.1,39,56,48,Low,10.1,No,Graduate,11,1
ST02530,Aditya Narula,TS314,Female,9,59.0,66,54,67,High,4.0,Yes,Secondary,5,0
ST02531,Pushti Upadhyay,TS153,Female,8,79.1,78,68,70,High,4.7,No,Secondary,28,0
ST02532,Ishani Baria,TS370,Male,9,52.0,38,49,50,Low,10.2,No,Secondary,18,1
ST02533,Yashoda Khurana,TS388,Female,10,79.8,76,83,79,High,9.4,Yes,Graduate,19,0
ST02534,Thomas Barad,TS362,Male,8,46.8,43,40,32,Medium,10.7,No,Primary,9,1
ST02535,Darpan Kara,TS194,Male,10,96.2,99,95,98,Medium,9.5,Yes,Primary,25,0
ST02536,Nisha Chawla,TS014,Male,8,96.5,95,82,97,Medium,10.8,Yes,None,15,0
ST02537,Owen Mani,TS208,Male,7,90.9,91,81,89,Low,2.5,Yes,Graduate,19,0
ST02538,Dalbir Nath,TS070,Male,9,52.9,45,53,53,Low,6.1,No,Primary,1,1
ST02539,Ojasvi Vig,TS495,Male,6,56.4,62,69,61,High,2.8,Yes,Primary,15,0
ST02540,Zayan Dutta,TS018,Male,7,70.1,62,78,60,Low,7.2,Yes,Primary,27,1
ST02541,Arya Anand,TS126,Male,10,96.1,82,86,96,Low,2.2,Yes,Secondary,0,0
ST02542,Rudra Chana,TS178,Female,10,98.0,98,90,91,Medium,3.6,Yes,Primary,3,0
ST02543,Yug Prashad,TS073,Male,6,53.1,51,38,39,Low,3.4,No,Primary,25,1
ST02544,Matthew Majumdar,TS199,Female,10,78.0,72,70,75,Medium,5.2,Yes,None,13,0
ST02545,Nathaniel Bala,TS134,Male,7,55.0,55,41,49,Medium,3.8,No,Primary,13,0
ST02546,Bina Sarna,TS046,Female,8,96.1,98,99,93,High,6.8,No,Secondary,6,0
ST02547,Ayaan Sur,TS041,Female,6,83.1,85,83,71,Low,2.7,Yes,Primary,7,0
ST02548,Charita Manne,TS254,Male,8,73.5,68,61,61,Medium,3.7,Yes,Secondary,30,0
ST02549,Jack Yadav,TS061,Female,7,76.3,77,77,69,Low,3.2,Yes,Primary,17,0
ST02550,Nathaniel Kaul,TS169,Female,7,66.0,63,76,68,High,9.2,Yes,Primary,7,0
ST02551,Wishi Verma,TS496,Female,7,75.6,63,75,72,Low,2.0,No,None,14,0
ST02552,Balvan Luthra,TS461,Female,6,63.6,58,63,63,Low,11.8,No,None,30,1
ST02553,Peter Kade,TS258,Female,6,55.2,47,42,43,Low,10.8,No,Primary,9,1
ST02554,Siya Raju,TS016,Female,7,59.2,65,69,53,High,8.4,Yes,Primary,10,0
ST02555,Charita Tandon,TS410,Female,6,73.2,62,71,72,Medium,1.4,Yes,Primary,13,0
ST02556,Ubika Biswas,TS283,Male,8,64.4,69,55,66,Medium,2.1,Yes,Primary,18,1
ST02557,George Ghosh,TS247,Male,6,47.5,42,50,50,Medium,5.3,No,Secondary,25,1
ST02558,Jagrati Dar,TS193,Female,9,81.8,78,76,80,Low,0.9,Yes,Primary,3,0
ST02559,Jagvi Bumb,TS305,Female,7,61.8,59,56,61,Low,1.4,Yes,None,10,1
ST02560,Aachal Majumdar,TS032,Male,10,49.3,46,59,50,Low,7.1,Yes,Secondary,29,1
ST02561,Laban Krishnamurthy,TS416,Male,6,67.7,57,51,50,Low,4.6,No,None,30,1
ST02562,Chakradev Chakraborty,TS436,Male,8,91.8,85,93,89,Low,11.1,Yes,None,6,0
ST02563,Champak Rastogi,TS454,Male,9,57.1,61,63,50,High,11.4,No,Primary,3,1
ST02564,Mahika Wable,TS107,Male,9,62.1,48,65,52,Medium,7.9,No,Secondary,30,1
ST02565,Nidra Misra,TS026,Male,7,85.6,81,75,85,Medium,2.6,Yes,Secondary,1,0
ST02566,Qushi Das,TS128,Male,6,54.1,49,46,59,Low,2.0,Yes,None,30,1
ST02567,Urvashi Bansal,TS212,Female,7,47.2,42,54,52,Low,10.2,Yes,Secondary,24,1
ST02568,Geetika Doctor,TS450,Female,6,89.8,82,85,74,Low,3.1,No,Secondary,23,1
ST02569,Ishita Khanna,TS154,Female,8,48.8,50,49,48,Low,5.2,Yes,Primary,8,1
ST02570,Ishaan Date,TS403,Female,6,72.1,68,66,72,Low,10.8,No,None,30,1
ST02571,Daksh Dave,TS285,Female,8,56.8,53,46,48,Medium,4.6,Yes,Secondary,20,1
ST02572,Madhav Tata,TS450,Male,6,54.6,45,59,41,Low,2.5,No,Secondary,2,1
ST02573,Sara Mander,TS347,Female,9,81.9,89,82,74,High,8.5,Yes,Secondary,0,0
ST02574,Bimala Khurana,TS020,Female,9,71.0,57,64,63,Low,4.5,No,Graduate,22,1
ST02575,Wyatt Mani,TS437,Male,6,69.6,67,70,74,Medium,3.6,Yes,None,19,1
ST02576,Charvi Grover,TS320,Male,8,63.2,46,49,58,Medium,7.4,No,None,7,1
ST02577,Indira Nanda,TS222,Male,8,70.9,60,55,59,Low,1.7,No,Primary,8,0
ST02578,Chatura Varughese,TS145,Male,10,82.8,72,74,83,Medium,6.3,No,Secondary,13,0
ST02579,Omkaar Ahluwalia,TS404,Female,7,79.6,76,66,77,Medium,11.3,No,Secondary,10,0
ST02580,Vidhi Dugal,TS365,Male,10,77.7,71,75,79,Medium,10.9,Yes,None,8,0
ST02581,Pallavi Batta,TS138,Male,8,65.1,68,60,62,Low,8.4,Yes,Graduate,18,1
ST02582,David Sankaran,TS236,Male,9,83.6,81,88,90,Low,10.8,Yes,Primary,22,1
ST02583,Isaac Bail,TS254,Male,9,77.4,78,65,66,Low,4.6,No,Secondary,23,1
ST02584,Turvi Khare,TS449,Male,9,50.4,60,59,56,High,5.6,Yes,Primary,8,0
ST02585,Hitesh Tata,TS377,Male,6,94.3,84,96,92,Medium,8.0,Yes,Primary,24,0
ST02586,Wazir Cheema,TS024,Female,7,94.2,90,85,88,High,1.0,Yes,None,2,0
ST02587,Upma Anne,TS045,Female,9,51.1,47,50,45,Medium,6.4,Yes,Graduate,20,1
ST02588,Pushti Purohit,TS254,Male,8,70.3,66,66,73,Medium,10.4,Yes,Secondary,1,0
ST02589,Manbir Nair,TS054,Male,9,89.0,95,95,75,Low,10.7,Yes,None,20,1
ST02590,Baghyawati Rattan,TS066,Male,9,92.5,97,89,86,High,10.3,Yes,Graduate,21,0
ST02591,Andrew Edwin,TS395,Female,8,46.0,49,43,43,Low,9.0,Yes,Secondary,18,1
ST02592,Gabriel Varkey,TS084,Female,10,86.0,86,91,90,Low,10.9,Yes,Secondary,17,1
ST02593,Ayushman Divan,TS186,Male,8,81.8,82,87,81,High,9.2,Yes,None,7,0
ST02594,Abha Bera,TS285,Male,7,79.1,77,71,82,High,11.5,Yes,Primary,11,0
ST02595,Zaid Sur,TS234,Female,9,56.1,61,52,47,Low,11.6,Yes,Secondary,23,1
ST02596,Ayushman Kade,TS055,Male,7,86.5,84,71,80,Low,6.2,No,Graduate,23,1
ST02597,Balveer Bhandari,TS475,Male,9,60.3,63,51,65,Low,4.5,Yes,None,3,1
ST02598,Amara Parekh,TS237,Male,9,72.0,65,55,56,Low,8.9,No,Secondary,23,1
ST02599,Chameli Ramakrishnan,TS391,Female,9,92.6,88,80,82,Medium,1.4,Yes,Secondary,27,0
ST02600,Eesha Bawa,TS237,Female,7,93.5,76,77,85,Low,0.9,No,None,23,1
ST02601,Arjun Karpe,TS107,Male,8,73.2,79,75,63,Medium,4.0,Yes,None,16,0
ST02602,Balendra Mittal,TS490,Male,10,56.0,62,62,57,Low,2.0,Yes,Primary,8,1
ST02603,Ekiya Divan,TS372,Female,6,86.0,87,80,77,Low,5.2,Yes,Primary,13,0
ST02604,Anamika Wagle,TS459,Female,8,82.6,83,81,69,Low,10.6,No,Primary,5,0
ST02605,Pallavi Parmer,TS191,Male,6,52.9,60,65,49,High,2.0,Yes,Secondary,30,1
ST02606,Ayaan Sami,TS447,Male,10,89.4,79,73,87,Medium,0.8,No,None,14,0
ST02607,Osha Koshy,TS014,Male,7,75.2,82,76,82,Low,7.3,Yes,None,15,0
ST02608,Chavvi Khanna,TS467,Female,9,81.7,71,80,78,Low,9.2,Yes,Secondary,30,1
ST02609,Vasana Sule,TS234,Male,10,58.2,57,66,53,Low,6.1,Yes,Secondary,22,1
ST02610,Imaran Gopal,TS343,Female,9,93.0,80,93,88,Low,2.4,Yes,Primary,30,0
ST02611,Samesh Lal,TS096,Male,7,74.3,73,74,63,Low,6.5,Yes,None,1,0
ST02612,Abhimanyu Dhar,TS239,Male,9,78.1,75,67,78,Low,0.9,No,None,19,1
ST02613,Jeet Dhillon,TS064,Male,6,65.9,59,64,74,Low,9.3,Yes,Primary,12,1
ST02614,Farhan Sawhney,TS322,Female,7,60.1,54,61,57,Medium,2.0,Yes,Primary,19,1
ST02615,Ubika Deshpande,TS442,Male,6,85.9,78,90,84,Low,4.1,Yes,Secondary,29,0
ST02616,Riya Patel,TS446,Female,10,50.2,56,46,53,High,3.6,Yes,Secondary,4,0
ST02617,Anirudh Chaudhuri,TS499,Male,6,75.1,81,78,85,High,0.9,Yes,Secondary,16,0
ST02618,Bhavini Borde,TS282,Female,8,46.5,35,49,34,Medium,6.8,No,Secondary,23,1
ST02619,Yasti Saxena,TS483,Female,7,60.1,52,68,68,Low,10.6,Yes,Primary,17,1
ST02620,Nidra Ranganathan,TS262,Female,7,91.0,83,83,82,High,6.8,Yes,None,14,0
ST02621,Gopal Kara,TS460,Female,7,91.6,83,74,84,Low,9.6,No,None,2,0
ST02622,Teerth Ganesan,TS018,Female,10,46.1,56,38,40,Medium,10.7,Yes,Secondary,24,1
ST02623,Yoshita Munshi,TS453,Male,6,71.3,57,55,56,Medium,11.1,No,Primary,14,0
ST02624,Zayan Chaudhari,TS382,Male,7,77.9,76,87,71,High,1.1,Yes,None,21,0
ST02625,Sathvik Naidu,TS188,Female,7,56.3,63,55,48,Low,4.7,Yes,Graduate,18,1
ST02626,Harish Chander,TS242,Female,7,80.0,76,81,69,Low,1.8,No,Primary,12,0
ST02627,Naveen Bahl,TS354,Male,8,48.0,44,40,43,Medium,11.3,Yes,None,17,1
ST02628,Gautami Venkatesh,TS036,Male,7,89.2,79,82,83,Low,2.1,Yes,Graduate,3,0
ST02629,Vincent Guha,TS074,Male,9,60.7,64,65,53,High,6.4,No,Primary,10,0
ST02630,Rayaan Baria,TS401,Female,9,53.4,59,43,56,Low,6.2,Yes,Graduate,5,1
ST02631,Yug Khare,TS066,Female,10,86.7,85,80,76,Medium,2.1,Yes,Graduate,16,0
ST02632,Siya Kaur,TS002,Male,9,66.6,59,71,72,Low,4.0,Yes,Secondary,24,1
ST02633,Sneha Vora,TS420,Female,7,74.6,72,70,67,Low,8.7,No,Graduate,14,0
ST02634,Dev Thaman,TS014,Male,8,81.2,85,83,83,Medium,5.8,Yes,None,3,0
ST02635,Qarin Nagar,TS113,Female,7,48.7,52,49,43,Low,8.5,Yes,None,7,1
ST02636,Ekaja Zachariah,TS415,Female,9,48.1,50,57,46,Medium,8.4,Yes,Primary,18,1
ST02637,Abhimanyu Sem,TS282,Male,9,81.4,81,88,68,Low,11.2,Yes,Secondary,15,0
ST02638,Rachit Sethi,TS273,Male,7,91.1,76,96,85,Low,10.9,Yes,Secondary,0,0
ST02639,Yutika Baria,TS029,Male,7,94.5,87,93,82,Medium,3.6,Yes,Primary,3,0
ST02640,Nidra Minhas,TS498,Female,10,94.0,99,99,99,High,8.2,Yes,Secondary,9,0
ST02641,Frado Chakrabarti,TS220,Female,7,59.8,57,63,60,Medium,10.1,Yes,Primary,17,1
ST02642,Bhavani Contractor,TS493,Female,10,73.4,78,75,75,Medium,9.5,Yes,Primary,28,0
ST02643,Darpan Bahl,TS244,Male,6,61.4,68,52,61,Medium,10.3,Yes,Primary,6,0
ST02644,Nathaniel Pal,TS043,Female,10,96.1,97,83,81,Low,9.0,Yes,Secondary,22,1
ST02645,Elijah Prabhu,TS260,Male,10,65.1,74,76,65,High,11.1,Yes,Secondary,5,0
ST02646,Sathvik Loyal,TS025,Male,10,79.2,71,78,72,Medium,2.3,Yes,Primary,4,0
ST02647,Harini Prashad,TS122,Female,7,50.7,58,58,44,Medium,1.2,Yes,Secondary,6,0
ST02648,Falak Deshmukh,TS287,Female,9,79.7,75,76,79,High,4.4,Yes,Graduate,28,0
ST02649,Indira Nigam,TS239,Female,7,93.6,97,91,95,High,3.3,No,None,2,0
ST02650,Libni Pant,TS300,Female,6,48.5,38,43,36,Medium,2.9,No,Primary,24,1
ST02651,Siya Jayaraman,TS114,Female,7,61.4,50,68,70,Medium,5.8,Yes,Primary,20,1
ST02652,Samesh Bhargava,TS080,Male,10,72.6,79,60,62,Medium,7.8,Yes,Graduate,11,0
ST02653,Pushti Kunda,TS154,Male,7,73.1,85,76,80,High,10.2,Yes,Secondary,7,0
ST02654,Girik Kamdar,TS486,Male,8,85.2,80,71,79,Medium,11.4,Yes,Graduate,9,0
ST02655,Vivaan Nagar,TS153,Male,9,63.8,64,59,65,High,1.2,No,Secondary,19,1
ST02656,Alka Sem,TS406,Male,7,56.4,52,49,55,Medium,1.8,Yes,Secondary,19,1
ST02657,Charan Sur,TS182,Male,9,50.5,52,41,42,High,3.0,No,Secondary,26,1
ST02658,Tripti Singhal,TS344,Female,9,83.5,85,75,83,Low,0.8,Yes,Primary,11,0
ST02659,Rachit Kurian,TS246,Male,9,73.0,67,66,56,Low,4.7,No,Secondary,24,1
ST02660,Ojas Jain,TS405,Female,9,81.4,76,88,70,Medium,8.2,Yes,Primary,26,0
ST02661,Kamala Contractor,TS002,Male,6,97.0,87,95,79,Low,9.5,No,None,28,1
ST02662,Samarth Ben,TS025,Male,6,82.3,87,87,79,Low,8.8,Yes,Primary,3,0
ST02663,Kabir Toor,TS285,Male,10,73.4,68,72,67,Low,11.5,Yes,None,14,0
ST02664,Ekansh Reddy,TS412,Female,6,62.0,67,55,75,High,10.2,Yes,Primary,4,0
ST02665,Anvi Sarraf,TS122,Male,10,69.3,68,67,75,Medium,5.4,Yes,Graduate,13,0
ST02666,Faras Deshmukh,TS197,Female,6,75.3,74,69,68,Medium,6.6,Yes,None,3,0
ST02667,Champak Char,TS401,Female,8,65.1,57,73,56,Low,2.2,Yes,Primary,4,1
ST02668,Robert Iyengar,TS087,Female,9,47.2,49,52,37,Medium,0.9,Yes,None,0,0
ST02669,Pranav Pall,TS292,Male,7,89.8,90,78,77,Medium,2.6,Yes,Primary,30,0
ST02670,Liam Sahota,TS128,Female,7,76.6,72,79,76,Low,2.9,Yes,Primary,26,0
ST02671,Mugdha Bhargava,TS405,Female,7,97.4,98,83,99,High,10.0,No,Secondary,24,0
ST02672,Manthan Mand,TS024,Male,10,51.6,48,52,45,Medium,7.2,No,Graduate,12,1
ST02673,Onveer Sandhu,TS246,Male,9,67.5,74,74,65,Low,2.4,Yes,Secondary,0,1
ST02674,Elijah Raghavan,TS253,Male,9,86.2,73,72,84,Low,0.9,Yes,Secondary,18,0
ST02675,Joshua Brar,TS324,Male,8,58.9,58,43,62,Low,11.0,No,Primary,4,1
ST02676,Suhani Dora,TS074,Male,10,89.2,86,84,87,Medium,6.4,Yes,Primary,14,0
ST02677,Ria Sachdeva,TS074,Male,9,70.4,59,58,71,Medium,6.5,No,Secondary,28,0
ST02678,Indali Prashad,TS500,Female,10,75.8,82,69,64,Medium,5.9,Yes,Secondary,26,0
ST02679,Anirudh Mistry,TS287,Female,7,87.7,78,80,82,Low,3.4,Yes,Secondary,21,0
ST02680,Arunima Grewal,TS069,Female,9,49.1,40,43,59,High,6.0,No,Secondary,13,1
ST02681,Faqid Aurora,TS372,Male,9,46.4,42,39,44,Medium,5.0,No,Secondary,19,1
ST02682,Girindra Saxena,TS184,Male,10,65.6,71,62,57,Low,7.0,Yes,Primary,6,1
ST02683,Isha Keer,TS359,Female,10,83.7,86,71,70,Medium,7.0,Yes,Primary,6,0
ST02684,Bhavya Edwin,TS444,Male,6,72.0,62,63,71,Low,7.2,Yes,Secondary,14,0
ST02685,Chandresh Basu,TS151,Male,7,78.0,70,82,77,Low,4.1,Yes,Secondary,7,0
ST02686,Girindra Dhingra,TS038,Female,10,86.6,91,83,79,Medium,0.9,Yes,Graduate,3,0
ST02687,Kiaan Lad,TS285,Male,10,92.5,75,84,82,Medium,4.5,No,Secondary,25,0
ST02688,Radha Sem,TS102,Male,7,88.2,79,92,94,Medium,7.1,Yes,Secondary,2,0
ST02689,Aryan Shanker,TS395,Female,8,97.3,93,82,86,Medium,9.9,Yes,Secondary,4,0
ST02690,Dalbir Gade,TS050,Male,8,84.3,77,73,90,Low,11.9,Yes,Graduate,2,0
ST02691,Jackson Naik,TS492,Male,6,72.6,61,68,69,Low,10.5,No,None,5,0
ST02692,Inaya Chandran,TS391,Male,9,96.8,88,84,92,Low,7.5,No,Primary,6,0
ST02693,Manan Sane,TS214,Male,9,46.7,46,39,46,Medium,7.8,Yes,Secondary,18,1
ST02694,Finn Borde,TS303,Male,7,56.3,53,46,49,Low,5.2,Yes,None,8,1
ST02695,Abhiram Venkatesh,TS235,Female,8,81.9,85,78,74,High,10.1,Yes,None,27,0
ST02696,Gautam Bala,TS275,Female,6,49.4,47,47,40,Medium,1.1,Yes,Secondary,12,0
ST02697,Gaurika Sehgal,TS399,Female,7,77.4,67,65,84,Low,2.1,Yes,Primary,13,0
ST02698,Omkaar Choudhary,TS319,Male,9,46.0,51,55,42,Low,8.2,Yes,None,7,1
ST02699,Fitan Dewan,TS377,Male,6,96.4,95,97,99,High,3.4,Yes,None,17,0
ST02700,Yauvani Lall,TS257,Female,10,71.5,56,72,74,Low,11.3,No,Secondary,9,0
ST02701,Darpan Om,TS219,Female,6,64.6,61,68,59,High,6.6,Yes,Graduate,4,0
ST02702,Upma Sodhi,TS130,Male,7,94.1,92,79,90,Medium,1.6,Yes,Primary,1,0
ST02703,Nirja Dua,TS450,Female,8,51.0,58,40,51,Low,2.9,Yes,Secondary,12,1
ST02704,Bhavini Saran,TS401,Male,6,68.7,69,60,65,Low,4.7,No,Graduate,4,1
ST02705,Damyanti Krishnamurthy,TS424,Female,7,75.0,66,72,68,High,11.0,No,None,19,0
ST02706,Divya Kadakia,TS406,Female,7,74.4,61,74,63,Low,10.1,No,Primary,23,1
ST02707,Jason Mander,TS350,Male,6,45.6,36,42,44,Medium,11.7,Yes,Graduate,19,1
ST02708,Chaaya Gupta,TS037,Female,8,74.1,61,67,71,Medium,6.8,Yes,Secondary,25,0
ST02709,Ekta Lall,TS437,Male,9,66.3,49,53,55,Medium,7.1,No,Secondary,2,1
ST02710,Anya Pathak,TS027,Male,8,66.8,72,65,61,High,10.4,Yes,Secondary,21,1
ST02711,Victor Gandhi,TS304,Female,10,82.0,83,69,88,Low,2.2,Yes,Graduate,26,0
ST02712,Gautam Swaminathan,TS289,Female,9,65.9,79,75,63,High,9.4,Yes,None,26,1
ST02713,Yachana Anand,TS121,Female,7,71.2,62,62,70,Medium,7.3,Yes,Primary,25,0
ST02714,Robert Bal,TS411,Female,7,61.9,66,52,63,Medium,1.2,Yes,Graduate,13,0
ST02715,Raghav Luthra,TS090,Male,10,49.6,48,48,39,Low,2.0,No,Graduate,5,1
ST02716,Anika Sathe,TS014,Male,8,91.6,93,92,89,Medium,10.5,Yes,Primary,7,0
ST02717,Baghyawati Sibal,TS104,Male,6,82.3,80,70,72,Medium,2.6,No,Secondary,14,0
ST02718,Daksh Cheema,TS150,Male,6,67.6,66,55,66,Low,1.8,Yes,Secondary,22,1
ST02719,Henry Rana,TS119,Female,6,87.4,93,78,86,Medium,9.0,Yes,Graduate,11,0
ST02720,Charan Apte,TS326,Female,7,53.8,64,51,65,High,6.3,Yes,Secondary,7,0
ST02721,Manthan Parmer,TS241,Female,6,74.5,63,77,69,Medium,6.0,Yes,None,30,0
ST02722,Adya Bora,TS380,Female,10,81.9,81,76,84,Low,2.4,Yes,Graduate,2,0
ST02723,Tristan Varty,TS368,Male,8,45.9,34,47,49,Low,10.5,No,Primary,11,1
ST02724,Bhavya Rama,TS257,Male,9,76.1,80,74,79,Medium,5.1,Yes,Secondary,30,0
ST02725,Vivaan Rattan,TS364,Male,7,90.3,81,88,82,Medium,9.1,No,Graduate,25,0
ST02726,Widisha Kulkarni,TS390,Female,6,84.7,86,86,88,Medium,11.9,Yes,None,0,0
ST02727,Zinal Agrawal,TS167,Female,7,52.8,43,47,49,Medium,7.0,Yes,None,29,1
ST02728,Anvi Saran,TS331,Male,9,80.1,73,87,70,Medium,3.4,Yes,None,11,0
ST02729,Hemangini Kadakia,TS144,Male,6,48.8,58,41,57,Low,5.5,Yes,Secondary,16,1
ST02730,Krish Singhal,TS093,Female,8,85.3,71,86,85,Medium,8.9,Yes,Graduate,0,0
ST02731,Champak Jha,TS212,Female,8,89.0,88,77,86,Medium,7.5,Yes,Secondary,16,0
ST02732,Anya Butala,TS337,Female,9,59.8,49,53,62,Medium,10.2,Yes,Primary,23,1
ST02733,Garima Seshadri,TS030,Female,8,92.4,95,78,79,Medium,6.5,Yes,None,8,0
ST02734,Akshay Nath,TS252,Female,8,85.0,81,85,83,Medium,10.5,Yes,None,26,0
ST02735,Lipika Banik,TS498,Male,10,47.2,57,44,41,Medium,1.9,Yes,Primary,17,1
ST02736,Vamakshi Banik,TS016,Male,8,58.7,55,44,57,Medium,7.2,No,Primary,5,1
ST02737,Krishna Pradhan,TS448,Male,7,56.2,61,50,47,Low,10.2,Yes,Graduate,7,1
ST02738,Ekantika Goda,TS077,Male,10,67.1,58,57,74,Medium,2.0,Yes,Graduate,21,1
ST02739,Kritika Chana,TS371,Male,6,68.5,64,75,67,Low,4.5,Yes,Secondary,30,1
ST02740,Forum Sampath,TS092,Female,10,96.4,94,91,83,Low,4.4,Yes,Secondary,27,0
ST02741,Jacob Ramanathan,TS029,Female,6,83.1,84,74,89,Medium,2.2,Yes,Primary,12,0
ST02742,Suhani Bath,TS210,Female,7,95.4,90,98,96,Low,6.4,Yes,Secondary,18,0
ST02743,Chaman Arya,TS285,Male,9,90.5,79,78,96,Low,11.8,Yes,Secondary,0,0
ST02744,Tamanna Nair,TS164,Male,6,89.9,90,91,90,Medium,4.7,Yes,Primary,24,0
ST02745,Prisha Rastogi,TS432,Male,7,61.0,58,49,49,Low,5.6,Yes,Primary,13,1
ST02746,Hiral Narayan,TS166,Female,7,72.8,69,62,61,Medium,4.8,Yes,Secondary,26,0
ST02747,Ayaan Shanker,TS050,Male,6,46.4,56,43,49,Medium,7.8,Yes,Secondary,17,1
ST02748,Bina Sethi,TS434,Male,6,62.6,57,58,49,Low,11.2,No,Graduate,18,1
ST02749,Reyansh Yogi,TS462,Female,8,59.3,59,65,72,High,11.3,Yes,Secondary,3,0
ST02750,Widisha Nayak,TS055,Male,9,73.4,79,64,65,Low,2.7,Yes,Secondary,23,0
ST02751,Radhika Tiwari,TS004,Male,6,83.8,88,80,88,Medium,11.7,Yes,Secondary,20,0
ST02752,Naveen Dasgupta,TS416,Female,6,97.6,92,84,89,Low,9.7,Yes,Secondary,10,0
ST02753,Adya Joshi,TS203,Female,10,75.3,77,77,78,Medium,6.8,Yes,Primary,22,0
ST02754,Andrew Bava,TS363,Male,7,94.4,99,84,99,High,6.9,Yes,Secondary,14,0
ST02755,Zayan Khalsa,TS071,Male,9,89.2,83,95,95,Low,6.1,Yes,Secondary,4,0
ST02756,Chanchal Natarajan,TS224,Female,10,94.1,87,95,84,High,8.3,Yes,Graduate,8,0
ST02757,Laksh Sant,TS479,Female,8,52.3,44,46,42,Medium,5.1,Yes,None,20,1
ST02758,Jagdish Sahni,TS493,Male,9,51.5,48,41,54,Medium,11.0,Yes,Primary,13,0
ST02759,Udarsh Narain,TS139,Female,6,79.4,76,76,73,Medium,4.5,No,Primary,1,0
ST02760,Chasmum Parsa,TS121,Male,7,78.6,75,79,74,Medium,8.0,Yes,Primary,23,0
ST02761,Anamika Korpal,TS103,Male,6,56.6,51,41,54,Low,1.1,No,None,9,1
ST02762,Wriddhish Taneja,TS199,Male,9,50.8,55,36,37,Medium,11.7,No,None,28,1
ST02763,Yatin Pal,TS324,Male,8,86.2,73,77,74,Low,4.1,Yes,None,8,0
ST02764,Saumya Naidu,TS119,Male,6,87.7,86,75,83,Medium,8.7,Yes,Secondary,3,0
ST02765,Isaac Sagar,TS454,Female,7,59.8,62,50,63,Medium,7.4,Yes,Secondary,11,0
ST02766,Urvashi Parsa,TS410,Male,6,51.9,57,61,60,Medium,2.0,Yes,Primary,14,0
ST02767,Qushi Kanda,TS319,Male,9,61.1,54,67,60,Low,5.7,Yes,Secondary,9,1
ST02768,Atharv Jani,TS467,Female,8,83.1,87,82,81,Low,11.2,Yes,Primary,5,0
ST02769,Rajeshri Varty,TS252,Female,6,76.4,75,72,70,Medium,6.4,Yes,Secondary,30,0
ST02770,Chavvi Tak,TS070,Female,9,54.8,61,57,59,Medium,2.3,Yes,Primary,10,0
ST02771,Qarin Warrior,TS488,Male,8,63.7,71,68,72,Low,11.9,Yes,Secondary,19,1
ST02772,Tanmayi Mandal,TS394,Female,7,75.9,82,65,73,Medium,2.3,Yes,Secondary,8,0
ST02773,Triveni Munshi,TS367,Male,6,50.9,44,52,60,Low,2.7,Yes,Primary,14,1
ST02774,Utkarsh Nori,TS290,Male,9,84.2,80,80,79,Low,7.1,Yes,Primary,3,0
ST02775,Gauri Thaman,TS073,Female,8,61.2,65,63,65,Medium,8.4,Yes,Graduate,0,0
ST02776,Abhiram Kota,TS067,Female,8,93.3,85,86,86,Low,5.1,No,None,9,0
ST02777,Chaitanya Chakrabarti,TS389,Female,9,97.8,92,97,99,Low,3.5,Yes,Primary,20,0
ST02778,Saksham Thaker,TS116,Female,6,85.8,91,91,83,Medium,10.1,Yes,Secondary,22,0
ST02779,Hardik Choudhary,TS023,Male,8,86.9,82,82,86,Low,9.6,Yes,Secondary,30,1
ST02780,Rohan Bhat,TS271,Female,7,76.6,73,71,64,Low,8.3,Yes,Secondary,16,1
ST02781,Lila Sule,TS499,Female,6,72.0,61,75,78,Low,6.4,Yes,None,22,0
ST02782,Chaaya Buch,TS323,Female,6,62.8,62,62,64,High,5.0,Yes,Primary,2,0
ST02783,Balvan Pillay,TS179,Female,6,69.9,54,59,60,Low,4.3,No,Primary,19,1
ST02784,Brinda Chhabra,TS403,Female,8,64.9,74,62,67,High,6.5,Yes,None,10,0
ST02785,Chaaya Basu,TS266,Female,8,48.4,47,49,58,Low,7.7,Yes,Graduate,30,1
ST02786,Bhavya Bail,TS468,Female,9,91.1,87,90,90,Medium,7.1,Yes,Secondary,3,0
ST02787,Kala Sami,TS057,Female,9,94.3,84,88,84,Medium,7.1,Yes,Primary,1,0
ST02788,Vasudha Roy,TS256,Female,7,86.1,84,70,70,Low,3.8,No,Primary,15,0
ST02789,Farhan Subramanian,TS471,Male,8,58.4,57,53,58,Medium,8.6,Yes,Primary,13,0
ST02790,Fitan Mistry,TS192,Female,8,65.5,70,63,57,High,4.4,No,None,4,0
ST02791,Pooja Mammen,TS316,Female,6,61.8,70,59,55,Low,2.5,Yes,Graduate,16,1
ST02792,Janya Morar,TS238,Male,8,70.2,75,58,68,Low,2.1,Yes,Primary,18,0
ST02793,Nikita Shere,TS125,Male,7,64.9,67,66,62,Low,7.2,Yes,Graduate,21,1
ST02794,Ekta Guha,TS296,Male,8,96.5,82,90,86,Low,6.7,Yes,Primary,16,0
ST02795,Finn Bhasin,TS051,Female,7,54.1,48,42,58,Medium,1.7,No,Secondary,16,1
ST02796,Abhiram Bhalla,TS029,Male,8,93.0,88,80,96,Low,3.9,Yes,Primary,18,0
ST02797,Yashvi Arya,TS030,Male,8,55.9,58,63,53,Medium,8.6,Yes,Secondary,8,0
ST02798,Ijaya Raju,TS362,Female,6,50.5,50,45,47,Low,2.0,Yes,Secondary,25,1
ST02799,Janya Sarma,TS067,Male,9,66.4,72,62,59,Medium,6.6,Yes,Graduate,0,0
ST02800,Radha Dua,TS332,Female,9,58.6,66,56,63,Medium,11.0,Yes,Graduate,18,1
ST02801,Nisha Morar,TS225,Male,7,73.3,61,69,60,Low,2.0,No,Secondary,27,1
ST02802,Anamika Chaudhry,TS205,Male,6,79.2,69,67,67,Low,1.5,Yes,Secondary,18,0
ST02803,Faraj Wali,TS251,Male,6,85.3,77,82,79,Low,4.2,Yes,Secondary,13,0
ST02804,Odika Divan,TS119,Female,9,77.2,72,74,73,Medium,2.4,No,Secondary,7,0
ST02805,Jason Modi,TS077,Male,10,59.4,61,66,49,Low,9.9,Yes,Primary,15,1
ST02806,Samarth Dada,TS411,Male,7,68.1,64,69,56,Medium,11.7,Yes,Secondary,22,1
ST02807,Praneel Guha,TS495,Male,7,85.9,75,76,75,Medium,5.0,Yes,None,1,0
ST02808,Leena Dewan,TS195,Male,8,80.4,64,82,76,Medium,4.8,No,Primary,18,0
ST02809,Gavin Batta,TS239,Female,8,48.2,47,39,35,Low,3.7,No,Primary,8,1
ST02810,Raksha Gandhi,TS193,Male,8,79.6,67,75,82,Medium,4.9,Yes,Secondary,29,0
ST02811,Devika Lanka,TS233,Female,7,62.5,70,57,62,Low,4.8,Yes,Primary,0,1
ST02812,Damyanti Walia,TS050,Male,9,96.3,95,91,84,Low,8.0,Yes,Primary,6,0
ST02813,Yoshita Goyal,TS311,Female,7,90.9,86,80,72,Low,10.8,No,Secondary,12,0
ST02814,Geetika Bhardwaj,TS139,Male,10,96.5,88,82,99,Low,11.2,Yes,Primary,14,0
ST02815,Abdul Dua,TS331,Male,7,58.1,54,50,44,Low,10.6,No,Primary,16,1
ST02816,Jeet Narayanan,TS010,Female,8,82.3,69,70,83,Low,6.1,Yes,Graduate,21,0
ST02817,Zashil Devi,TS142,Male,8,48.8,51,40,55,Medium,2.7,Yes,Primary,3,0
ST02818,Patrick Sood,TS329,Female,8,56.8,66,53,46,High,4.6,No,None,28,1
ST02819,Raagini Tara,TS454,Male,7,56.3,52,45,43,Medium,9.7,No,Primary,21,1
ST02820,Gaurav Parekh,TS448,Female,10,51.9,47,56,51,Low,10.3,Yes,Primary,22,1
ST02821,Ekantika Master,TS265,Female,9,84.8,72,85,79,Low,6.7,Yes,Primary,12,0
ST02822,Laban Hayer,TS123,Female,8,51.7,59,55,43,Low,1.5,Yes,Secondary,0,1
ST02823,Omisha Guha,TS299,Female,7,81.9,84,77,83,Medium,10.0,Yes,Primary,23,0
ST02824,Yuvraj Karnik,TS122,Female,10,48.3,47,55,45,Low,12.0,Yes,Secondary,2,1
ST02825,Upma Tiwari,TS344,Male,10,82.5,70,77,73,Medium,6.5,Yes,Secondary,3,0
ST02826,Adya Devan,TS331,Female,9,90.5,89,81,94,Medium,9.9,Yes,Graduate,3,0
ST02827,Yashvi Handa,TS353,Female,7,80.7,63,82,81,Low,9.6,No,Primary,4,0
ST02828,Warhi Taneja,TS340,Female,9,95.0,95,88,91,Low,8.0,Yes,Secondary,8,0
ST02829,Triya Reddy,TS434,Male,8,77.0,67,74,76,Low,7.2,Yes,Primary,21,1
ST02830,Balvan Garg,TS076,Male,9,95.6,80,87,87,Medium,7.7,No,Secondary,21,0
ST02831,Charvi Doshi,TS040,Female,10,64.2,57,65,57,Medium,9.6,Yes,Graduate,15,0
ST02832,Jasmit Keer,TS360,Female,8,54.2,54,54,59,Low,3.5,Yes,Secondary,9,1
ST02833,Naksh Anand,TS026,Female,7,45.6,40,46,54,Medium,9.7,Yes,Primary,17,1
ST02834,Ridhi Issac,TS280,Female,10,78.2,67,68,85,Medium,10.9,Yes,Secondary,14,0
ST02835,Oliver Palla,TS253,Female,10,93.0,90,78,81,Medium,8.3,No,Primary,16,0
ST02836,Parth Balay,TS052,Female,8,75.3,80,72,68,Medium,8.5,Yes,Graduate,25,0
ST02837,Vyanjana Raju,TS141,Female,6,46.4,36,46,52,Medium,10.5,Yes,Graduate,18,1
ST02838,Mitesh Nori,TS366,Female,10,91.9,91,84,77,Medium,7.9,Yes,Graduate,13,0
ST02839,Aadhya Merchant,TS275,Male,7,55.3,67,64,52,High,10.8,Yes,Primary,3,0
ST02840,Nandini Uppal,TS353,Male,8,90.3,80,89,83,Low,8.8,Yes,Secondary,7,0
ST02841,Barkha Amble,TS334,Female,6,84.9,70,81,79,Medium,6.2,No,Primary,17,0
ST02842,Rushil Sagar,TS303,Female,7,47.1,46,55,47,Low,1.6,Yes,Primary,1,1
ST02843,Chatura Arya,TS288,Male,8,49.4,52,47,47,High,2.3,Yes,Graduate,6,0
ST02844,Krish Sekhon,TS149,Male,10,97.9,94,85,85,Medium,4.3,Yes,Graduate,10,0
ST02845,Warjas Iyengar,TS478,Female,7,45.3,33,50,32,Medium,3.8,No,Secondary,24,1
ST02846,Jairaj Bhavsar,TS222,Female,7,84.5,81,89,88,Medium,10.2,Yes,None,24,0
ST02847,Yoshita Ramesh,TS254,Female,10,92.2,97,96,94,Medium,1.8,Yes,Secondary,17,0
ST02848,Yatin Hari,TS466,Female,9,92.1,97,77,94,Medium,7.5,Yes,Primary,23,0
ST02849,Akshay Hans,TS435,Female,8,61.9,54,64,53,Medium,3.3,Yes,Secondary,0,0
ST02850,Veer Din,TS401,Female,9,98.0,99,99,99,High,8.8,Yes,Secondary,20,0
ST02851,Dipta Merchant,TS229,Male,7,47.3,46,39,42,Low,5.8,Yes,Primary,13,1
ST02852,Pranit Sane,TS337,Female,8,62.7,54,60,66,High,8.2,No,Secondary,15,1
ST02853,Omaja Nayak,TS120,Female,10,86.5,90,72,80,Medium,2.8,Yes,Primary,27,0
ST02854,Ishita Basu,TS184,Female,10,58.7,57,63,58,High,8.9,Yes,Graduate,24,1
ST02855,Hemang Naik,TS011,Female,8,69.7,58,54,68,Medium,0.5,No,None,10,0
ST02856,Simon Batra,TS326,Female,9,48.9,45,42,41,Low,2.6,Yes,Secondary,14,1
ST02857,Quincy Randhawa,TS397,Female,9,94.7,83,95,99,Low,2.8,Yes,Primary,2,0
ST02858,Harinakshi Balan,TS377,Female,9,74.0,72,68,57,Medium,10.8,No,None,0,0
ST02859,Jeremiah Dube,TS471,Male,6,94.3,88,95,90,Low,1.3,Yes,Secondary,23,0
ST02860,Ladli Bava,TS195,Female,10,92.9,91,98,95,Low,11.5,Yes,Graduate,21,1
ST02861,Utkarsh Jha,TS051,Female,10,84.5,79,75,91,Low,0.8,Yes,Primary,25,0
ST02862,Chaitaly Modi,TS130,Female,6,71.6,69,72,54,Low,9.9,No,Primary,19,1
ST02863,Yahvi Ramachandran,TS198,Male,8,76.4,68,65,78,Low,4.9,Yes,Primary,7,0
ST02864,Jasmit Aurora,TS119,Male,7,73.5,80,79,83,High,7.7,Yes,Graduate,26,0
ST02865,Kamala Krishnan,TS160,Male,6,63.0,64,65,52,Low,0.5,No,Secondary,20,1
ST02866,Mahika Pall,TS313,Female,7,70.9,67,68,64,Medium,10.1,Yes,None,28,0
ST02867,Ira Saran,TS450,Female,8,71.0,61,78,66,Medium,5.6,Yes,None,11,0
ST02868,Sai Guha,TS049,Male,6,75.2,71,75,63,Medium,4.3,Yes,Secondary,26,0
ST02869,Varenya Arora,TS226,Female,8,52.5,40,37,51,Low,2.9,No,Graduate,19,1
ST02870,Aradhana Kadakia,TS035,Female,9,62.8,61,53,51,Medium,6.0,No,Secondary,2,0
ST02871,Sudiksha Keer,TS436,Female,8,69.3,75,64,67,High,7.6,Yes,Graduate,1,0
ST02872,Daksha Varkey,TS156,Male,10,65.7,58,68,74,Medium,4.2,Yes,Secondary,4,0
ST02873,Jairaj Deo,TS165,Female,9,73.0,67,70,77,Low,5.2,Yes,Graduate,15,0
ST02874,Neelima Acharya,TS436,Male,10,65.8,55,50,60,Low,6.7,No,Primary,8,1
ST02875,Triveni Hegde,TS048,Male,8,53.2,52,61,55,Medium,7.1,Yes,Secondary,2,0
ST02876,Saanvi Ranganathan,TS214,Female,8,66.3,72,55,56,Medium,2.5,Yes,Primary,26,1
ST02877,Maya Sheth,TS017,Male,6,81.6,75,80,80,Low,8.7,Yes,Primary,28,1
ST02878,Guneet Mital,TS050,Male,9,61.0,58,58,50,Low,7.2,No,None,5,1
ST02879,Advaith Doshi,TS239,Female,6,65.6,76,60,72,High,3.5,Yes,Secondary,18,1
ST02880,Idika Chanda,TS286,Female,8,75.8,69,66,67,Medium,5.2,Yes,Graduate,30,0
ST02881,Fitan Warrior,TS107,Female,8,93.8,98,80,98,Low,7.6,Yes,Primary,12,0
ST02882,Anay Bir,TS131,Female,10,70.5,58,61,73,Low,6.3,Yes,Primary,10,0
ST02883,Yashvi Contractor,TS188,Female,7,69.0,69,81,63,High,3.6,Yes,None,23,1
ST02884,Ira Sani,TS083,Female,10,86.5,79,89,81,Low,8.5,Yes,Primary,8,0
ST02885,Lipika Kale,TS392,Female,10,49.2,47,41,53,Medium,12.0,Yes,Primary,27,1
ST02886,Neelima Jha,TS464,Female,6,60.7,48,64,64,Low,7.2,No,Secondary,17,1
ST02887,David Saran,TS435,Female,10,55.0,50,53,46,Low,1.9,No,Primary,17,1
ST02888,Robert Dhar,TS424,Female,7,50.9,60,59,52,High,6.3,No,Secondary,17,1
ST02889,Pallavi Sha,TS220,Male,6,71.6,76,63,69,Medium,8.1,Yes,Primary,20,0
ST02890,Faraj Lalla,TS415,Male,10,52.4,38,40,47,Low,10.2,No,Primary,29,1
ST02891,Rayaan Barad,TS152,Female,10,95.4,83,77,88,Medium,3.1,No,Graduate,5,0
ST02892,Manbir Sha,TS229,Female,10,79.1,81,75,72,High,11.7,Yes,Graduate,22,0
ST02893,Theodore Ganguly,TS465,Female,6,64.9,70,62,56,Low,3.3,Yes,Primary,15,1
ST02894,Sathvik Sharma,TS295,Female,8,56.6,58,51,54,Medium,3.9,No,Secondary,28,1
ST02895,Vasana Dixit,TS066,Female,8,79.8,80,73,72,Low,10.6,No,None,28,1
ST02896,Vansha Buch,TS498,Male,7,58.3,61,56,55,Low,11.2,Yes,Secondary,23,1
ST02897,Teerth Muni,TS488,Female,9,63.5,57,57,55,Medium,5.3,No,Primary,12,0
ST02898,Rehaan Narasimhan,TS429,Female,8,70.9,77,65,61,Low,4.2,Yes,Primary,27,0
ST02899,Yashica Tripathi,TS046,Female,8,63.3,65,64,60,Medium,7.2,Yes,Primary,20,1
ST02900,Jeremiah Nagy,TS083,Female,10,93.1,95,80,88,Low,6.4,Yes,Secondary,8,0
ST02901,Girik Jhaveri,TS438,Female,6,67.3,62,60,70,Medium,0.8,No,Primary,23,1
ST02902,Ishita Mukherjee,TS130,Male,6,61.3,46,58,48,Medium,9.1,No,Graduate,1,1
ST02903,Samar Munshi,TS110,Male,7,62.5,61,57,61,Low,10.3,Yes,None,0,1
ST02904,Ria Luthra,TS068,Male,7,56.0,56,55,46,Low,4.5,Yes,Primary,5,1
ST02905,Isaac Agrawal,TS482,Female,8,84.2,90,80,72,Medium,2.4,Yes,Primary,17,0
ST02906,Indali Parmer,TS428,Male,9,84.9,79,76,72,Low,9.3,Yes,Primary,29,1
ST02907,Ikshita Rout,TS327,Male,7,56.4,55,47,46,Low,2.3,Yes,Graduate,23,1
ST02908,Upasna Sarma,TS360,Female,8,71.8,60,72,69,Low,4.4,No,Primary,7,0
ST02909,Faraj Sarin,TS443,Female,9,94.1,92,87,82,Low,3.8,Yes,None,29,0
ST02910,Alka Malhotra,TS354,Male,7,63.0,73,62,74,High,3.8,Yes,Primary,2,0
ST02911,Harini Dhawan,TS324,Female,6,89.2,84,81,85,Medium,8.4,Yes,Graduate,12,0
ST02912,Sara Krish,TS152,Male,9,90.6,87,84,82,Low,2.6,No,Secondary,0,0
ST02913,Samuel Tara,TS453,Female,6,73.8,69,68,68,Low,2.7,No,None,9,0
ST02914,Laksh Bajwa,TS494,Female,6,86.1,77,85,72,Medium,1.5,Yes,Graduate,30,0
ST02915,Hredhaan Bora,TS403,Female,8,92.0,91,87,78,Low,3.8,Yes,Primary,21,0
ST02916,Bachittar Misra,TS257,Female,6,50.6,55,45,57,High,1.3,Yes,Primary,16,1
ST02917,Xalak Kuruvilla,TS352,Female,6,78.5,77,78,60,Medium,7.5,No,Secondary,2,0
ST02918,Pooja Mutti,TS335,Male,8,86.4,85,72,74,Medium,10.0,No,Secondary,13,0
ST02919,Manbir Yadav,TS081,Male,9,91.3,80,82,96,Medium,2.5,Yes,Graduate,1,0
ST02920,Xalak Master,TS310,Female,10,59.2,45,61,43,Medium,5.2,No,None,20,1
ST02921,Praneel Rastogi,TS297,Male,10,84.4,72,74,84,Medium,11.4,Yes,Primary,26,0
ST02922,Onveer Baral,TS102,Female,8,71.0,81,75,64,High,1.9,Yes,Secondary,29,0
ST02923,Forum Yogi,TS016,Male,8,75.7,72,58,61,Medium,3.3,No,Primary,27,0
ST02924,Theodore Sachar,TS183,Male,7,49.3,42,49,42,Low,5.9,Yes,Primary,23,1
ST02925,Megha Samra,TS093,Male,10,78.8,76,70,78,High,10.6,Yes,Secondary,0,0
ST02926,Yamini Khurana,TS076,Female,9,55.8,60,58,50,Low,4.2,No,None,19,1
ST02927,Orinder Bhatnagar,TS073,Female,9,45.1,45,35,41,Medium,10.0,Yes,Primary,16,1
ST02928,Vasatika Babu,TS245,Male,10,59.2,68,50,60,Low,9.7,Yes,Primary,21,1
ST02929,Champak Gara,TS058,Female,10,58.5,58,59,55,Low,1.9,Yes,Graduate,12,1
ST02930,Qarin Amble,TS299,Male,6,63.1,55,55,71,Low,6.6,Yes,Primary,25,1
ST02931,Henry Arya,TS499,Female,10,77.8,72,76,74,High,3.1,Yes,Primary,4,0
ST02932,Ekani Cherian,TS185,Male,10,94.5,91,76,88,Medium,10.6,No,None,18,0
ST02933,Tanveer Lall,TS413,Male,6,80.1,67,67,76,Low,4.7,Yes,Primary,6,0
ST02934,Sudiksha Pant,TS323,Female,10,81.9,73,81,69,Medium,2.5,Yes,Graduate,18,0
ST02935,Hemang Chahal,TS464,Male,7,65.1,60,57,55,Medium,6.7,Yes,Secondary,21,1
ST02936,Falguni Bhatnagar,TS179,Female,7,76.0,71,74,65,Medium,6.3,No,Primary,17,0
ST02937,David Mukhopadhyay,TS283,Female,10,52.2,63,59,46,High,3.8,Yes,Secondary,5,0
ST02938,Veer Varty,TS398,Female,10,95.4,99,94,93,Low,11.9,Yes,Secondary,17,1
ST02939,Abhimanyu Sahota,TS490,Male,8,59.0,56,58,57,Low,10.6,Yes,Secondary,22,1
ST02940,Victor Sunder,TS271,Male,8,76.8,84,78,69,Medium,4.9,Yes,Primary,6,0
ST02941,Avni Shere,TS344,Female,6,45.7,51,40,37,Low,5.2,Yes,None,4,1
ST02942,Hritik Tara,TS178,Male,9,52.7,57,47,47,High,2.9,Yes,Graduate,20,1
ST02943,Yachana Soman,TS315,Female,9,90.0,95,90,80,Medium,2.8,Yes,Primary,2,0
ST02944,Sarthak Kalita,TS278,Female,8,57.2,65,47,46,Low,3.2,Yes,Secondary,21,1
ST02945,Manbir Chopra,TS023,Male,8,48.0,57,51,52,Medium,4.7,Yes,Primary,5,0
ST02946,Dhruv Bedi,TS442,Male,6,92.2,88,87,89,High,5.0,Yes,Secondary,14,0
ST02947,Bahadurjit Mandal,TS053,Male,6,65.3,63,60,73,High,3.5,Yes,Primary,28,1
ST02948,Pratyush Peri,TS112,Male,10,92.9,93,92,78,Low,9.8,Yes,Primary,10,0
ST02949,Dominic Gaba,TS182,Female,8,70.8,64,57,61,Low,3.1,No,Secondary,9,0
ST02950,Utkarsh Kunda,TS182,Male,7,89.9,93,75,87,Medium,9.8,Yes,Secondary,16,0
ST02951,Neelima Oommen,TS479,Male,8,52.0,36,54,42,Low,3.3,No,Primary,27,1
ST02952,Vivaan Trivedi,TS437,Male,6,95.8,89,88,91,High,4.9,No,None,25,0
ST02953,Anvi Nayak,TS120,Female,6,62.0,53,64,68,Medium,5.5,Yes,Secondary,28,1
ST02954,Chandani Sen,TS208,Male,7,45.1,59,49,43,High,3.7,Yes,Primary,29,1
ST02955,Meera Bhat,TS492,Male,8,93.7,88,76,86,Low,8.7,No,Primary,5,0
ST02956,Vrishti Venkataraman,TS415,Male,10,45.4,38,51,54,Medium,10.1,Yes,None,0,1
ST02957,Balhaar Agrawal,TS021,Male,7,68.6,81,80,76,High,6.9,Yes,Secondary,18,1
ST02958,Andrew Zachariah,TS173,Female,9,77.8,71,78,68,Medium,3.0,Yes,Secondary,6,0
ST02959,Aadi Bava,TS015,Male,6,58.9,53,68,48,Low,11.3,Yes,Primary,25,1
ST02960,Nandini Butala,TS494,Male,8,73.9,76,73,79,Medium,3.9,Yes,None,3,0
ST02961,Yamini Keer,TS345,Female,8,50.4,46,43,56,Medium,11.7,Yes,Primary,29,1
ST02962,Yatan Thaker,TS434,Female,6,57.3,57,56,56,Low,7.8,Yes,Secondary,10,1
ST02963,Madhavi Bhatnagar,TS223,Female,8,88.6,82,93,93,Low,2.7,Yes,Secondary,23,0
ST02964,Brinda Dara,TS272,Male,8,76.2,73,75,75,Medium,10.0,Yes,Secondary,3,0
ST02965,Vedhika Mishra,TS325,Male,6,56.5,45,61,60,Low,9.4,Yes,Primary,2,1
ST02966,Champak Sawhney,TS086,Male,10,51.2,50,44,43,Low,1.2,Yes,Graduate,25,1
ST02967,Charles Devan,TS304,Female,10,61.4,52,51,65,Low,10.4,Yes,Primary,7,1
ST02968,Farhan Wali,TS475,Female,6,79.7,75,90,87,High,1.1,Yes,Secondary,24,0
ST02969,Nisha Parmar,TS312,Female,6,72.1,66,70,71,Low,10.7,Yes,Primary,29,1
ST02970,Harinakshi Subramaniam,TS241,Male,6,96.0,82,97,93,Medium,3.2,Yes,Secondary,19,0
ST02971,Gautam Balakrishnan,TS135,Male,7,73.6,83,75,67,High,6.0,Yes,Secondary,23,0
ST02972,Jacob Sundaram,TS305,Female,10,71.5,74,81,68,High,7.9,Yes,None,28,0
ST02973,Anthony Deo,TS247,Male,8,83.6,76,85,78,Medium,8.8,Yes,Secondary,18,0
ST02974,Aahana Kumar,TS357,Female,9,71.2,77,77,76,Low,7.2,Yes,Primary,10,0
ST02975,Yachana Rau,TS157,Female,8,96.2,87,87,98,Low,12.0,Yes,Secondary,21,1
ST02976,Yatin Kapoor,TS443,Male,10,80.3,80,81,79,Medium,5.7,Yes,None,12,0
ST02977,Wakeeta Chaudhry,TS455,Female,8,63.9,70,69,53,Low,10.2,Yes,Primary,10,1
ST02978,Krishna Mane,TS263,Female,9,80.8,68,69,76,Low,1.6,Yes,Graduate,10,0
ST02979,Tamanna Bhasin,TS174,Male,7,79.0,72,70,77,Low,9.2,No,Primary,27,1
ST02980,Pallavi Mishra,TS311,Female,7,60.3,62,63,53,Low,7.8,No,Primary,18,1
ST02981,Oeshi Nagi,TS069,Female,7,52.1,49,46,36,Low,8.4,No,Graduate,4,1
ST02982,Vyanjana Khare,TS188,Female,9,64.4,55,47,53,Medium,9.3,No,Graduate,5,1
ST02983,Tristan Arora,TS246,Female,7,50.7,57,42,52,Low,8.6,Yes,Secondary,29,1
ST02984,Simon Zacharia,TS168,Female,10,91.6,78,77,85,Low,4.0,Yes,None,15,0
ST02985,Omya Aurora,TS147,Female,9,88.5,74,74,88,Medium,9.2,Yes,Primary,27,0
ST02986,Girish Sahota,TS261,Female,10,85.3,78,91,91,Medium,8.8,Yes,Secondary,0,0
ST02987,Oviya Mall,TS480,Male,7,46.3,55,36,51,Low,7.6,Yes,Secondary,4,1
ST02988,Vincent Sahota,TS319,Male,7,53.9,61,49,47,Medium,9.0,Yes,Primary,18,1
ST02989,Rohan Dyal,TS244,Male,7,98.0,93,89,84,Low,10.8,Yes,Secondary,18,1
ST02990,Tanvi Sagar,TS357,Male,6,50.4,41,42,44,Medium,8.7,Yes,Secondary,25,1
ST02991,Gunbir Garde,TS111,Female,10,45.3,30,32,39,Low,5.1,No,Secondary,1,1
ST02992,Idika Krishnamurthy,TS036,Female,6,83.0,80,80,75,Low,1.4,No,Primary,27,1
ST02993,Charita Bawa,TS466,Male,6,88.1,90,94,85,High,4.0,Yes,Secondary,30,0
ST02994,Chatura Mukhopadhyay,TS131,Female,10,72.5,66,71,66,Low,6.8,Yes,Secondary,12,0
ST02995,Pahal Chaudhuri,TS381,Male,9,88.7,90,85,97,High,2.9,Yes,Primary,15,0
ST02996,Jagrati Raval,TS420,Female,10,48.6,43,57,41,Medium,5.4,Yes,Secondary,20,1
ST02997,Meera Walia,TS100,Female,7,91.0,85,76,72,Low,2.4,No,Primary,3,0
ST02998,Urvashi Mannan,TS181,Male,10,77.2,77,71,83,Medium,2.9,Yes,Primary,17,0
ST02999,Max Walia,TS016,Female,6,51.5,43,56,41,Low,2.4,Yes,Primary,3,1
ST03000,Jeevika Borra,TS087,Female,9,68.0,65,74,58,Medium,7.7,Yes,Secondary,25,1
ST03001,Ubika Mani,TS270,Male,7,80.1,77,81,76,High,10.8,Yes,None,11,0
ST03002,Gabriel Dhar,TS011,Female,7,70.0,77,73,73,Medium,10.2,Yes,Primary,29,0
ST03003,Jagat Bora,TS140,Female,6,85.1,88,83,78,Low,5.9,Yes,Graduate,26,0
ST03004,Champak Prabhakar,TS470,Male,7,47.9,42,47,50,Medium,2.8,No,Primary,17,1
ST03005,Pranit Som,TS193,Male,9,75.5,68,70,71,Medium,1.2,No,Primary,26,0
ST03006,Jackson Dhar,TS286,Female,9,61.3,67,50,68,Medium,2.5,Yes,Primary,21,1
ST03007,Mahika Rao,TS495,Female,6,80.2,80,74,72,Medium,7.8,Yes,Secondary,30,0
ST03008,Dalbir Narasimhan,TS031,Female,8,59.8,68,48,54,Low,8.7,Yes,Secondary,19,1
ST03009,Liam Kale,TS152,Male,7,84.6,88,74,85,Low,8.9,Yes,Primary,23,1
ST03010,Janani Lall,TS281,Male,8,64.9,53,66,63,Medium,8.5,No,None,14,1
ST03011,Turvi Dugar,TS442,Male,9,79.2,73,74,71,High,11.3,Yes,Secondary,29,0
ST03012,Gaurang Gill,TS178,Female,7,74.8,65,71,82,Medium,2.8,Yes,Primary,5,0
ST03013,Oscar Prabhu,TS021,Female,9,94.1,74,79,88,Low,1.6,No,Primary,6,0
ST03014,Lila Aurora,TS063,Female,7,55.4,62,64,67,High,2.9,Yes,Secondary,5,0
ST03015,Ikshita Bhattacharyya,TS368,Male,7,72.2,60,59,71,Low,6.6,Yes,Secondary,1,0
ST03016,Gavin Parikh,TS332,Female,6,50.9,55,50,48,Low,9.7,No,None,20,1
ST03017,Samarth Vig,TS313,Female,10,92.8,99,95,84,High,10.1,Yes,Graduate,15,0
ST03018,Eshana Lata,TS157,Female,8,47.8,44,52,55,High,2.2,Yes,Primary,12,1
ST03019,Nandini Parekh,TS428,Female,7,88.2,71,86,78,Low,4.7,No,Secondary,19,1
ST03020,Kala Jani,TS194,Male,8,82.7,80,69,88,Low,6.0,Yes,Graduate,26,0
ST03021,Shravya Bhardwaj,TS002,Female,6,77.6,65,64,66,Low,10.6,Yes,Primary,8,0
ST03022,Tanay Gupta,TS178,Female,10,77.9,83,70,65,High,3.2,No,Secondary,26,0
ST03023,Raghav Kara,TS152,Female,7,62.7,70,65,60,Medium,11.6,Yes,None,2,0
ST03024,Ekanta Wason,TS126,Male,8,76.3,63,77,73,Low,9.7,Yes,Secondary,8,0
ST03025,Jatin Chada,TS276,Male,9,79.6,73,83,84,Low,1.3,Yes,Secondary,16,0
ST03026,Shravya Master,TS389,Female,9,62.2,66,61,65,Low,4.1,Yes,None,13,1
ST03027,Ishani Andra,TS353,Male,6,49.7,50,39,49,Low,7.7,Yes,None,13,1
ST03028,Dipta Gopal,TS023,Female,6,50.7,47,46,64,High,9.2,Yes,Secondary,1,0
ST03029,Ekaja Behl,TS403,Female,10,92.9,88,92,99,High,8.3,Yes,None,9,0
ST03030,Vritti Sarraf,TS162,Male,8,91.9,91,90,91,Medium,9.2,Yes,Secondary,8,0
ST03031,Ucchal Vyas,TS452,Male,9,74.2,65,77,65,Medium,9.2,Yes,Primary,5,0
ST03032,Banjeet Mani,TS058,Male,8,48.8,39,56,55,Low,3.9,Yes,Graduate,5,1
ST03033,Yashoda Balan,TS185,Female,6,48.3,55,45,52,Low,3.0,Yes,Secondary,20,1
ST03034,Jason Khatri,TS098,Male,7,45.6,31,35,39,Low,11.4,No,Secondary,24,1
ST03035,Tara Joshi,TS079,Female,8,73.7,77,74,77,Low,7.6,Yes,Primary,12,0
ST03036,Ekbal Dutt,TS310,Male,8,62.0,54,60,57,Medium,0.8,No,Secondary,4,0
ST03037,Prisha Sagar,TS204,Female,8,94.6,99,99,93,High,7.3,Yes,Secondary,11,0
ST03038,Onveer Tak,TS258,Male,6,52.0,45,41,37,Low,3.9,No,None,0,1
ST03039,Tejas Baria,TS292,Male,7,80.1,80,86,67,Medium,4.9,Yes,None,11,0
ST03040,Vidhi Morar,TS482,Female,10,86.3,72,91,87,Medium,3.1,Yes,Primary,12,0
ST03041,Warjas Halder,TS303,Female,9,88.2,89,99,92,High,5.0,Yes,Secondary,29,0
ST03042,Arin Subramaniam,TS026,Female,7,91.1,93,89,79,Low,2.5,Yes,None,12,0
ST03043,Chaman Shere,TS211,Female,8,75.2,62,70,82,Low,11.5,Yes,Secondary,14,0
ST03044,Jhalak Soman,TS156,Female,7,95.9,95,99,88,Low,4.7,Yes,Secondary,10,0
ST03045,Amruta Sarma,TS375,Female,9,72.3,81,77,73,High,3.2,Yes,Primary,14,0
ST03046,Balvan Raj,TS320,Female,8,47.7,50,40,46,Low,6.1,Yes,Primary,1,1
ST03047,Madhavi Doctor,TS438,Female,9,81.6,82,87,77,High,3.2,Yes,Primary,5,0
ST03048,Adweta Setty,TS098,Female,7,46.3,61,49,53,High,3.6,Yes,Graduate,4,0
ST03049,Indira Batta,TS116,Female,10,75.7,87,78,83,High,10.9,Yes,Primary,11,0
ST03050,Noah Shah,TS036,Male,6,96.2,89,88,88,Medium,3.5,No,Primary,19,0
ST03051,Arya Sundaram,TS446,Male,6,54.5,46,51,58,Low,9.2,Yes,Primary,14,1
ST03052,Anusha Rattan,TS355,Male,6,73.4,78,65,77,High,2.9,No,Primary,26,0
ST03053,Falan Bhat,TS186,Male,10,61.7,69,59,65,High,1.3,Yes,Secondary,12,0
ST03054,Yuvraj De,TS265,Male,6,67.7,50,60,54,Medium,8.6,No,Primary,9,1
ST03055,Mason Trivedi,TS048,Female,9,97.1,84,86,92,Medium,4.3,Yes,Graduate,16,0
ST03056,Panini Kala,TS409,Female,7,88.8,89,89,87,Low,8.8,Yes,None,30,1
ST03057,Jacob Rajagopal,TS163,Male,9,77.8,65,79,63,Medium,5.0,No,Primary,8,0
ST03058,Anay Uppal,TS405,Male,7,56.7,46,64,46,Low,5.0,Yes,Graduate,8,1
ST03059,Yagnesh Rattan,TS241,Male,9,74.2,75,69,67,Medium,11.2,Yes,Secondary,7,0
ST03060,Vincent Lal,TS127,Female,7,91.2,93,85,83,Low,5.3,Yes,Primary,5,0
ST03061,Hardik Balakrishnan,TS381,Male,6,88.7,78,78,74,Medium,6.4,Yes,Secondary,7,0
ST03062,Pooja Karan,TS040,Male,10,81.5,78,81,76,Medium,1.5,Yes,Primary,0,0
ST03063,Megha Chahal,TS280,Male,8,73.0,71,77,67,High,2.1,Yes,Graduate,9,0
ST03064,Bhavya Rattan,TS071,Male,8,94.2,89,86,99,High,5.2,Yes,Primary,22,0
ST03065,Harrison Bhat,TS269,Female,6,60.5,58,50,57,Medium,6.3,No,Primary,0,0
ST03066,Ayaan Chanda,TS484,Female,7,53.7,52,61,55,Low,1.5,Yes,Primary,18,1
ST03067,Jack Pal,TS363,Female,8,64.7,72,59,53,High,10.8,No,None,4,1
ST03068,Neel Om,TS175,Female,9,89.5,90,71,81,Low,9.1,No,Primary,25,1
ST03069,Vaishnavi Chada,TS028,Male,6,86.6,80,80,78,Low,4.2,Yes,Graduate,9,0
ST03070,Unnati Bhardwaj,TS112,Male,7,77.8,79,70,73,Low,9.9,Yes,Secondary,26,1
ST03071,Kai Sharma,TS412,Female,8,67.1,70,62,74,Low,1.5,Yes,Secondary,20,1
ST03072,Laban Bala,TS362,Female,9,45.5,53,39,41,Low,6.3,Yes,None,19,1
ST03073,Veda Bajaj,TS381,Female,9,77.5,76,62,59,Medium,11.7,No,Secondary,24,0
ST03074,Oni Goyal,TS354,Male,6,74.1,80,79,69,Medium,3.5,Yes,None,23,0
ST03075,Sai Banerjee,TS409,Female,10,79.1,75,71,82,Medium,6.0,Yes,Secondary,25,0
ST03076,Edhitha Savant,TS418,Female,7,89.0,80,91,94,Low,4.2,Yes,Secondary,28,0
ST03077,Neel Kanda,TS238,Male,7,72.9,73,64,66,Low,2.1,Yes,Primary,13,0
ST03078,Lakshit Bath,TS099,Male,7,52.9,54,53,43,Low,5.4,No,Secondary,1,1
ST03079,Charles Dhaliwal,TS323,Female,10,55.3,47,59,57,Medium,10.5,Yes,Primary,5,0
ST03080,Darika Bose,TS037,Female,10,60.0,50,50,66,Low,2.2,Yes,Secondary,5,1
ST03081,Onveer Kalla,TS075,Female,7,94.9,94,90,80,Low,2.5,Yes,Secondary,9,0
ST03082,Barkha Sagar,TS422,Female,9,82.4,75,85,70,Low,4.1,Yes,Primary,12,0
ST03083,Orinder Sachar,TS268,Female,7,50.9,52,35,52,Medium,7.1,No,Secondary,5,1
ST03084,Widisha Wagle,TS085,Female,10,63.6,55,60,56,Medium,7.1,No,Primary,22,1
ST03085,Dalaja Bumb,TS095,Male,10,70.4,60,73,69,Medium,7.4,No,None,16,0
ST03086,Aishani Mander,TS089,Female,8,68.2,67,62,58,Medium,2.8,Yes,Primary,5,0
ST03087,Kashish Sha,TS347,Male,8,67.3,74,65,69,Low,10.8,Yes,Secondary,5,1
ST03088,Unni Grover,TS019,Female,10,70.4,59,66,58,Medium,10.6,Yes,Graduate,22,0
ST03089,Hitesh Ramachandran,TS002,Male,6,77.6,70,75,69,Low,10.6,Yes,Primary,8,0
ST03090,Anay Panchal,TS082,Male,9,85.6,81,73,72,Low,8.4,Yes,None,15,0
ST03091,Kamala Ray,TS219,Female,6,87.1,83,76,88,Low,3.6,Yes,Primary,16,0
ST03092,Arjun Bal,TS311,Female,9,82.7,79,79,79,Low,8.7,Yes,None,29,1
ST03093,Ishaan Chauhan,TS035,Female,6,98.0,95,97,98,Low,2.5,No,Primary,13,0
ST03094,Darpan Nadkarni,TS172,Female,7,61.7,68,63,65,Low,5.9,Yes,Secondary,25,1
ST03095,Hiral Dey,TS392,Male,6,54.8,62,58,64,Low,2.3,Yes,Primary,24,1
ST03096,Upma Trivedi,TS353,Male,6,64.0,56,53,63,Low,9.2,Yes,Secondary,4,1
ST03097,Azad Bhatti,TS001,Female,6,48.3,52,54,43,Medium,8.0,Yes,Primary,13,0
ST03098,Yamini Sani,TS230,Female,7,64.1,57,66,55,Medium,9.1,Yes,Primary,14,0
ST03099,Netra Sachdev,TS446,Female,9,97.5,88,85,85,Medium,2.6,Yes,Graduate,28,0
ST03100,Balendra Shah,TS436,Female,7,57.7,62,64,52,Medium,3.1,Yes,Secondary,24,1
ST03101,Amaira Koshy,TS276,Female,6,49.5,49,47,44,Medium,3.8,Yes,Primary,18,1
ST03102,Krishna Bhatti,TS113,Female,9,46.5,51,44,50,Low,10.9,Yes,Secondary,10,1
ST03103,Balvan Narasimhan,TS390,Female,6,71.2,61,74,61,Low,5.2,Yes,None,29,0
ST03104,Siddharth Warrior,TS473,Female,8,96.7,90,99,96,Medium,5.8,Yes,None,1,0
ST03105,Bimala Srivastava,TS258,Male,9,95.1,98,99,80,Medium,2.8,Yes,Secondary,10,0
ST03106,Vasatika Bassi,TS391,Male,8,69.4,67,72,72,High,3.4,Yes,Secondary,16,1
ST03107,Anika Pillai,TS348,Male,9,60.6,63,56,68,Medium,3.3,Yes,Secondary,7,0
ST03108,Ryan Dey,TS331,Male,9,81.8,71,87,84,Medium,4.4,Yes,Primary,4,0
ST03109,Logan Arora,TS308,Female,8,85.9,84,87,86,Low,7.6,Yes,None,21,1
ST03110,Samaksh Bajwa,TS008,Female,7,55.1,67,56,69,High,5.2,Yes,Graduate,27,1
ST03111,Zashil Tank,TS295,Female,8,82.2,73,81,77,High,0.7,Yes,Graduate,22,0
ST03112,Kavya Sandhu,TS260,Female,6,62.2,51,57,65,Low,2.2,Yes,Secondary,18,1
ST03113,Devika Soman,TS179,Male,7,88.0,77,89,83,Medium,1.8,Yes,None,5,0
ST03114,Ojas Sood,TS099,Female,10,63.1,52,57,67,Low,1.1,Yes,Secondary,25,1
ST03115,Samarth Mukherjee,TS469,Male,6,68.3,56,72,76,Medium,11.7,Yes,Primary,0,0
ST03116,Bina Bal,TS068,Male,9,84.4,89,85,83,High,5.8,Yes,Primary,17,0
ST03117,Warinder Salvi,TS401,Male,9,64.5,73,67,68,Medium,9.8,Yes,None,21,1
ST03118,Kashvi Rama,TS264,Male,10,76.1,83,82,83,Low,4.4,Yes,Primary,6,0
ST03119,Ishita Konda,TS101,Female,7,74.1,65,79,79,Medium,6.2,Yes,Primary,10,0
ST03120,Wishi Viswanathan,TS330,Male,7,77.4,62,71,65,Low,1.4,No,Secondary,24,1
ST03121,Zinal Kaul,TS235,Female,8,95.0,86,90,96,Medium,4.1,Yes,Secondary,9,0
ST03122,Gaurika Gala,TS225,Male,9,47.8,45,35,53,Low,11.2,No,Secondary,25,1
ST03123,Alexander Bava,TS091,Female,8,74.2,66,62,79,Low,7.9,Yes,Primary,0,0
ST03124,Aarnav Rai,TS050,Female,7,93.0,93,96,97,Low,8.8,Yes,Primary,7,0
ST03125,Rishi Batta,TS483,Male,10,91.3,83,95,82,Low,2.5,Yes,None,25,0
ST03126,Ayushman Saini,TS256,Male,6,63.6,54,65,72,Low,2.6,Yes,None,16,1
ST03127,Waida Mutti,TS453,Female,7,92.9,89,79,74,Medium,11.3,No,Secondary,9,0
ST03128,Rudra Contractor,TS377,Female,8,83.8,90,88,74,Low,10.1,Yes,Primary,3,0
ST03129,Anvi Nagarajan,TS127,Male,8,53.2,55,48,60,Low,0.7,Yes,Secondary,1,1
ST03130,Alexander Bhargava,TS440,Male,6,78.4,76,61,61,Low,9.0,No,Graduate,16,1
ST03131,Lavanya Chahal,TS249,Female,9,79.4,74,74,85,Low,11.2,Yes,Graduate,20,1
ST03132,Maya Kakar,TS498,Female,6,96.9,93,99,97,Medium,9.0,Yes,Secondary,3,0
ST03133,Chasmum Sagar,TS087,Male,7,94.0,86,88,95,Medium,2.4,Yes,Secondary,24,0
ST03134,Dayamai Sahni,TS164,Female,7,83.1,83,69,72,Medium,1.0,Yes,Secondary,9,0
ST03135,Ubika Mander,TS382,Female,6,73.0,78,67,62,Low,5.5,Yes,Primary,1,0
ST03136,Ayaan Kala,TS188,Female,8,46.3,52,50,58,High,1.0,Yes,Secondary,6,0
ST03137,Megha Nazareth,TS364,Female,8,49.3,44,47,58,Low,11.2,Yes,Graduate,9,1
ST03138,Eta Nagy,TS172,Female,10,59.2,61,59,60,Medium,1.2,No,Secondary,25,1
ST03139,Siddharth Narula,TS398,Female,7,78.7,79,78,80,Medium,8.5,Yes,None,3,0
ST03140,Yash Dutta,TS305,Female,9,65.3,58,76,77,High,7.8,Yes,Graduate,7,0
ST03141,Vanya Yohannan,TS271,Male,6,97.1,93,97,90,Medium,10.2,Yes,Secondary,28,0
ST03142,Janaki Morar,TS481,Female,10,80.2,88,77,73,High,5.6,Yes,Graduate,0,0
ST03143,Hamsini Manda,TS494,Male,8,87.0,77,85,91,Medium,1.3,Yes,Primary,28,0
ST03144,Nathaniel Mand,TS297,Female,7,93.2,84,95,85,Medium,10.3,Yes,Primary,15,0
ST03145,Watika Dua,TS357,Male,8,60.4,69,71,71,High,8.4,Yes,None,1,0
ST03146,Meera Muni,TS303,Male,9,50.3,49,63,47,High,7.0,Yes,Graduate,2,0
ST03147,Jai Sem,TS062,Female,10,67.1,54,55,60,Medium,6.0,No,Primary,2,0
ST03148,Aadhya Ratti,TS479,Female,6,54.7,45,61,61,Medium,8.8,Yes,Secondary,14,0
ST03149,Lekha Ratti,TS469,Male,7,93.8,84,96,79,Medium,6.0,Yes,Primary,2,0
ST03150,Raksha Mitra,TS118,Male,7,73.7,74,67,65,Low,7.4,Yes,Primary,24,1
ST03151,Idika Talwar,TS350,Male,10,72.3,70,60,69,Medium,3.9,Yes,Primary,22,0
ST03152,Tarak Grewal,TS264,Female,10,77.0,70,67,73,Medium,9.1,Yes,Secondary,17,0
ST03153,Bhavini Sahni,TS008,Female,7,78.5,84,79,85,Low,7.3,Yes,Graduate,25,1
ST03154,Mohammed Natt,TS229,Female,10,60.0,69,58,50,High,5.0,No,Graduate,3,0
ST03155,Chakradhar Ray,TS101,Female,8,57.2,61,46,41,Low,5.7,No,None,2,1
ST03156,Ekta Shan,TS271,Male,10,50.0,41,39,55,Low,1.8,No,Primary,12,1
ST03157,Ekalinga Purohit,TS244,Female,8,95.2,89,92,89,Low,3.1,Yes,Graduate,14,0
ST03158,Kabir Mitter,TS228,Female,6,52.1,43,45,54,Medium,5.1,Yes,Secondary,11,1
ST03159,Yatan Koshy,TS392,Female,6,63.6,65,66,53,Medium,11.4,Yes,Graduate,28,1
ST03160,Ishwar Swamy,TS204,Male,9,93.0,82,88,96,Low,5.1,Yes,Graduate,19,0
ST03161,Aahana Purohit,TS252,Female,8,80.4,76,92,72,High,2.8,Yes,None,28,0
ST03162,Charles Dugar,TS234,Male,9,64.9,71,67,58,High,10.9,Yes,None,27,1
ST03163,Yashvi Bahri,TS316,Female,9,97.6,89,93,82,Low,5.6,Yes,Primary,29,0
ST03164,Logan Bir,TS446,Male,8,46.6,46,57,43,High,7.8,Yes,Primary,2,0
ST03165,Wyatt Dhaliwal,TS128,Female,6,47.9,47,51,46,Medium,5.0,Yes,Secondary,26,1
ST03166,Caleb Chadha,TS303,Male,9,75.8,83,74,85,High,7.6,Yes,Secondary,13,0
ST03167,Tanvi Nayar,TS408,Female,6,64.9,49,65,59,Medium,7.5,No,Primary,19,1
ST03168,Deepa Subramaniam,TS060,Male,9,94.8,90,84,94,Medium,2.8,Yes,None,20,0
ST03169,Rajata Wable,TS207,Female,6,77.3,76,88,70,High,2.0,Yes,None,11,0
ST03170,Veda Comar,TS128,Male,7,94.9,91,89,90,Medium,0.6,Yes,None,17,0
ST03171,Raagini Desai,TS494,Female,7,74.8,67,71,63,Medium,10.2,Yes,Primary,6,0
ST03172,Wahab Som,TS153,Female,6,85.7,81,89,76,Medium,10.9,Yes,Primary,13,0
ST03173,Yutika Sampath,TS456,Male,9,90.3,90,80,88,Low,4.7,Yes,Graduate,20,0
ST03174,Samarth Dass,TS466,Male,7,75.4,63,81,63,Medium,1.5,Yes,Primary,13,0
ST03175,Dakshesh Anand,TS470,Female,6,81.3,82,76,85,Medium,11.1,Yes,Graduate,16,0
ST03176,Gavin Zacharia,TS019,Male,6,45.3,55,52,51,Medium,10.8,Yes,None,26,1
ST03177,Aashi Kapadia,TS188,Female,6,71.5,66,63,69,Low,7.8,No,Secondary,17,1
ST03178,Kabir Bansal,TS186,Male,8,73.7,72,65,74,Low,2.7,No,Primary,25,1
ST03179,Eta Merchant,TS482,Female,7,94.5,97,89,95,Low,2.1,Yes,Secondary,25,0
ST03180,Aadhya Chana,TS347,Female,9,92.3,93,78,85,Medium,5.3,Yes,Graduate,4,0
ST03181,Tristan Narula,TS035,Male,8,51.7,56,58,49,Medium,4.9,Yes,Primary,25,1
ST03182,Gopal Goswami,TS041,Male,10,72.8,60,68,80,High,4.2,No,Primary,30,0
ST03183,Raghav Majumdar,TS379,Female,10,58.4,62,53,50,Low,2.5,Yes,Graduate,17,1
ST03184,Finn Shetty,TS348,Male,9,59.6,65,62,50,Medium,4.6,Yes,Graduate,21,1
ST03185,Mitesh Chanda,TS431,Female,6,80.8,73,76,75,Low,8.0,Yes,Graduate,23,1
ST03186,Vyanjana Ratta,TS236,Female,8,68.2,68,68,68,Low,4.5,Yes,Secondary,17,1
ST03187,Dominic Varty,TS388,Female,7,79.9,77,79,71,Low,9.0,No,Primary,13,0
ST03188,Hardik Mahajan,TS024,Male,10,68.4,69,72,73,Low,6.2,Yes,Secondary,30,1
ST03189,Libni Shenoy,TS381,Male,6,97.1,84,99,93,Medium,7.7,Yes,Secondary,12,0
ST03190,Ojasvi Bhakta,TS127,Male,7,70.7,58,77,67,Medium,3.5,Yes,Primary,21,0
ST03191,Tanish Gola,TS264,Male,8,68.9,71,62,64,Medium,5.9,Yes,None,3,0
ST03192,Saanvi Ramaswamy,TS488,Female,7,70.9,69,77,63,Low,9.9,Yes,Primary,26,1
ST03193,Vincent Dugar,TS103,Male,9,83.0,83,70,83,Low,11.9,Yes,Primary,1,0
ST03194,Tejas Suri,TS257,Male,6,73.4,74,79,81,Medium,2.1,Yes,Graduate,2,0
ST03195,Jai Sastry,TS096,Male,9,87.1,93,74,82,Medium,0.8,Yes,Secondary,29,0
ST03196,Rachana Sarna,TS020,Female,7,66.7,50,56,70,Low,8.9,No,Graduate,30,1
ST03197,Neel Chahal,TS380,Female,6,92.4,74,86,90,Low,5.2,No,None,16,1
ST03198,Atharv Sura,TS190,Male,10,94.6,87,94,78,Low,6.3,No,Secondary,10,0
ST03199,Gautam Jhaveri,TS383,Female,9,59.6,60,67,67,Medium,11.1,Yes,Graduate,13,0
ST03200,Upadhriti Golla,TS247,Male,8,97.7,83,84,88,Medium,7.4,Yes,Primary,3,0
ST03201,Gautam Chopra,TS322,Female,7,97.3,96,90,87,Low,6.3,Yes,Secondary,5,0
ST03202,Aishani Raman,TS415,Male,7,54.9,57,63,59,High,2.0,Yes,Primary,28,1
ST03203,Peter Kulkarni,TS207,Male,8,46.3,43,41,51,Medium,7.8,Yes,Graduate,19,1
ST03204,Mahika Oak,TS416,Male,6,90.9,80,80,76,Low,1.3,No,None,4,0
ST03205,Kritika Mane,TS213,Male,6,93.2,87,90,89,Low,9.5,No,Primary,2,0
ST03206,Warinder Malhotra,TS312,Female,9,53.6,52,61,51,High,7.6,Yes,Graduate,9,0
ST03207,Aarush Ganesh,TS188,Female,8,81.8,74,70,77,Medium,5.0,Yes,Primary,19,0
ST03208,Gaurika Mutti,TS494,Female,8,83.3,78,77,70,Medium,2.7,Yes,Graduate,21,0
ST03209,Divya Sagar,TS131,Female,6,45.0,53,43,44,Low,7.0,Yes,Secondary,22,1
ST03210,Deepa Om,TS398,Male,10,51.1,41,51,43,High,9.1,No,Primary,8,1
ST03211,Nitesh Solanki,TS091,Female,8,95.4,99,99,99,High,6.2,Yes,Graduate,3,0
ST03212,Irya Thakkar,TS419,Male,6,95.0,80,97,92,Low,4.8,Yes,Primary,27,0
ST03213,Tarak Pall,TS434,Female,10,91.5,95,82,78,Medium,8.8,Yes,Primary,23,0
ST03214,Farhan Dora,TS321,Male,8,54.7,40,59,59,Medium,8.0,No,Primary,28,1
ST03215,Ria Manne,TS404,Female,9,91.1,84,89,94,Low,8.7,Yes,Secondary,27,1
ST03216,Ekbal Raghavan,TS432,Male,10,85.8,79,87,95,High,1.1,Yes,None,6,0
ST03217,Vaishnavi Virk,TS375,Male,6,60.5,61,49,69,Medium,4.3,Yes,Secondary,2,0
ST03218,Jyoti Korpal,TS207,Male,7,80.1,83,91,81,High,0.9,Yes,Primary,18,0
ST03219,Manan Gala,TS258,Female,9,57.2,67,65,53,High,2.0,Yes,Graduate,21,1
ST03220,Amol Lalla,TS182,Female,6,75.6,74,67,82,Low,3.7,Yes,Primary,15,0
ST03221,Falguni Chaudhary,TS224,Male,6,67.7,64,59,60,Low,9.0,No,Secondary,27,1
ST03222,Keya Chada,TS158,Female,10,97.1,90,94,86,Medium,4.6,No,Primary,14,0
ST03223,Kai Pingle,TS334,Female,10,79.5,75,68,73,Low,3.3,Yes,Secondary,30,0
ST03224,Raagini Bhakta,TS140,Male,10,69.4,77,77,71,High,5.0,Yes,Secondary,30,1
ST03225,Hema Wali,TS044,Male,8,78.1,68,80,73,Low,9.8,Yes,Secondary,19,1
ST03226,Pranit Gandhi,TS258,Male,10,78.1,84,72,77,Low,1.3,Yes,None,23,0
ST03227,Mohammed Upadhyay,TS336,Male,7,95.9,83,92,85,Medium,5.1,Yes,None,14,0
ST03228,Harita Ganguly,TS043,Male,9,76.5,77,69,78,Low,0.7,Yes,Graduate,24,0
ST03229,Daksha Hegde,TS361,Female,9,81.1,69,84,71,Low,1.9,Yes,Primary,3,0
ST03230,Tara Saha,TS218,Female,9,96.6,84,83,87,Low,1.0,Yes,Secondary,13,0
ST03231,Januja Chaudry,TS293,Female,7,47.0,47,37,41,Medium,6.2,Yes,None,0,0
ST03232,Ryan Jhaveri,TS083,Male,10,67.3,74,66,63,Medium,9.6,Yes,Primary,3,0
ST03233,Kevin Pillay,TS214,Male,10,70.9,62,59,69,Low,3.4,Yes,Primary,11,0
ST03234,Shaurya Gour,TS231,Male,7,82.3,80,84,86,Medium,6.6,Yes,Secondary,7,0
ST03235,Brijesh Kale,TS284,Female,6,53.6,53,63,54,Medium,7.0,Yes,None,1,0
ST03236,Kamya Bhandari,TS276,Male,8,50.5,57,40,40,Medium,6.5,Yes,Secondary,2,0
ST03237,Tarak Dora,TS032,Female,7,52.9,61,44,50,Low,8.2,Yes,Graduate,10,1
ST03238,Aradhana Acharya,TS093,Female,8,64.6,61,54,67,Medium,11.7,Yes,Primary,28,1
ST03239,Lakshit Rao,TS375,Male,8,74.9,80,68,62,Low,6.1,Yes,Secondary,13,0
ST03240,Geetika Ahuja,TS154,Male,9,78.1,73,63,60,Medium,7.9,No,Secondary,4,0
ST03241,Onveer Murthy,TS132,Male,10,59.4,68,58,69,High,9.0,Yes,Secondary,20,1
ST03242,Wridesh Chokshi,TS371,Female,10,66.7,65,69,70,Medium,11.6,Yes,None,30,1
ST03243,Sai Shankar,TS205,Female,10,86.3,84,89,84,Medium,4.2,Yes,Primary,6,0
ST03244,Zinal Dar,TS295,Male,10,91.7,87,91,79,Medium,3.9,No,None,29,0
ST03245,Yashoda Patla,TS190,Female,9,91.4,91,85,85,Medium,8.5,Yes,Graduate,8,0
ST03246,Amara Dhillon,TS127,Male,6,90.7,85,80,89,Medium,1.7,Yes,Secondary,28,0
ST03247,Tanish Verma,TS232,Female,10,58.7,48,66,62,Medium,7.8,Yes,Primary,3,0
ST03248,Hitesh Karpe,TS029,Male,9,84.6,74,84,69,Low,6.0,No,Secondary,27,1
ST03249,Nikita Bahri,TS161,Female,9,85.5,81,74,75,Medium,10.8,Yes,Secondary,4,0
ST03250,Sanaya Hora,TS212,Male,6,79.6,85,75,68,Medium,3.8,Yes,None,9,0
ST03251,Reyansh Brahmbhatt,TS310,Male,8,70.5,63,70,74,High,10.8,No,Secondary,5,0
ST03252,Zayan Vyas,TS297,Male,7,83.6,88,78,72,Low,10.0,Yes,Primary,17,1
ST03253,Lavanya Raju,TS067,Male,10,59.2,65,55,65,Medium,2.6,Yes,Graduate,25,1
ST03254,Daksha Chahal,TS245,Male,9,64.8,54,67,70,Low,7.4,Yes,Secondary,12,1
ST03255,Harish Subramaniam,TS411,Male,6,70.3,62,72,73,Medium,10.3,No,Primary,8,0
ST03256,Chandresh Loke,TS256,Female,10,70.7,63,64,68,Medium,0.8,Yes,Primary,25,0
ST03257,Dipta Mangal,TS427,Male,7,89.3,87,95,92,High,11.2,Yes,Primary,30,0
ST03258,Caleb Ratta,TS339,Female,8,70.0,73,78,70,Low,5.2,Yes,Graduate,4,0
ST03259,Tanish Bhatti,TS258,Female,6,60.5,65,64,49,Low,2.2,Yes,Secondary,17,1
ST03260,Abdul Guha,TS168,Male,10,56.7,47,64,51,Medium,1.5,Yes,Secondary,3,0
ST03261,Saumya Lanka,TS043,Male,8,77.7,69,72,67,Medium,8.0,No,Primary,4,0
ST03262,Vanya Khanna,TS114,Female,10,50.4,61,60,63,High,10.3,Yes,Primary,1,0
ST03263,Karan Lal,TS467,Female,9,85.0,76,84,69,Medium,9.8,No,Graduate,29,0
ST03264,Kevin Wable,TS158,Female,6,76.9,68,74,66,Medium,12.0,Yes,Primary,5,0
ST03265,Girish Wali,TS057,Male,10,77.1,76,75,77,Medium,10.6,Yes,Primary,23,0
ST03266,Diya Sachar,TS419,Male,7,90.9,83,93,95,High,11.3,Yes,Graduate,5,0
ST03267,Radhika Karan,TS477,Male,7,63.1,70,70,63,Low,3.3,Yes,Secondary,30,1
ST03268,Zaid Khalsa,TS069,Male,10,65.9,65,59,72,Low,6.6,Yes,Secondary,0,1
ST03269,Vanya Wason,TS091,Female,7,48.6,46,55,56,High,6.6,Yes,Primary,22,1
ST03270,Jagrati Mohanty,TS425,Female,8,47.7,43,54,48,High,3.3,Yes,None,26,1
ST03271,Farhan Varkey,TS110,Female,10,96.2,93,88,95,Low,3.2,No,Graduate,11,0
ST03272,Niharika Khanna,TS388,Female,9,46.9,41,57,41,Medium,3.2,Yes,Secondary,16,1
ST03273,Amara Tank,TS321,Female,8,85.8,89,81,87,Medium,5.2,Yes,Primary,23,0
ST03274,Samar Arya,TS454,Male,8,85.1,89,86,71,Medium,10.0,Yes,Secondary,17,0
ST03275,Jhalak Buch,TS058,Female,7,59.6,46,46,52,Low,3.6,No,Secondary,27,1
ST03276,Vinaya Grewal,TS369,Female,7,53.6,43,54,44,Low,8.0,Yes,Graduate,13,1
ST03277,Owen Pillai,TS016,Female,6,92.4,93,91,81,Low,5.9,No,Secondary,13,0
ST03278,Qadim Mitra,TS218,Male,10,88.3,82,80,88,Medium,9.5,Yes,Secondary,0,0
ST03279,Yashodhara Patla,TS088,Male,6,57.1,57,68,71,High,3.5,Yes,Secondary,27,1
ST03280,Nimrat Kuruvilla,TS193,Female,6,81.0,73,82,68,Low,5.9,No,Secondary,9,0
ST03281,Shravya Parmer,TS478,Female,9,48.3,53,47,50,Low,2.3,Yes,None,3,1
ST03282,Kashish Kumar,TS440,Male,6,75.1,77,78,69,Medium,8.9,Yes,Secondary,8,0
ST03283,Harrison Raman,TS098,Male,6,46.8,59,53,60,High,2.3,Yes,None,15,0
ST03284,Aarush Goda,TS497,Female,6,88.7,78,71,77,Low,10.8,No,Secondary,28,1
ST03285,Amruta Nadkarni,TS442,Male,9,83.5,77,77,71,Low,0.9,Yes,Secondary,6,0
ST03286,Gagan Narula,TS455,Female,8,71.9,65,65,61,Low,3.5,Yes,Primary,30,0
ST03287,Baljiwan Chakrabarti,TS359,Female,7,74.9,62,66,69,Medium,10.7,Yes,Secondary,22,0
ST03288,Raagini Gara,TS384,Female,9,82.3,77,69,80,Medium,11.1,Yes,Graduate,23,0
ST03289,Darsh Mangat,TS474,Female,10,67.2,65,59,66,Medium,8.0,Yes,Primary,19,1
ST03290,Chatura Sankaran,TS440,Male,8,46.4,43,33,39,Medium,2.9,No,None,28,1
ST03291,Harita Dutt,TS274,Male,9,96.5,92,84,93,Medium,4.0,Yes,Graduate,11,0
ST03292,Urishilla Cherian,TS122,Male,7,90.5,88,83,89,Medium,5.7,Yes,Secondary,8,0
ST03293,Bimala Deol,TS247,Female,10,58.3,42,55,61,Medium,5.5,No,Secondary,15,1
ST03294,Ekani Brahmbhatt,TS442,Male,10,54.8,41,56,40,Low,4.2,No,Primary,4,1
ST03295,Nihal Chauhan,TS222,Female,7,51.3,43,40,47,Low,6.8,No,Secondary,24,1
ST03296,Vamakshi Bhavsar,TS377,Female,6,61.0,53,68,60,Low,11.5,Yes,Secondary,16,1
ST03297,Victor Sibal,TS123,Female,8,61.4,56,60,64,Medium,11.4,Yes,Secondary,27,1
ST03298,Barkha Wagle,TS247,Male,9,76.2,65,64,64,Low,6.9,Yes,Primary,19,0
ST03299,Yauvani Saha,TS042,Female,10,45.3,31,39,38,Low,8.7,No,Secondary,4,1
ST03300,Guneet Kurian,TS253,Male,7,69.7,62,66,75,Medium,6.8,Yes,None,21,1
ST03301,Mugdha Agarwal,TS301,Female,10,80.7,76,76,84,High,5.9,Yes,Primary,9,0
ST03302,Zayan Hans,TS093,Female,9,97.0,99,94,91,Low,9.6,Yes,Secondary,12,0
ST03303,Harini Comar,TS028,Male,8,96.5,94,86,86,Medium,8.8,No,Primary,12,0
ST03304,Abeer Rattan,TS393,Male,7,87.5,74,79,84,Low,6.5,Yes,None,29,0
ST03305,Ranbir Bhalla,TS249,Male,10,50.4,41,42,41,Low,7.4,Yes,Secondary,23,1
ST03306,Tanveer Yadav,TS200,Male,9,68.2,68,57,60,Medium,9.4,Yes,Primary,5,0
ST03307,Indira Pingle,TS012,Female,7,82.9,89,82,88,Medium,1.2,Yes,Secondary,30,0
ST03308,Karan Nadkarni,TS381,Female,10,79.6,66,62,76,Medium,2.4,No,None,3,0
ST03309,Gautam Loke,TS194,Female,7,54.8,52,47,42,Medium,11.4,No,Primary,7,1
ST03310,Aarna Tank,TS354,Female,10,80.8,65,82,64,Low,11.8,No,None,9,0
ST03311,Wridesh Shenoy,TS151,Male,7,49.7,48,42,53,Medium,3.0,Yes,Primary,2,0
ST03312,Waida Bhavsar,TS357,Male,8,64.6,53,55,61,Low,3.6,Yes,Primary,12,1
ST03313,Krishna Sathe,TS064,Male,8,71.0,70,72,59,Low,8.4,Yes,Primary,24,1
ST03314,Alexander Kothari,TS279,Female,10,90.4,86,76,85,Medium,10.7,Yes,None,29,0
ST03315,Ikbal Parmar,TS364,Male,10,49.5,43,58,42,Medium,4.6,Yes,Secondary,24,1
ST03316,Qasim Raj,TS343,Male,8,93.3,85,85,79,Low,10.3,Yes,Graduate,8,0
ST03317,Chandresh Luthra,TS397,Female,7,80.2,72,76,86,Medium,3.5,Yes,Primary,10,0
ST03318,Aditya Balay,TS223,Female,6,48.3,55,47,55,Low,11.7,Yes,Graduate,13,1
ST03319,Amara Chada,TS258,Male,6,88.2,89,93,93,Low,8.1,Yes,None,6,0
ST03320,Januja Sandal,TS417,Female,7,67.5,64,65,64,High,10.2,Yes,Primary,2,0
ST03321,Indira Narula,TS172,Male,10,55.8,45,45,46,Low,0.6,Yes,Primary,11,1
ST03322,Bina Ramesh,TS236,Male,9,84.0,86,71,72,Medium,1.8,Yes,Primary,7,0
ST03323,Ekbal Raval,TS403,Male,6,60.8,57,58,68,Low,6.5,Yes,None,15,1
ST03324,Arin Sawhney,TS011,Male,6,76.6,80,81,70,Low,0.6,Yes,Primary,7,0
ST03325,Tanveer Kannan,TS120,Female,6,64.2,59,59,65,Medium,9.3,Yes,Secondary,8,0
ST03326,Anay Ghosh,TS170,Male,9,48.7,57,48,45,Medium,11.3,Yes,Primary,8,0
ST03327,Rushil Char,TS360,Male,6,73.0,73,68,73,Low,7.9,Yes,Graduate,7,0
ST03328,Upasna Anand,TS497,Female,8,96.2,93,90,94,High,11.9,Yes,None,12,0
ST03329,Harshil Baral,TS084,Male,8,72.7,70,64,57,Medium,5.1,No,Primary,6,0
ST03330,Anvi Vohra,TS063,Female,6,72.3,70,66,73,High,5.3,No,Secondary,4,0
ST03331,Owen De,TS114,Male,10,64.5,65,64,55,Low,5.1,Yes,None,26,1
ST03332,Irya Sur,TS015,Female,10,84.3,79,75,73,Low,5.5,Yes,Primary,1,0
ST03333,Vyanjana Zachariah,TS046,Female,10,49.4,63,58,62,High,4.2,Yes,Primary,26,1
ST03334,Robert Bhatt,TS106,Female,7,82.6,78,77,90,High,3.6,Yes,None,6,0
ST03335,Wakeeta Din,TS468,Female,6,90.9,82,86,93,Low,6.7,Yes,Primary,22,0
ST03336,Umang Mallick,TS296,Male,10,61.2,66,69,74,High,9.5,Yes,Primary,2,0
ST03337,Lekha Zachariah,TS091,Female,7,72.7,70,68,79,High,8.1,Yes,Primary,25,0
ST03338,Urmi Raval,TS451,Female,8,90.1,83,78,96,Low,6.4,Yes,Secondary,17,0
ST03339,Upasna Bail,TS051,Male,9,52.1,44,61,61,Medium,1.2,Yes,Secondary,19,1
ST03340,Harinakshi Handa,TS154,Male,7,73.6,61,74,68,Medium,4.7,No,Secondary,27,0
ST03341,Ekbal Murty,TS415,Female,9,87.6,89,80,90,Low,1.1,Yes,None,21,0
ST03342,Urvashi Wagle,TS388,Female,9,67.5,55,57,56,Low,3.9,Yes,Primary,28,1
ST03343,Vasana Basak,TS031,Male,6,47.1,46,50,49,Low,7.7,Yes,None,18,1
ST03344,Jasmit Srivastava,TS220,Female,10,49.0,42,54,58,Low,2.6,Yes,Secondary,28,1
ST03345,Bhavani Hora,TS197,Female,9,71.2,65,79,68,Medium,10.5,Yes,Primary,1,0
ST03346,Mugdha Divan,TS398,Male,7,93.8,80,99,86,Low,2.6,Yes,Primary,25,0
ST03347,Ekbal Roy,TS295,Female,7,46.3,40,44,37,Medium,4.9,No,Secondary,21,1
ST03348,Rehaan Vala,TS227,Male,9,60.3,58,62,67,High,11.4,Yes,None,26,1
ST03349,Mohammed Panchal,TS311,Female,9,73.3,72,67,63,Medium,0.8,Yes,Secondary,21,0
ST03350,Samaksh Dubey,TS164,Female,10,97.6,88,88,89,Medium,9.7,Yes,Secondary,3,0
ST03351,Damini Deo,TS399,Male,6,50.8,49,56,54,Medium,3.1,Yes,Primary,11,0
ST03352,Utkarsh Sundaram,TS442,Female,6,65.7,55,54,59,Medium,2.0,No,Secondary,15,0
ST03353,Wridesh Jhaveri,TS333,Male,7,53.6,66,48,55,High,1.3,Yes,Secondary,10,0
ST03354,Vasana Sahni,TS070,Male,10,97.4,84,89,92,Low,1.1,Yes,Secondary,19,0
ST03355,Upma Master,TS245,Female,7,52.7,54,45,57,Medium,7.3,Yes,Primary,3,0
ST03356,Warhi Mammen,TS036,Female,10,57.1,46,59,56,Low,3.9,No,Secondary,5,1
ST03357,Suhani Arya,TS322,Female,6,57.3,56,57,55,Low,10.0,Yes,Graduate,15,1
ST03358,Faqid Mody,TS183,Female,7,74.4,76,73,71,Low,1.6,No,Primary,4,0
ST03359,Zayyan Mutti,TS348,Male,9,71.9,64,78,74,Medium,5.0,Yes,Secondary,14,0
ST03360,Fiyaz Nori,TS125,Female,6,92.4,74,74,78,Medium,8.8,No,Secondary,25,0
ST03361,Ojasvi Sachdev,TS463,Male,9,51.6,60,57,48,Medium,3.9,Yes,Graduate,5,0
ST03362,Amruta Kala,TS327,Female,9,53.8,49,44,58,Low,7.2,No,Secondary,20,1
ST03363,Rajeshri Kala,TS316,Male,6,71.1,67,70,64,Low,1.7,No,Primary,2,0
ST03364,Aahana Peri,TS289,Male,7,63.3,53,50,48,Low,4.1,No,None,17,1
ST03365,Radha D’Alia,TS278,Male,9,72.5,76,76,67,Low,4.4,Yes,Secondary,15,0
ST03366,Adya Jaggi,TS436,Male,7,70.3,77,77,74,Low,6.2,Yes,Secondary,16,0
ST03367,Aditya D’Alia,TS056,Male,8,68.9,59,74,64,Low,4.5,Yes,Primary,12,1
ST03368,Abhimanyu Bhakta,TS268,Male,9,67.7,64,57,61,Medium,7.8,Yes,Secondary,6,0
ST03369,Dalbir Parekh,TS284,Male,7,77.0,70,76,80,Medium,5.9,Yes,Secondary,13,0
ST03370,Tanish Hans,TS149,Male,8,52.3,37,44,41,Medium,1.1,No,Primary,17,1
ST03371,Manan Sodhi,TS400,Male,10,46.2,38,39,33,Medium,9.5,No,Primary,10,1
ST03372,Chanakya Yohannan,TS346,Male,8,94.8,80,82,84,Low,11.9,No,Primary,6,0
ST03373,Yochana Bhalla,TS437,Male,9,46.3,37,38,40,Medium,10.1,Yes,Secondary,26,1
ST03374,Deepa Pal,TS083,Male,6,52.5,50,54,49,Low,5.2,Yes,Secondary,16,1
ST03375,Zayyan Zachariah,TS063,Female,6,78.1,74,76,74,Low,8.7,Yes,Graduate,27,1
ST03376,Rayaan Gokhale,TS012,Female,8,47.8,47,38,51,Medium,5.0,Yes,None,2,0
ST03377,Atharv Brahmbhatt,TS440,Female,6,69.0,80,68,77,High,11.9,Yes,Primary,16,1
ST03378,Faraj Dayal,TS217,Male,7,94.5,91,85,98,High,3.5,Yes,Graduate,5,0
ST03379,Lavanya Saini,TS137,Female,6,46.1,36,41,46,Low,2.3,No,Graduate,4,1
ST03380,Amaira Varghese,TS160,Female,10,73.3,65,73,75,Medium,6.7,No,Primary,11,0
ST03381,Hredhaan Palan,TS404,Female,7,47.1,53,46,51,Medium,4.3,Yes,Primary,27,1
ST03382,Ikbal Aggarwal,TS329,Female,6,66.0,56,65,62,Low,9.8,No,Primary,5,1
ST03383,Pallavi Konda,TS108,Male,9,52.0,43,53,42,Low,1.5,Yes,None,24,1
ST03384,Riya Mutti,TS034,Female,6,97.9,99,93,88,Low,10.9,Yes,Graduate,12,0
ST03385,Oni Hayre,TS016,Male,9,67.8,74,68,58,Medium,8.8,Yes,Secondary,0,0
ST03386,Rushil Dani,TS464,Female,9,50.6,51,43,49,Low,7.6,Yes,None,22,1
ST03387,Chanakya Varkey,TS206,Female,8,89.7,89,88,86,High,5.1,Yes,Graduate,22,0
ST03388,Agastya Chowdhury,TS153,Female,8,69.3,60,59,53,Medium,1.9,No,Secondary,2,0
ST03389,Diya Swaminathan,TS430,Male,8,83.9,80,82,88,Medium,9.7,Yes,Secondary,20,0
ST03390,Advaith Suri,TS161,Male,8,74.8,81,73,73,High,10.6,Yes,None,23,0
ST03391,Saanvi Kumer,TS199,Female,7,91.8,95,77,93,Medium,9.9,Yes,Primary,9,0
ST03392,Shaurya Bhatia,TS429,Male,7,53.9,55,63,49,Low,9.0,Yes,Secondary,20,1
ST03393,Qushi Gupta,TS205,Female,9,69.0,72,65,78,High,9.3,Yes,Secondary,18,1
ST03394,Darpan Pillai,TS376,Male,10,94.2,87,79,89,Low,6.7,No,Secondary,28,1
ST03395,Abdul Bobal,TS442,Male,10,94.6,94,92,84,Low,5.2,Yes,Primary,26,0
ST03396,Akshay Sidhu,TS452,Male,8,68.5,70,56,58,Medium,1.8,Yes,Graduate,8,0
ST03397,Timothy Mangal,TS141,Male,8,65.7,66,68,73,Low,11.1,Yes,Secondary,16,1
ST03398,Faras Yogi,TS003,Male,9,58.6,50,55,63,Low,6.0,Yes,None,4,1
ST03399,Omaja Tata,TS496,Male,10,51.6,47,46,45,Low,2.2,Yes,Secondary,27,1
ST03400,Arjun Dass,TS381,Female,10,87.2,77,85,77,Medium,8.7,Yes,None,4,0
ST03401,Quincy Vig,TS202,Female,6,52.0,56,50,55,Medium,10.6,Yes,Primary,27,1
ST03402,Forum Naidu,TS335,Male,10,53.5,50,54,60,Medium,9.6,Yes,Secondary,11,0
ST03403,Ekbal Andra,TS238,Male,8,82.8,72,79,69,Low,10.7,Yes,Primary,21,1
ST03404,Ishanvi Edwin,TS441,Male,9,72.2,67,70,69,Low,10.6,Yes,None,7,0
ST03405,Samarth Sahni,TS337,Male,8,49.2,50,55,59,Medium,6.9,Yes,Primary,27,1
ST03406,Yuvraj Padmanabhan,TS331,Female,8,50.1,49,59,46,Low,4.8,Yes,Primary,0,1
ST03407,Laban Jaggi,TS211,Female,7,80.2,82,72,80,Low,2.3,Yes,Secondary,17,0
ST03408,Mitali Iyer,TS136,Female,9,87.2,77,80,92,Low,8.6,Yes,Graduate,25,1
ST03409,Sanya Mitra,TS069,Male,9,69.7,65,76,71,Low,10.0,Yes,None,26,1
ST03410,Victor Hari,TS383,Female,8,53.1,59,52,47,Medium,1.4,Yes,None,26,1
ST03411,Dominic Bose,TS483,Female,8,58.9,62,60,68,High,5.3,Yes,None,25,1
ST03412,Hitesh Bawa,TS084,Female,10,85.6,81,71,68,Medium,3.8,No,Secondary,14,0
ST03413,Faqid Kade,TS334,Male,9,62.3,47,56,62,Low,8.7,No,Secondary,10,1
ST03414,Sara Aurora,TS327,Female,7,66.6,76,79,76,High,4.8,Yes,Secondary,19,1
ST03415,Agastya Ravel,TS043,Female,7,76.6,69,82,69,High,0.8,Yes,Graduate,12,0
ST03416,Faras Srivastava,TS221,Male,8,68.0,61,57,76,Medium,9.0,Yes,Secondary,22,1
ST03417,Luke Saxena,TS185,Female,6,88.0,77,74,90,High,9.3,No,Secondary,22,0
ST03418,Peter Ben,TS139,Male,7,75.5,69,65,67,Medium,12.0,No,None,9,0
ST03419,Azad Amble,TS176,Male,8,55.8,59,51,50,Low,8.2,Yes,Primary,9,1
ST03420,Saanvi Vyas,TS022,Male,7,57.5,46,57,50,Low,3.1,Yes,Primary,13,1
ST03421,Warjas Prakash,TS446,Male,7,88.4,88,93,93,Low,8.1,Yes,Secondary,6,0
ST03422,Dhriti Amble,TS042,Male,6,87.9,85,76,89,Medium,0.8,Yes,None,24,0
ST03423,Udyati Hayer,TS162,Female,7,61.9,56,56,58,Low,1.2,No,Secondary,15,1
ST03424,Urvi Rai,TS418,Female,7,94.2,98,82,88,Medium,5.2,Yes,Primary,14,0
ST03425,Nathaniel Bora,TS201,Female,9,75.1,82,71,72,High,9.2,No,Secondary,6,0
ST03426,Arunima Kurian,TS322,Male,8,76.3,75,69,60,Low,9.4,No,Graduate,27,1
ST03427,Eta Bera,TS448,Female,9,81.8,78,79,76,Medium,1.7,Yes,None,2,0
ST03428,Anika Bandi,TS088,Male,9,80.4,79,81,70,Medium,4.9,Yes,Graduate,22,0
ST03429,Falguni Savant,TS476,Female,8,53.5,65,66,67,High,10.9,Yes,Secondary,22,1
ST03430,Hemang Dara,TS043,Female,6,54.9,53,40,43,Medium,11.0,No,Graduate,6,1
ST03431,Ishwar Dewan,TS486,Male,10,93.0,93,81,80,Medium,7.9,Yes,Primary,29,0
ST03432,Barkha Kothari,TS222,Female,10,67.7,69,61,66,Low,9.5,No,Primary,21,1
ST03433,Mekhala Sagar,TS133,Female,6,83.9,88,81,79,Medium,8.7,Yes,Primary,6,0
ST03434,Zashil Bhatia,TS308,Female,7,92.0,78,91,90,Medium,5.1,Yes,Primary,19,0
ST03435,Jasmit Parsa,TS271,Female,7,72.2,66,71,74,Medium,6.5,Yes,Graduate,16,0
ST03436,Aarav Sethi,TS466,Female,6,83.6,73,72,89,Low,1.2,Yes,Secondary,14,0
ST03437,Ekaja Mammen,TS089,Female,8,89.2,95,95,90,High,6.3,Yes,Primary,11,0
ST03438,Fitan Yogi,TS024,Male,7,53.8,51,50,63,Low,10.0,Yes,Secondary,19,1
ST03439,Harsh Agarwal,TS089,Female,9,66.1,60,55,62,Medium,11.7,Yes,Secondary,10,0
ST03440,Chandresh Kunda,TS321,Male,6,72.9,81,77,75,High,4.4,Yes,Primary,7,0
ST03441,Zilmil Patla,TS206,Male,6,64.9,53,57,62,Low,10.0,Yes,Secondary,5,1
ST03442,Meghana Chadha,TS114,Female,8,82.0,88,74,77,Low,11.5,Yes,Secondary,1,0
ST03443,Krish Vala,TS017,Male,8,76.4,62,72,73,Low,7.2,No,Primary,26,1
ST03444,Zayyan Sha,TS304,Male,6,76.7,77,76,67,Medium,11.3,Yes,Primary,13,0
ST03445,Nidhi Singhal,TS153,Female,8,95.2,78,88,78,Low,11.6,No,None,27,1
ST03446,Karan Dutt,TS076,Male,7,90.9,89,86,93,Low,2.9,Yes,Graduate,1,0
ST03447,Kabir Modi,TS344,Male,7,58.6,52,60,64,Low,1.3,Yes,Primary,13,1
ST03448,Turvi Barman,TS291,Male,7,85.5,76,73,89,Medium,1.6,Yes,Primary,15,0
ST03449,Ekbal Dave,TS226,Female,8,69.3,68,72,72,Medium,9.3,No,Graduate,24,1
ST03450,Yachana Balan,TS451,Male,8,58.1,64,59,58,Low,1.0,Yes,Primary,27,1
ST03451,Patrick Kari,TS337,Male,6,82.1,87,84,82,Low,1.5,Yes,None,13,0
ST03452,Ranbir Kumar,TS456,Female,10,94.0,81,89,97,Medium,10.3,Yes,Secondary,22,0
ST03453,Caleb Srinivas,TS040,Female,7,89.8,95,80,92,Low,7.9,Yes,None,23,1
ST03454,Frederick Cherian,TS448,Female,9,60.1,52,53,67,Low,11.1,Yes,Secondary,7,1
ST03455,Utkarsh Chaudhary,TS139,Male,9,65.4,67,59,70,Low,11.7,Yes,Secondary,0,1
ST03456,Lekha Rama,TS326,Female,9,46.0,38,51,40,High,7.5,No,Secondary,29,1
ST03457,Damyanti Kurian,TS092,Male,10,60.8,69,54,63,High,11.2,No,Primary,0,1
ST03458,Gagan Toor,TS063,Male,10,81.8,84,83,86,Low,8.5,Yes,Graduate,11,0
ST03459,Raghav Krishnan,TS038,Female,8,97.9,99,99,94,Low,9.4,Yes,Graduate,7,0
ST03460,Gaurangi Sahota,TS468,Male,8,92.7,78,84,74,Low,2.9,No,Primary,23,1
ST03461,Nicholas Datta,TS329,Male,7,57.0,55,66,64,Medium,8.2,Yes,Graduate,3,0
ST03462,Pallavi Madan,TS500,Female,7,96.6,98,99,92,High,9.7,Yes,Graduate,15,0
ST03463,Ekapad Vohra,TS461,Male,10,65.9,61,57,54,Medium,2.5,Yes,Secondary,19,1
ST03464,Veer Arya,TS457,Female,7,73.1,76,67,62,Medium,0.7,Yes,Graduate,21,0
ST03465,Wakeeta Wadhwa,TS193,Male,9,54.8,49,42,42,Low,8.6,No,Secondary,5,1
ST03466,Charita Singhal,TS195,Male,10,73.9,65,70,81,Medium,5.6,Yes,Primary,16,0
ST03467,Nicholas Bala,TS376,Female,6,92.9,87,78,93,Medium,10.2,No,Secondary,10,0
ST03468,Ekta Hora,TS269,Male,10,80.0,84,82,77,High,6.5,No,Primary,19,0
ST03469,Aashi Deo,TS303,Male,8,68.3,54,67,51,Low,0.6,No,Secondary,21,1
ST03470,Samarth Sethi,TS371,Male,8,81.4,87,75,82,Low,5.5,Yes,None,28,0
ST03471,Yashasvi Dara,TS057,Male,9,61.0,64,55,57,Low,2.9,No,Graduate,13,1
ST03472,Chandresh Anne,TS347,Female,8,78.1,83,73,77,Medium,11.3,Yes,Primary,21,0
ST03473,Tejas Saraf,TS452,Female,9,87.0,83,79,74,Low,12.0,Yes,Graduate,0,0
ST03474,Christopher Ghosh,TS256,Male,6,65.1,73,63,59,Low,11.6,Yes,Secondary,2,1
ST03475,Umang Natarajan,TS045,Male,9,53.3,48,54,53,High,8.7,No,Graduate,8,1
ST03476,Yashoda Dhawan,TS340,Female,10,55.7,64,50,65,Low,5.0,Yes,Secondary,12,1
ST03477,Krish Natt,TS118,Male,9,71.4,81,65,83,High,1.1,Yes,Primary,20,0
ST03478,Jagvi Deshpande,TS037,Female,6,80.5,72,82,78,Medium,2.1,Yes,Secondary,14,0
ST03479,Bhavani Pant,TS006,Male,9,56.7,61,54,41,Low,10.4,No,Secondary,5,1
ST03480,Ikshita Nagy,TS009,Male,7,52.6,60,56,62,High,11.6,Yes,Primary,2,0
ST03481,Bina Loke,TS364,Female,6,84.7,76,80,75,Low,9.1,Yes,Secondary,19,1
ST03482,Faraj Dugal,TS308,Male,7,63.4,53,63,53,Medium,10.7,Yes,Primary,27,1
ST03483,Reva Prabhu,TS158,Female,10,53.1,54,52,55,Low,1.1,No,Primary,20,1
ST03484,Nidra Prakash,TS024,Female,8,91.2,77,79,87,Medium,4.2,Yes,Primary,8,0
ST03485,Nitara Murty,TS132,Female,6,58.4,42,58,48,Low,11.8,No,None,23,1
ST03486,Warhi Thakkar,TS316,Male,10,63.1,55,70,63,Medium,7.1,Yes,Graduate,13,0
ST03487,Xalak Bath,TS076,Female,10,84.1,81,84,76,High,1.8,Yes,Primary,15,0
ST03488,Vivaan Garg,TS136,Male,9,67.7,59,71,60,Low,4.8,Yes,Secondary,16,1
ST03489,Sathvik Iyengar,TS110,Male,6,49.7,41,53,44,Low,2.1,Yes,Primary,23,1
ST03490,Xalak Shah,TS390,Female,10,52.7,58,43,61,High,9.4,No,Secondary,27,1
ST03491,Sudiksha Loyal,TS354,Male,6,78.5,69,69,75,Low,4.7,Yes,Primary,7,0
ST03492,Shivansh Sundaram,TS161,Male,9,50.7,55,47,51,Low,6.4,Yes,Primary,25,1
ST03493,Abhimanyu Chakrabarti,TS351,Female,9,70.5,70,76,78,High,5.3,Yes,Primary,3,0
ST03494,Teerth Rajagopal,TS457,Male,7,86.0,73,77,85,Medium,9.2,Yes,None,28,0
ST03495,Ishwar Purohit,TS433,Female,9,50.9,44,40,40,Low,11.6,No,None,3,1
ST03496,Simon Issac,TS087,Male,6,72.7,74,61,78,Medium,0.9,Yes,Primary,30,0
ST03497,Darpan Saraf,TS293,Female,7,93.4,97,79,84,Medium,3.4,Yes,Primary,14,0
ST03498,Arya Natarajan,TS411,Male,6,84.2,72,79,89,Medium,11.4,Yes,None,12,0
ST03499,Fitan Jhaveri,TS439,Female,7,96.3,78,86,89,Medium,4.3,No,Primary,11,0
ST03500,Unni Khare,TS069,Male,7,87.3,74,90,86,Medium,1.1,Yes,Graduate,8,0
ST03501,Nitara Rana,TS036,Female,8,73.5,70,81,69,Low,9.5,Yes,None,13,0
ST03502,Frederick Chakraborty,TS203,Male,9,81.1,77,76,72,High,1.8,Yes,Primary,17,0
ST03503,Rajata Chauhan,TS213,Female,10,80.1,87,72,82,Low,8.4,Yes,Graduate,28,1
ST03504,Aarav Reddy,TS339,Male,9,85.3,81,86,84,Medium,8.7,Yes,Secondary,6,0
ST03505,Ishita Mangal,TS095,Female,8,50.1,48,60,59,Low,8.6,Yes,Secondary,27,1
ST03506,Zaid Dhar,TS455,Female,9,72.2,62,67,64,Medium,4.8,No,Primary,0,0
ST03507,Umang Khosla,TS421,Female,10,62.6,54,51,64,Low,10.1,Yes,Secondary,3,1
ST03508,Chaaya Saraf,TS228,Female,8,72.9,63,59,70,Medium,8.3,No,None,7,0
ST03509,Tanmayi Walla,TS148,Female,10,84.1,67,73,70,Medium,2.4,No,Secondary,5,0
ST03510,Joshua Chaudry,TS369,Male,8,97.2,85,99,86,High,9.1,No,Secondary,3,0
ST03511,Jeet Ravi,TS471,Female,6,95.9,94,77,77,Low,2.7,No,Primary,12,0
ST03512,Avi Badal,TS031,Female,6,68.6,58,69,69,Medium,8.6,Yes,None,13,0
ST03513,Aachal Rajagopal,TS313,Female,9,47.1,33,40,32,Medium,9.8,No,Secondary,24,1
ST03514,Chatresh Manne,TS130,Female,9,45.5,41,40,51,Medium,1.9,Yes,Primary,25,1
ST03515,Vaishnavi Rao,TS065,Male,8,78.1,73,79,90,High,5.5,Yes,Primary,19,0
ST03516,Libni Contractor,TS120,Female,9,55.7,49,54,46,Low,3.5,No,None,13,1
ST03517,Chavvi Sinha,TS101,Female,6,88.8,72,80,83,Low,10.7,No,Primary,12,0
ST03518,Chandani Dada,TS128,Male,6,56.8,57,53,61,Low,8.7,No,Graduate,13,1
ST03519,Matthew Raman,TS440,Male,10,87.5,86,77,82,Low,6.7,Yes,Primary,28,0
ST03520,Rushil Natarajan,TS471,Male,7,81.5,86,70,85,Medium,5.6,Yes,Primary,0,0
ST03521,Yutika Om,TS365,Female,9,57.9,60,54,65,Medium,4.8,Yes,Primary,16,1
ST03522,Falan Agarwal,TS043,Female,10,94.4,84,96,98,Medium,4.4,Yes,Secondary,22,0
ST03523,Gunbir Bhasin,TS372,Male,7,63.4,52,64,58,Low,2.1,Yes,Primary,24,1
ST03524,Fariq Kannan,TS027,Female,8,86.1,78,92,82,Medium,1.1,Yes,None,25,0
ST03525,Lekha Vohra,TS090,Male,6,72.2,54,64,71,Low,0.8,No,Secondary,12,0
ST03526,Abeer Bhasin,TS337,Female,10,72.8,70,65,76,High,5.5,Yes,None,9,0
ST03527,Ganga Goswami,TS300,Male,9,80.6,77,71,72,Medium,7.1,Yes,Secondary,9,0
ST03528,Vasudha Kaul,TS026,Male,10,79.4,78,90,75,High,8.9,Yes,Primary,5,0
ST03529,Mitali Dara,TS095,Male,8,60.9,59,54,61,Medium,11.2,Yes,Secondary,11,0
ST03530,Pranav Nazareth,TS240,Female,9,97.4,89,99,91,Medium,2.2,Yes,Primary,1,0
ST03531,Omaja Baral,TS398,Male,7,87.4,89,91,89,Medium,4.4,Yes,Secondary,20,0
ST03532,Girik Kala,TS007,Male,6,50.9,56,48,42,Medium,4.8,Yes,Secondary,3,0
ST03533,Priya Pall,TS234,Female,9,53.1,44,49,57,Medium,1.3,Yes,Secondary,19,1
ST03534,Nicholas Chokshi,TS158,Female,10,52.6,46,52,48,Medium,10.4,Yes,Secondary,21,1
ST03535,Ishani Roy,TS021,Male,10,66.3,63,60,74,Medium,9.3,Yes,Primary,27,1
ST03536,Hredhaan Ben,TS205,Female,9,53.4,53,51,54,Medium,3.7,Yes,Graduate,15,0
ST03537,Eesha Choudhary,TS350,Female,6,76.2,74,88,88,High,11.8,Yes,Primary,23,0
ST03538,Devansh Baral,TS061,Female,8,85.9,83,77,85,Medium,10.8,Yes,Primary,10,0
ST03539,Ekanta Nadkarni,TS370,Male,6,55.2,51,49,45,Medium,9.3,Yes,Secondary,28,1
ST03540,Aahana Konda,TS052,Female,6,96.8,95,87,99,Low,11.1,Yes,Graduate,21,1
ST03541,Pooja Dutta,TS112,Male,6,72.0,63,63,58,Medium,11.3,No,Primary,0,0
ST03542,Advik Dass,TS305,Male,10,73.3,73,83,80,High,6.5,Yes,Primary,3,0
ST03543,Gopal Madan,TS362,Female,7,64.8,55,55,72,Medium,6.8,Yes,Secondary,30,1
ST03544,Neelima Raman,TS429,Male,6,89.2,89,87,88,Low,4.5,Yes,None,4,0
ST03545,Anirudh Mittal,TS420,Female,6,84.5,90,80,89,High,10.8,No,None,24,0
ST03546,Pahal Murthy,TS274,Male,9,63.4,73,69,69,High,10.9,Yes,Secondary,22,1
ST03547,Barkha Kumer,TS048,Female,9,57.9,61,58,55,Medium,4.2,No,None,25,1
ST03548,Geetika Balasubramanian,TS451,Female,10,76.1,64,76,75,Medium,2.7,Yes,Primary,26,0
ST03549,Anirudh Chaudhuri,TS426,Male,7,81.7,78,68,86,Medium,0.9,Yes,Graduate,7,0
ST03550,Hredhaan More,TS152,Female,7,87.4,98,97,79,High,3.5,Yes,Secondary,0,0
ST03551,Forum Balasubramanian,TS325,Female,8,66.5,64,59,55,Low,9.2,Yes,None,25,1
ST03552,Dalbir Kale,TS032,Male,10,52.7,47,53,54,Medium,6.8,Yes,Secondary,15,0
ST03553,Pallavi Mammen,TS167,Male,7,68.6,73,68,61,High,4.4,Yes,Secondary,0,0
ST03554,Pratyush Ray,TS055,Female,7,88.1,85,74,94,Low,8.3,Yes,Secondary,2,0
ST03555,Amol Ramachandran,TS085,Female,9,77.9,82,75,68,Low,7.3,Yes,Primary,27,1
ST03556,Aarav Bobal,TS482,Female,8,74.8,66,76,65,Low,11.7,Yes,Primary,26,1
ST03557,Qasim Andra,TS236,Female,8,65.7,59,54,56,Low,11.3,Yes,Secondary,23,1
ST03558,Chandran Chaudry,TS343,Female,9,64.9,71,59,68,High,3.2,Yes,Primary,3,0
ST03559,Zaitra Chaudhari,TS059,Female,10,60.2,50,50,54,Medium,3.2,Yes,Primary,21,1
ST03560,Hiral Mannan,TS494,Male,6,92.4,96,87,91,High,6.7,No,Graduate,13,0
ST03561,Tamanna Misra,TS072,Male,6,65.2,71,72,73,Low,8.2,Yes,Primary,4,1
ST03562,Mahika Talwar,TS317,Female,8,67.4,71,72,61,Low,4.4,Yes,Primary,22,1
ST03563,Balvan Guha,TS488,Female,6,92.9,96,93,85,Medium,9.6,Yes,Primary,25,0
ST03564,Yug Munshi,TS374,Female,10,59.5,53,56,62,Medium,10.2,Yes,Secondary,24,1
ST03565,Ekaja Parikh,TS032,Male,10,65.0,66,69,58,Low,11.3,Yes,Secondary,5,1
ST03566,Jagrati Nayar,TS030,Male,9,86.6,87,73,90,Medium,2.9,Yes,None,1,0
ST03567,Ethan Zacharia,TS483,Male,8,87.1,92,73,82,Medium,5.9,Yes,None,2,0
ST03568,Aishani Vasa,TS095,Male,8,56.4,56,46,60,Low,4.9,Yes,Graduate,18,1
ST03569,Rudra Divan,TS436,Female,7,45.5,52,44,42,Medium,9.2,Yes,Secondary,0,0
ST03570,Tarak Rout,TS337,Male,8,84.2,88,86,85,High,1.6,Yes,Primary,28,0
ST03571,Zansi Devan,TS151,Female,6,61.5,58,65,65,Low,2.4,Yes,Primary,29,1
ST03572,Sara Dua,TS306,Female,6,58.6,50,67,53,Low,11.7,Yes,Secondary,27,1
ST03573,Hiral Chander,TS116,Female,9,81.9,85,76,81,Medium,10.7,Yes,Graduate,3,0
ST03574,Balvan Sharma,TS214,Male,9,66.5,68,72,56,Low,11.3,Yes,Primary,3,1
ST03575,Krisha Menon,TS161,Female,8,53.6,52,56,61,Medium,9.5,Yes,Primary,23,1
ST03576,Lipika Mann,TS232,Female,10,58.5,63,54,48,Low,1.5,Yes,Secondary,1,1
ST03577,Jyoti Prashad,TS447,Male,8,62.8,59,63,62,Medium,8.9,Yes,None,5,0
ST03578,Bakhshi Mahal,TS031,Female,6,77.7,60,62,79,Low,11.6,No,Graduate,6,0
ST03579,Aditya Kamdar,TS096,Female,7,89.2,75,83,80,Low,7.5,No,Secondary,20,1
ST03580,Yashasvi Patil,TS019,Male,8,75.5,63,65,64,Low,11.7,Yes,Primary,22,1
ST03581,Zayyan Kade,TS416,Male,8,92.1,79,88,81,Medium,7.1,No,None,5,0
ST03582,Rohan Halder,TS043,Female,7,54.3,46,59,48,Low,6.7,Yes,Secondary,25,1
ST03583,Vedika Ben,TS247,Male,6,80.3,73,66,70,Medium,5.7,No,Secondary,30,0
ST03584,Zayyan Rajan,TS462,Male,6,70.4,58,66,67,Medium,9.8,Yes,Primary,10,0
ST03585,Nathan Patla,TS338,Female,6,82.0,87,72,75,Low,4.8,Yes,None,30,0
ST03586,Finn Biswas,TS073,Male,6,57.2,65,49,65,Low,4.6,Yes,Primary,6,1
ST03587,Divya Saraf,TS185,Female,7,82.9,70,83,71,Low,1.3,Yes,Graduate,6,0
ST03588,Ojas Garg,TS473,Male,8,58.4,51,56,58,Low,5.0,Yes,Graduate,29,1
ST03589,Lakshmi Sur,TS338,Male,6,81.3,83,85,82,High,2.3,Yes,Graduate,6,0
ST03590,Onveer Modi,TS102,Female,8,52.4,45,44,51,Low,8.0,No,Secondary,17,1
ST03591,Anika Narayan,TS341,Male,9,73.1,73,75,65,Low,5.4,Yes,Secondary,16,0
ST03592,Veda Khanna,TS426,Female,8,56.2,49,63,55,Low,7.2,Yes,Primary,26,1
ST03593,Ucchal Subramaniam,TS088,Female,6,90.7,88,85,88,Medium,8.1,Yes,Primary,22,0
ST03594,Meghana Narasimhan,TS301,Male,8,53.1,42,59,46,Medium,7.9,Yes,Primary,16,1
ST03595,Aachal Mani,TS243,Male,10,80.7,85,73,84,Medium,7.0,Yes,Secondary,11,0
ST03596,Ubika Barad,TS042,Male,6,95.6,82,89,90,Low,4.7,No,None,26,1
ST03597,Adya Prakash,TS348,Female,9,63.1,66,58,63,Low,4.7,No,Primary,27,1
ST03598,Mohini Om,TS219,Female,10,47.5,48,44,47,Low,0.9,No,None,12,1
ST03599,Bhavani Kale,TS282,Female,9,96.9,93,77,82,Medium,9.1,No,Primary,9,0
ST03600,Zilmil Varkey,TS126,Female,10,62.5,54,63,55,Medium,3.6,No,Primary,2,0
ST03601,Damini Rajagopalan,TS118,Male,9,79.1,77,73,70,Medium,11.0,Yes,Primary,26,0
ST03602,Omisha Barman,TS208,Male,7,81.4,72,71,72,Low,3.2,Yes,Secondary,28,0
ST03603,Chavvi Desai,TS114,Male,9,78.5,72,79,82,Low,1.3,Yes,Secondary,10,0
ST03604,Neel Manne,TS286,Male,8,68.4,63,75,63,Low,11.9,Yes,Primary,9,1
ST03605,Reyansh Ganguly,TS270,Male,8,88.4,84,74,77,Low,1.2,Yes,Primary,27,0
ST03606,William Samra,TS437,Female,10,51.8,48,49,49,Low,9.9,Yes,Primary,24,1
ST03607,Bhavya Merchant,TS393,Female,7,53.1,45,43,48,Low,1.1,Yes,Graduate,22,1
ST03608,Saumya Walia,TS311,Male,8,64.5,53,64,60,Low,7.2,Yes,Secondary,21,1
ST03609,Yuvraj Mahal,TS328,Male,8,68.7,64,66,69,High,4.5,No,Graduate,24,1
ST03610,Reva Golla,TS150,Female,6,78.4,72,69,76,Low,1.5,Yes,Graduate,9,0
ST03611,Shravya Kaul,TS372,Female,7,73.1,76,67,62,Medium,8.7,Yes,Secondary,11,0
ST03612,Chaitaly Golla,TS261,Female,7,73.5,64,62,61,Low,1.0,Yes,Primary,29,0
ST03613,Eiravati Hans,TS089,Female,6,45.0,35,54,43,Low,4.4,Yes,None,6,1
ST03614,Guneet Devi,TS400,Male,9,60.7,53,64,52,Low,2.1,Yes,Primary,27,1
ST03615,Alka Palan,TS164,Male,8,70.5,63,58,68,High,7.7,No,Primary,19,0
ST03616,Dalbir Vora,TS196,Male,8,73.9,64,81,77,High,11.1,No,Primary,29,0
ST03617,Eshana Naik,TS114,Female,9,48.8,57,55,45,Low,6.3,Yes,Primary,9,1
ST03618,Damini Shenoy,TS311,Male,8,93.3,79,88,84,Low,9.6,Yes,Secondary,22,1
ST03619,Praneel Das,TS203,Male,8,90.3,99,90,97,High,5.1,Yes,Primary,29,0
ST03620,Ganga Bansal,TS011,Female,8,54.1,57,59,51,Low,10.8,Yes,Graduate,3,1
ST03621,Mugdha Upadhyay,TS289,Male,10,55.9,62,53,52,Low,9.7,Yes,Graduate,22,1
ST03622,Hemangini Hans,TS289,Female,8,53.7,40,56,40,Medium,2.0,No,Primary,19,1
ST03623,Vedika Dhaliwal,TS209,Female,7,82.6,73,79,76,Low,3.2,Yes,Graduate,2,0
ST03624,Ryan Guha,TS284,Female,6,73.7,63,67,64,Medium,8.4,No,None,27,0
ST03625,Tanvi Kapadia,TS216,Female,9,79.5,62,74,63,Medium,7.3,No,Primary,13,0
ST03626,Baghyawati Zachariah,TS186,Female,6,91.5,81,89,83,Medium,9.7,No,Secondary,18,0
ST03627,Gagan Mahal,TS336,Female,9,92.0,80,82,83,Low,4.4,No,Graduate,25,1
ST03628,Azaan Saraf,TS382,Female,10,69.2,66,67,66,Low,2.1,Yes,Primary,1,1
ST03629,Siya Pai,TS173,Male,10,87.9,75,75,79,Low,8.3,No,Secondary,2,0
ST03630,Adweta Bhattacharyya,TS256,Female,9,85.1,87,81,77,High,1.6,No,Secondary,22,0
ST03631,Priya Andra,TS281,Female,10,93.7,90,82,92,Low,8.6,Yes,Primary,0,0
ST03632,Samarth Apte,TS182,Male,7,97.5,88,98,99,Low,1.6,Yes,Secondary,26,0
ST03633,Gaurang Keer,TS107,Male,9,79.1,71,78,82,Medium,1.0,Yes,Primary,8,0
ST03634,Utkarsh Hayre,TS178,Female,9,87.5,84,73,76,Medium,9.7,No,Primary,19,0
ST03635,Fitan Saraf,TS441,Male,9,45.1,47,46,54,Low,2.4,Yes,Secondary,5,1
ST03636,Amol Sundaram,TS117,Male,7,70.2,72,78,59,Low,8.1,Yes,Primary,20,1
ST03637,Hamsini Wagle,TS078,Male,10,93.7,94,86,97,Low,9.5,Yes,Primary,17,1
ST03638,Chandresh Misra,TS096,Female,10,68.1,71,60,76,Medium,6.7,Yes,Primary,2,0
ST03639,Manthan Bora,TS011,Female,6,52.0,60,54,43,Medium,9.8,Yes,None,23,1
ST03640,Hamsini Tara,TS188,Female,8,76.3,70,70,83,Low,0.5,Yes,None,3,0
ST03641,Robert Chaudry,TS332,Female,10,96.6,82,90,99,Low,11.8,Yes,Primary,1,0
ST03642,Viraj Rajagopal,TS493,Female,6,90.7,81,79,89,Low,1.9,No,Secondary,9,0
ST03643,Charles Parikh,TS331,Male,10,57.7,64,64,54,Medium,7.3,Yes,Secondary,10,0
ST03644,Radha Thakkar,TS428,Male,10,87.3,86,69,79,Low,5.3,No,Secondary,12,0
ST03645,Gaurang Sethi,TS355,Female,9,45.4,42,39,54,Medium,7.6,Yes,Graduate,3,1
ST03646,Unni Koshy,TS317,Male,10,54.8,47,56,48,Low,4.5,Yes,Primary,0,1
ST03647,Harish Baral,TS027,Male,10,84.8,74,73,73,Medium,2.3,Yes,Secondary,13,0
ST03648,Ladli Agarwal,TS396,Male,10,54.1,51,44,50,Low,10.9,Yes,Secondary,10,1
ST03649,Gaurika Shetty,TS428,Female,8,55.1,46,45,39,Medium,7.5,No,Primary,11,1
ST03650,Gaurang Jaggi,TS068,Male,7,89.8,92,83,95,Low,7.2,Yes,Secondary,2,0
ST03651,Parth Luthra,TS106,Female,6,95.2,92,99,85,Low,3.0,Yes,Graduate,21,0
ST03652,Teerth Vyas,TS195,Male,7,63.3,51,56,60,Medium,6.5,Yes,Primary,12,0
ST03653,Lipika Ganguly,TS402,Male,6,48.9,45,43,58,High,1.5,No,Primary,8,0
ST03654,Garima Hayre,TS343,Female,9,50.4,58,56,53,Medium,4.7,Yes,Secondary,10,0
ST03655,Zinal Dubey,TS476,Male,10,67.9,67,56,65,Low,7.1,Yes,Graduate,29,1
ST03656,Praneel Vohra,TS244,Female,9,72.2,64,65,66,Low,5.4,Yes,Secondary,6,0
ST03657,Rachita Sethi,TS360,Female,10,75.5,65,72,81,Medium,10.8,Yes,Secondary,10,0
ST03658,Abha Kanda,TS212,Female,7,84.0,90,70,71,Low,2.5,Yes,Secondary,13,0
ST03659,Vedika Bandi,TS070,Female,9,85.7,72,83,80,Medium,8.2,Yes,Secondary,17,0
ST03660,Pahal Wable,TS190,Male,8,69.0,70,72,59,Medium,5.3,Yes,Graduate,16,1
ST03661,Wahab Magar,TS295,Male,7,58.2,59,53,66,High,4.5,Yes,Secondary,9,0
ST03662,Vincent Mani,TS007,Female,6,81.7,70,79,71,Low,3.1,No,None,15,0
ST03663,Balveer Date,TS485,Male,8,65.7,55,72,54,Low,1.3,Yes,Secondary,19,1
ST03664,Mohini Bansal,TS449,Male,7,96.5,76,91,82,Low,11.4,No,None,11,0
ST03665,Jeremiah Sachdev,TS458,Female,6,63.2,62,53,59,Low,3.1,Yes,None,27,1
ST03666,Nikita Mishra,TS381,Female,9,67.0,71,67,66,Low,2.3,Yes,Graduate,0,1
ST03667,Raagini Deshmukh,TS327,Male,7,53.4,52,56,57,Low,3.7,Yes,Graduate,26,1
ST03668,Kala Majumdar,TS498,Male,9,91.7,85,96,81,Medium,3.0,Yes,Graduate,19,0
ST03669,Yoshita De,TS307,Female,8,93.3,99,94,96,High,8.2,Yes,Primary,8,0
ST03670,Banjeet Doshi,TS023,Female,9,55.2,61,54,45,Low,9.3,Yes,Graduate,30,1
ST03671,Timothy Jani,TS461,Female,7,92.2,86,88,88,Low,6.7,No,None,22,1
ST03672,Xalak Bakshi,TS176,Male,6,94.0,85,81,82,Medium,8.0,Yes,Primary,25,0
ST03673,Anay Bera,TS208,Male,9,46.2,47,52,47,Low,5.6,Yes,Graduate,6,1
ST03674,Advay Patla,TS457,Male,9,50.7,42,49,48,Low,3.2,Yes,Primary,16,1
ST03675,Rachana Iyengar,TS262,Male,7,47.8,40,39,48,Low,1.6,No,None,29,1
ST03676,Shaurya Grewal,TS229,Male,6,45.5,53,55,44,High,3.0,Yes,Secondary,17,1
ST03677,Maya Saraf,TS176,Male,7,85.8,87,80,77,Low,2.1,Yes,Secondary,26,0
ST03678,Ikshita Mahajan,TS010,Female,9,77.9,85,83,66,Low,7.9,Yes,Secondary,28,1
ST03679,Yutika Shan,TS136,Male,8,93.4,88,92,90,Low,9.0,Yes,Graduate,7,0
ST03680,Hemal Bir,TS252,Male,6,68.1,75,75,65,High,8.0,Yes,None,23,1
ST03681,Yashoda Nagy,TS056,Male,10,96.6,79,88,88,Low,2.3,No,None,12,0
ST03682,Jackson Dara,TS294,Male,9,85.5,84,86,80,High,1.5,Yes,Primary,30,0
ST03683,Upkaar Krishna,TS060,Male,10,67.4,63,60,67,Low,9.3,Yes,Primary,22,1
ST03684,Upasna Jani,TS319,Male,6,56.1,54,57,53,Low,1.9,No,Secondary,17,1
ST03685,Charvi Yadav,TS221,Male,10,66.4,56,62,66,Medium,1.9,No,Secondary,4,0
ST03686,Dev Narula,TS389,Female,9,48.3,46,49,48,Medium,9.6,Yes,Primary,10,0
ST03687,Avni Dora,TS005,Male,10,96.1,77,79,92,Low,2.2,No,Primary,28,1
ST03688,Ekani Thaker,TS176,Male,10,57.0,50,56,55,Low,8.2,No,Secondary,26,1
ST03689,Ojasvi Varghese,TS393,Female,8,96.8,80,90,90,Low,8.3,No,Primary,8,0
ST03690,Anya Issac,TS233,Male,6,53.3,44,54,49,Low,12.0,No,Primary,8,1
ST03691,Yatin Kannan,TS319,Male,8,85.8,74,82,73,Low,4.0,Yes,Secondary,1,0
ST03692,Dhriti Sagar,TS140,Female,8,92.1,94,87,89,High,0.8,Yes,Primary,18,0
ST03693,Barkha Balakrishnan,TS433,Male,6,92.6,97,83,94,Medium,11.9,Yes,Secondary,19,0
ST03694,Tanveer Yohannan,TS248,Female,9,58.4,60,69,58,High,9.8,Yes,Secondary,13,0
ST03695,Manbir Singhal,TS413,Male,9,86.7,82,86,82,High,1.5,Yes,Primary,17,0
ST03696,Oliver Hans,TS276,Male,9,74.4,68,76,64,Low,8.3,Yes,Secondary,2,0
ST03697,Nidra Mammen,TS451,Male,6,63.9,58,54,61,Medium,11.7,Yes,Primary,9,0
ST03698,Chandran Bath,TS265,Female,7,79.8,70,66,80,Medium,11.7,Yes,Primary,14,0
ST03699,Aadhya Yadav,TS140,Female,6,60.2,55,71,66,High,1.1,Yes,None,25,1
ST03700,Rudra Sangha,TS074,Female,6,67.3,59,65,63,Low,11.8,No,None,29,1
ST03701,Aashi Maharaj,TS309,Male,9,59.0,51,51,60,Low,10.2,No,Secondary,15,1
ST03702,Viraj Modi,TS410,Female,6,70.7,73,67,71,Medium,7.1,No,Primary,19,0
ST03703,Inaya Rau,TS344,Female,7,87.3,74,83,81,Low,6.7,Yes,Graduate,25,0
ST03704,Gabriel Sehgal,TS145,Male,6,84.9,77,89,71,Medium,7.5,Yes,Secondary,13,0
ST03705,Fariq Parikh,TS356,Male,8,83.9,80,82,78,Low,6.3,No,Primary,18,1
ST03706,Dakshesh Naidu,TS424,Male,6,52.6,42,50,54,Low,6.4,Yes,Secondary,23,1
ST03707,Radhika Dua,TS448,Male,7,87.6,81,79,81,Low,3.5,No,Primary,16,1
ST03708,Zarna Amble,TS198,Female,10,64.5,63,53,64,Medium,11.2,Yes,Primary,2,0
ST03709,Raagini Palla,TS195,Female,10,85.1,84,83,80,Medium,11.2,Yes,Graduate,2,0
ST03710,Keya Kari,TS225,Female,8,63.2,71,52,64,Low,11.1,Yes,Graduate,16,1
ST03711,Hitesh Pal,TS385,Female,7,53.7,64,57,61,High,2.5,Yes,Secondary,20,1
ST03712,Eta Sem,TS065,Male,7,54.6,49,49,47,Low,10.7,Yes,Primary,3,1
ST03713,Netra Murthy,TS232,Female,9,93.2,97,83,95,High,10.8,No,None,23,0
ST03714,Darsh Nagarajan,TS100,Female,9,72.4,68,62,61,Low,0.6,No,None,19,1
ST03715,Bhavna Guha,TS308,Male,8,97.2,93,91,82,Medium,7.0,Yes,Secondary,13,0
ST03716,Chakradhar Ram,TS133,Female,8,66.0,61,65,58,Medium,7.3,Yes,Primary,0,0
ST03717,Sneha Ram,TS334,Female,10,69.4,75,68,66,Medium,5.2,Yes,None,26,1
ST03718,Harini Doctor,TS453,Male,7,78.9,77,81,75,Low,8.7,Yes,Primary,17,1
ST03719,Darpan Gole,TS282,Female,8,45.4,49,45,49,High,1.6,Yes,Graduate,26,1
ST03720,Karan Randhawa,TS085,Female,9,48.9,50,52,46,Low,2.4,Yes,Primary,8,1
ST03721,Shivani Balakrishnan,TS460,Male,9,90.2,94,86,79,Low,2.3,Yes,Primary,10,0
ST03722,Vivaan Boase,TS482,Female,9,56.5,47,61,51,Low,11.1,Yes,Secondary,21,1
ST03723,Chaaya Chana,TS137,Male,6,80.6,81,73,83,Medium,5.1,Yes,Secondary,0,0
ST03724,Nidra Gade,TS485,Male,7,50.2,55,41,38,Medium,9.1,No,Secondary,15,1
ST03725,Liam Sathe,TS172,Female,7,80.5,78,92,87,High,1.1,Yes,Graduate,29,0
ST03726,Oni Dash,TS157,Male,9,63.9,63,57,59,Low,4.0,No,Primary,18,1
ST03727,Orinder Pant,TS114,Female,6,60.6,44,45,52,Low,9.4,No,None,18,1
ST03728,Indali Vala,TS195,Female,6,45.1,48,47,51,Low,2.7,Yes,Secondary,22,1
ST03729,Oliver Mane,TS489,Female,6,61.5,50,47,54,Low,1.0,No,Primary,14,1
ST03730,Bhavika Dhaliwal,TS459,Male,9,57.1,52,56,60,Low,1.5,Yes,Graduate,11,1
ST03731,Waida Morar,TS041,Male,7,75.9,75,68,61,Medium,8.4,No,Primary,14,0
ST03732,Aradhana Loke,TS377,Female,7,85.7,76,76,89,Low,4.7,Yes,Primary,7,0
ST03733,Ekta Dube,TS299,Male,9,61.5,66,66,53,Medium,4.3,Yes,Primary,10,0
ST03734,Lohit Mallick,TS475,Male,9,63.3,62,66,62,Low,6.8,No,Secondary,16,1
ST03735,Advaith Parmer,TS449,Male,7,92.7,85,84,79,Medium,4.7,Yes,Primary,2,0
ST03736,Girish Tella,TS219,Female,9,80.7,83,83,84,Medium,7.1,Yes,None,25,0
ST03737,Laban Jha,TS037,Female,7,71.0,71,73,71,Low,3.3,Yes,Secondary,9,0
ST03738,Logan Bhandari,TS473,Female,6,88.3,75,87,77,Low,10.6,Yes,Primary,12,0
ST03739,Sai Chhabra,TS173,Female,9,53.6,61,60,48,Medium,6.0,Yes,Secondary,29,1
ST03740,Mitali Date,TS268,Female,6,65.1,51,50,58,Low,8.1,No,Graduate,24,1
ST03741,Logan Basu,TS168,Male,7,46.7,53,47,40,Medium,8.0,Yes,Secondary,24,1
ST03742,Urvashi Krishna,TS312,Female,9,52.2,48,58,57,High,12.0,Yes,Graduate,29,1
ST03743,Neha Trivedi,TS323,Male,10,89.1,76,76,79,Low,4.5,Yes,Secondary,21,0
ST03744,Henry Anand,TS249,Female,8,93.6,99,89,84,Low,6.6,Yes,Graduate,7,0
ST03745,Triya Bir,TS480,Female,6,49.9,42,52,57,Medium,3.3,Yes,Primary,27,1
ST03746,Janani Mani,TS285,Male,7,67.7,79,80,60,High,7.7,Yes,None,10,0
ST03747,Aadi Cheema,TS173,Male,10,90.0,94,84,84,Low,6.1,Yes,None,8,0
ST03748,Yashasvi Nagarajan,TS488,Female,6,84.7,80,68,81,Medium,8.2,No,Primary,6,0
ST03749,Upadhriti Palla,TS328,Female,9,61.3,61,73,68,High,5.8,Yes,Primary,8,0
ST03750,Upadhriti Dhar,TS146,Male,10,54.4,53,55,57,Medium,1.1,Yes,Secondary,3,0
ST03751,Bhanumati Sethi,TS022,Male,9,63.9,55,64,72,Low,2.8,Yes,Secondary,0,1
ST03752,Kevin Bera,TS333,Female,10,66.9,70,65,62,Low,3.7,Yes,Secondary,4,1
ST03753,Andrew Desai,TS461,Female,6,72.0,66,64,59,Medium,4.4,Yes,Secondary,9,0
ST03754,Udarsh Ratti,TS285,Female,9,97.7,84,86,88,Medium,7.8,No,Graduate,20,0
ST03755,Aadhya Korpal,TS297,Male,8,53.4,57,53,39,Low,7.2,No,Secondary,19,1
ST03756,Ekavir Cherian,TS053,Female,10,71.3,68,58,54,Low,10.8,No,Secondary,3,0
ST03757,Girindra Ben,TS397,Female,10,46.8,42,50,36,Medium,11.9,No,Primary,25,1
ST03758,Jagrati Sani,TS056,Female,9,97.3,97,90,88,Medium,10.5,No,Secondary,28,0
ST03759,Wazir Pandey,TS130,Female,6,70.6,60,54,67,Medium,9.3,No,Primary,27,0
ST03760,Yuvraj Karan,TS048,Male,6,90.6,78,87,80,Medium,1.7,No,Graduate,30,0
ST03761,Indira Dass,TS430,Female,10,46.4,54,61,49,High,6.2,Yes,Primary,13,0
ST03762,Yash Wable,TS464,Female,8,75.4,82,70,74,Medium,10.1,Yes,Primary,2,0
ST03763,Ekaja Purohit,TS062,Female,9,79.8,77,86,82,Medium,0.7,Yes,Graduate,26,0
ST03764,Bhavna Borra,TS310,Female,7,59.7,50,66,48,Medium,10.3,Yes,Secondary,20,1
ST03765,Ekiya Hans,TS400,Female,10,86.0,86,76,84,Low,10.0,Yes,Primary,22,1
ST03766,Jeet Mitra,TS332,Male,6,78.4,72,78,74,Low,6.7,No,Primary,8,0
ST03767,Ayush Vyas,TS318,Male,8,49.3,54,48,41,Low,3.8,Yes,Primary,19,1
ST03768,Waida Shroff,TS270,Male,8,77.1,72,71,73,High,5.6,Yes,Graduate,25,0
ST03769,Ishita Palan,TS273,Male,9,94.4,96,99,98,Low,7.2,Yes,Primary,18,1
ST03770,Sara Buch,TS032,Female,10,60.8,65,65,57,Low,5.2,Yes,Primary,13,1
ST03771,Divya Kumer,TS476,Male,6,73.3,62,80,65,Low,8.4,Yes,Primary,13,0
ST03772,Zehaan Hari,TS364,Male,8,90.0,90,88,90,Low,7.7,No,Secondary,27,1
ST03773,Yashoda Thaker,TS115,Male,6,84.3,77,86,77,High,5.9,No,Primary,25,0
ST03774,Tarak Ramanathan,TS152,Female,10,72.1,65,81,71,High,2.6,Yes,Graduate,18,0
ST03775,Christopher Hegde,TS257,Female,10,94.5,91,98,87,Low,7.7,Yes,Primary,21,1
ST03776,Girish Kalla,TS028,Male,8,89.5,83,88,83,Medium,11.7,No,Graduate,15,0
ST03777,Samar Saran,TS402,Female,7,83.2,89,89,86,Medium,4.2,Yes,Secondary,17,0
ST03778,Parth Badami,TS228,Female,6,75.2,65,70,63,Medium,4.1,Yes,Graduate,13,0
ST03779,Kabir Vyas,TS358,Female,9,49.4,58,53,58,Low,2.1,Yes,Primary,12,1
ST03780,Unni Loyal,TS096,Male,8,45.3,53,56,55,High,1.4,Yes,Graduate,13,0
ST03781,Om Rai,TS329,Female,6,85.8,79,87,87,Medium,0.8,Yes,Secondary,4,0
ST03782,Anthony Nazareth,TS005,Male,7,46.5,43,43,32,Medium,10.6,No,Primary,13,1
ST03783,Chaaya Upadhyay,TS230,Female,6,84.9,74,86,74,Low,7.4,Yes,Secondary,14,0
ST03784,Niharika Iyengar,TS451,Female,10,59.7,62,50,59,Medium,1.7,Yes,Primary,19,1
ST03785,Chakrika Kohli,TS213,Male,7,93.3,89,95,81,Medium,1.6,Yes,Primary,19,0
ST03786,Isaac Sridhar,TS372,Male,6,73.5,80,63,64,Medium,4.2,Yes,Primary,6,0
ST03787,Amol Pal,TS166,Female,9,54.4,49,43,44,Low,8.7,Yes,Primary,25,1
ST03788,Sanya Natt,TS103,Female,6,70.1,69,70,59,Medium,6.5,Yes,Primary,5,0
ST03789,Osha Mani,TS342,Female,8,89.8,78,86,91,Medium,2.3,Yes,Primary,12,0
ST03790,Chakradev Bera,TS247,Male,8,85.3,90,89,72,Low,11.1,Yes,Secondary,7,0
ST03791,Daksha Pillay,TS331,Male,6,46.8,57,56,49,Medium,9.9,Yes,Secondary,20,1
ST03792,Oni Barman,TS402,Female,7,69.5,71,79,72,High,3.1,Yes,Primary,13,0
ST03793,Shivansh Parmer,TS207,Female,8,52.5,56,67,51,High,5.3,Yes,Secondary,17,1
ST03794,Xavier Aurora,TS073,Male,10,54.3,57,55,56,High,4.2,No,None,25,1
ST03795,Chatresh Manne,TS122,Male,10,90.5,89,77,90,Low,3.6,No,Primary,11,0
ST03796,Teerth Shetty,TS306,Male,10,91.7,85,84,83,Low,4.3,Yes,Secondary,11,0
ST03797,Rajeshri Bora,TS475,Female,9,79.8,86,82,74,Medium,8.5,Yes,Secondary,15,0
ST03798,Eiravati Mody,TS249,Male,6,90.7,87,81,95,Medium,9.2,Yes,Secondary,23,0
ST03799,Oscar Behl,TS344,Male,8,97.0,93,99,93,Medium,10.9,Yes,Primary,27,0
ST03800,Widisha Tara,TS400,Female,9,62.6,67,53,51,Low,9.0,Yes,None,20,1
ST03801,Jacob Raval,TS244,Male,10,93.8,99,85,96,Low,8.2,Yes,Secondary,28,1
ST03802,Zayyan Jani,TS164,Male,7,95.8,88,92,98,Low,2.6,Yes,Secondary,16,0
ST03803,Girindra De,TS451,Male,8,73.4,81,71,76,Low,5.0,Yes,Primary,25,0
ST03804,Falak Loke,TS107,Male,8,45.2,52,36,46,Low,4.1,Yes,Secondary,14,1
ST03805,Noah Karpe,TS385,Female,8,77.1,76,67,78,Medium,5.9,Yes,Secondary,18,0
ST03806,Alexander Kibe,TS481,Male,6,64.0,49,61,50,Low,6.6,No,Graduate,16,1
ST03807,Praneel Barad,TS052,Female,6,54.5,54,52,49,Low,5.9,No,Secondary,11,1
ST03808,Triya Bora,TS198,Female,9,53.4,40,46,38,Low,5.7,No,Primary,29,1
ST03809,Wahab Dhar,TS059,Female,10,84.7,88,81,88,High,8.6,No,Graduate,0,0
ST03810,Chaitanya Johal,TS193,Male,9,58.8,50,49,64,Medium,10.6,Yes,Secondary,5,0
ST03811,Ira Sandal,TS214,Male,6,95.0,99,90,99,Low,5.1,Yes,None,8,0
ST03812,Hamsini Goyal,TS269,Female,8,94.0,76,91,93,Low,11.5,No,Primary,2,0
ST03813,Nicholas Dugar,TS162,Female,6,82.0,72,80,86,Medium,1.8,Yes,Primary,18,0
ST03814,Dayita Garde,TS267,Male,8,96.0,99,99,89,Low,1.6,Yes,None,13,0
ST03815,Zashil Natt,TS186,Female,6,67.9,64,56,70,Medium,11.1,Yes,Secondary,14,0
ST03816,Chaitaly Reddy,TS454,Male,10,74.3,75,73,79,Low,1.2,Yes,Primary,3,0
ST03817,Adweta Badami,TS184,Female,7,94.8,79,76,88,Low,10.5,No,None,17,1
ST03818,Warhi Bera,TS387,Male,10,85.9,87,75,81,Medium,6.0,No,Secondary,30,0
ST03819,Naksh Korpal,TS473,Male,7,72.1,69,69,63,Medium,11.3,No,Secondary,21,0
ST03820,Veda Bansal,TS409,Female,9,90.1,95,79,91,Medium,1.7,Yes,Graduate,19,0
ST03821,Vrishti Gokhale,TS214,Male,7,86.4,72,71,67,Medium,9.9,No,None,23,0
ST03822,Rehaan Kar,TS090,Female,6,82.5,89,70,73,Low,6.9,Yes,Graduate,12,0
ST03823,Arya Parmer,TS417,Male,8,88.8,89,88,77,Low,11.2,Yes,Primary,15,0
ST03824,Zashil Parikh,TS358,Female,6,69.2,54,59,60,Low,6.7,No,Secondary,1,1
ST03825,Unnati Nagy,TS404,Female,8,59.1,46,57,62,Low,1.6,No,Primary,10,1
ST03826,Wriddhish Bajwa,TS369,Male,8,74.9,78,74,73,Medium,1.7,Yes,Primary,24,0
ST03827,Rachit Behl,TS360,Male,10,79.9,66,69,86,Medium,4.2,Yes,Primary,28,0
ST03828,Chaitaly Soni,TS041,Male,8,69.1,59,73,71,Low,9.1,Yes,None,13,1
ST03829,Gaurangi Parsa,TS219,Female,6,64.9,55,63,67,Low,9.4,No,Graduate,0,1
ST03830,Ayush Palla,TS425,Male,9,58.5,55,57,51,Low,10.2,No,Secondary,29,1
ST03831,Chanakya Karan,TS390,Female,9,94.5,89,97,87,Medium,11.1,Yes,Primary,14,0
ST03832,Nakul Raghavan,TS234,Female,8,85.9,80,78,77,Medium,11.7,Yes,Secondary,13,0
ST03833,Umang Soman,TS144,Male,8,73.0,80,69,62,Low,11.4,Yes,None,24,1
ST03834,Bhanumati Iyengar,TS437,Female,10,71.4,57,69,68,Medium,9.0,No,Secondary,18,0
ST03835,Jai Chada,TS153,Male,7,58.6,53,54,56,Medium,11.5,Yes,None,24,1
ST03836,Niharika Khosla,TS342,Female,8,50.4,46,49,60,Medium,7.0,Yes,Primary,28,1
ST03837,Qasim Thaker,TS453,Male,6,66.8,57,55,53,Medium,11.9,No,None,17,1
ST03838,Zayan Kumer,TS496,Male,8,45.4,40,52,48,Medium,7.6,Yes,Primary,22,1
ST03839,Dhriti Pandey,TS094,Male,6,96.5,92,98,92,Low,7.3,Yes,Secondary,4,0
ST03840,Chakradhar Sathe,TS450,Male,6,84.5,76,76,82,Medium,3.0,Yes,Primary,5,0
ST03841,Girindra Bose,TS145,Male,6,88.0,83,81,74,Low,2.7,Yes,Graduate,15,0
ST03842,Eshana Hari,TS309,Female,10,67.7,68,71,63,Low,6.2,Yes,Secondary,18,1
ST03843,Yashodhara Swaminathan,TS236,Female,6,60.0,50,58,60,Low,8.0,Yes,Secondary,11,1
ST03844,Jonathan Patla,TS285,Female,9,91.8,83,91,88,Low,7.8,Yes,Primary,30,1
ST03845,Vedhika Sethi,TS460,Male,10,67.2,57,51,50,Low,10.9,No,Primary,11,1
ST03846,Mitali Dhar,TS249,Female,9,90.1,74,74,78,Low,2.5,No,Primary,21,1
ST03847,Gaurang Lanka,TS491,Female,7,62.6,58,70,61,Medium,6.4,Yes,None,0,0
ST03848,Dalaja Subramaniam,TS077,Male,7,47.5,37,51,53,Low,6.2,Yes,Primary,29,1
ST03849,Samuel Sankar,TS106,Male,6,52.8,42,62,48,Medium,6.7,Yes,None,5,1
ST03850,Rishi Yadav,TS108,Female,9,83.7,70,83,80,Low,10.7,Yes,Secondary,0,0
ST03851,Bhavani Sehgal,TS180,Female,9,58.5,48,47,59,Low,2.2,Yes,Primary,11,1
ST03852,Girish Goel,TS087,Female,8,47.9,46,45,46,Medium,1.7,Yes,Primary,25,1
ST03853,Udant Dass,TS298,Female,9,77.4,82,65,67,Medium,8.0,Yes,Graduate,7,0
ST03854,Jatin Choudhry,TS403,Male,9,91.8,96,83,91,High,4.4,Yes,Primary,21,0
ST03855,Ijaya Patil,TS018,Female,8,46.1,55,36,55,Low,9.8,Yes,Primary,2,1
ST03856,Dakshesh Wason,TS133,Female,7,64.8,56,56,63,Medium,2.3,Yes,None,1,0
ST03857,Veer Pathak,TS152,Male,8,54.2,59,62,60,High,5.4,Yes,Primary,24,1
ST03858,Timothy Chaudry,TS407,Female,9,51.0,48,55,42,Low,5.4,Yes,Secondary,25,1
ST03859,Bahadurjit Baral,TS445,Female,8,79.4,68,70,78,Low,8.7,Yes,Primary,16,1
ST03860,Aarush Palla,TS037,Male,9,67.4,56,73,57,Medium,9.2,Yes,Secondary,10,0
ST03861,Nirja Shan,TS317,Male,6,55.2,47,52,57,Medium,11.7,No,Primary,18,1
ST03862,Benjamin Hans,TS020,Male,7,84.6,83,85,77,Medium,8.7,Yes,Secondary,12,0
ST03863,Kala Bawa,TS482,Female,7,73.2,66,64,62,Low,5.6,No,None,22,1
ST03864,Onveer Vaidya,TS368,Female,10,89.6,74,84,83,Medium,3.2,No,Primary,4,0
ST03865,Max Saha,TS155,Male,10,47.4,55,37,43,Low,5.4,Yes,Primary,7,1
ST03866,Chasmum Seshadri,TS403,Female,8,97.8,97,99,99,High,4.9,Yes,Secondary,25,0
ST03867,Viraj Seth,TS478,Male,8,76.1,83,75,69,Medium,3.6,Yes,Secondary,22,0
ST03868,Nilima Bora,TS066,Male,9,60.1,64,58,56,Low,11.2,Yes,Primary,8,1
ST03869,Arunima Mohanty,TS052,Male,7,96.2,91,85,99,Low,3.3,Yes,Primary,12,0
ST03870,Nihal Sur,TS036,Female,10,87.4,90,81,91,Medium,8.2,Yes,Secondary,1,0
ST03871,Chavvi Wali,TS198,Male,9,50.8,38,46,41,Medium,9.5,No,Graduate,1,1
ST03872,Vedika Bawa,TS483,Female,10,88.1,81,84,88,Medium,0.9,Yes,Secondary,30,0
ST03873,Finn Ramaswamy,TS071,Female,7,83.7,86,87,71,Low,4.0,Yes,Secondary,0,0
ST03874,Xalak Kota,TS047,Male,7,95.5,99,96,99,High,9.0,Yes,None,3,0
ST03875,Kevin Chakraborty,TS201,Female,9,76.0,87,78,69,High,1.7,Yes,Secondary,2,0
ST03876,Urvi Sem,TS103,Female,6,68.0,64,56,59,Low,8.6,Yes,Graduate,4,1
ST03877,Bhavna Sandal,TS103,Female,7,72.5,76,85,75,High,3.7,Yes,Secondary,29,0
ST03878,Kashish Tailor,TS104,Female,7,83.1,79,77,77,Medium,10.7,Yes,None,8,0
ST03879,Ridhi Venkatesh,TS254,Male,6,82.8,76,69,75,Medium,8.5,No,Secondary,24,0
ST03880,Amol Gandhi,TS009,Male,8,75.2,75,59,71,Low,1.0,No,Secondary,9,0
ST03881,Urvashi Wadhwa,TS380,Female,7,84.5,75,88,90,High,1.8,No,Secondary,1,0
ST03882,Tejas Bir,TS020,Male,9,60.1,52,51,51,Medium,10.8,Yes,Secondary,6,0
ST03883,Bina Butala,TS376,Female,9,81.1,65,75,72,Medium,7.4,No,None,0,0
ST03884,Karan Tara,TS375,Male,9,54.9,62,64,63,High,11.0,Yes,Graduate,23,1
ST03885,Chavvi Pillai,TS192,Female,7,59.6,62,63,55,High,7.5,Yes,Primary,6,0
ST03886,Yug Bajaj,TS251,Female,6,62.8,65,63,50,Medium,2.1,No,Secondary,20,1
ST03887,Ranveer Chand,TS194,Male,10,71.3,79,77,64,Low,7.5,Yes,Primary,19,1
ST03888,Rishi Mohanty,TS201,Female,10,74.8,78,78,68,Low,6.4,Yes,Primary,12,0
ST03889,Yadavi Gera,TS250,Female,9,50.2,46,54,55,Low,4.8,No,None,15,1
ST03890,Charles Pal,TS182,Male,6,70.2,73,60,67,Medium,3.5,Yes,Primary,11,0
ST03891,Alka Vyas,TS420,Male,6,85.3,87,72,86,Medium,7.6,Yes,Primary,12,0
ST03892,Aarna Sharma,TS120,Female,7,93.7,87,94,88,Low,4.6,Yes,Graduate,23,0
ST03893,Nidra Prasad,TS135,Female,9,50.5,40,53,50,Medium,3.3,Yes,Primary,21,1
ST03894,Warinder Suresh,TS114,Male,8,91.8,82,90,76,Medium,6.4,No,Primary,2,0
ST03895,Gaurika Sethi,TS457,Female,10,50.0,47,65,49,High,11.9,Yes,Secondary,9,0
ST03896,Vasudha Sachar,TS056,Female,8,79.8,72,69,81,Medium,4.2,No,Graduate,8,0
ST03897,Faris Basak,TS379,Male,10,93.5,85,89,87,Low,2.7,Yes,Primary,17,0
ST03898,Qarin Sarna,TS231,Male,10,47.8,49,57,51,Low,4.6,Yes,Primary,23,1
ST03899,Chaaya Badami,TS500,Male,7,95.2,81,88,88,Medium,2.1,Yes,Secondary,20,0
ST03900,Pavani Sarkar,TS394,Male,8,66.8,61,59,56,Medium,7.2,Yes,Primary,25,1
ST03901,Ojasvi Kunda,TS395,Female,6,77.5,66,72,67,Medium,11.6,Yes,Graduate,6,0
ST03902,Abdul Raja,TS460,Female,10,84.9,89,75,87,High,5.2,No,Secondary,30,0
ST03903,Falan Singh,TS435,Male,8,55.0,54,41,46,Low,7.7,No,Primary,16,1
ST03904,Chanchal Manda,TS242,Male,10,63.5,53,49,48,Low,11.5,No,Primary,10,1
ST03905,Kamya Chaudhuri,TS106,Female,6,60.8,59,53,61,Low,7.2,Yes,Secondary,9,1
ST03906,Girindra Solanki,TS461,Female,8,46.9,51,52,35,Medium,2.5,No,Secondary,23,1
ST03907,Waida Raju,TS152,Female,7,47.0,47,51,57,Low,9.5,Yes,Primary,16,1
ST03908,Upma Mitter,TS065,Male,6,62.0,54,69,51,Medium,1.1,Yes,Secondary,17,1
ST03909,Thomas Chada,TS075,Female,7,74.4,71,73,78,Low,2.1,Yes,Secondary,23,0
ST03910,Joshua Hans,TS244,Male,9,83.7,88,82,81,Low,6.6,Yes,Primary,18,0
ST03911,Chandani Mahajan,TS332,Female,9,52.4,56,48,37,Medium,10.3,No,Graduate,13,1
ST03912,Jyoti Din,TS086,Male,7,58.7,50,52,56,Medium,10.6,Yes,Primary,28,1
ST03913,Zayan Zacharia,TS342,Female,7,66.2,62,72,66,High,1.3,Yes,None,6,0
ST03914,Hitesh Mittal,TS071,Female,9,74.6,74,70,69,Low,3.2,Yes,Secondary,11,0
ST03915,Gaurangi Mangat,TS461,Female,9,82.4,80,89,86,Low,9.1,Yes,Secondary,29,1
ST03916,Jhalak Tata,TS112,Female,6,70.5,78,69,75,High,3.1,No,Secondary,29,0
ST03917,Dhruv Raja,TS207,Male,8,70.9,67,73,53,Low,2.4,No,Primary,2,0
ST03918,Quincy Nigam,TS021,Female,6,65.7,56,60,54,Low,6.9,No,Secondary,30,1
ST03919,Ijaya Chowdhury,TS193,Male,9,85.3,74,85,79,Medium,11.9,Yes,Primary,19,0
ST03920,Ryan Lad,TS251,Male,10,55.6,51,57,56,Low,7.4,Yes,None,25,1
ST03921,Anya Toor,TS438,Male,9,64.0,67,71,62,Medium,4.8,Yes,Secondary,18,1
ST03922,Eshana Mander,TS469,Female,7,48.6,53,49,62,High,5.5,Yes,Secondary,22,1
ST03923,Yug Sarkar,TS310,Female,7,48.7,50,36,46,Low,9.7,No,Primary,8,1
ST03924,Adweta Issac,TS290,Female,9,92.6,88,86,91,Low,8.3,Yes,Primary,4,0
ST03925,Kiaan Shankar,TS420,Female,9,64.7,53,55,53,Medium,10.5,No,Secondary,1,1
ST03926,Parth Raja,TS381,Male,9,89.0,94,78,79,Low,1.2,Yes,Primary,22,0
ST03927,Quincy Nadig,TS458,Male,9,77.6,66,66,83,Medium,4.6,Yes,Primary,27,0
ST03928,Christopher Choudhary,TS449,Male,8,56.6,55,53,50,Low,5.7,Yes,None,20,1
ST03929,Nihal Goel,TS420,Female,7,70.7,65,64,63,Low,8.4,Yes,Primary,14,0
ST03930,Gaurang Kannan,TS050,Female,9,72.3,61,62,69,Medium,4.4,Yes,Primary,24,0
ST03931,Jeet Chand,TS132,Male,6,63.2,56,58,52,Low,5.5,Yes,Secondary,7,1
ST03932,Maya Amble,TS158,Female,7,61.8,52,54,64,Low,8.0,Yes,Secondary,25,1
ST03933,Tanish Salvi,TS072,Male,7,67.4,58,65,66,Medium,6.8,Yes,Primary,9,0
ST03934,Manthan Doctor,TS440,Male,7,89.0,93,81,97,High,6.4,Yes,Secondary,6,0
ST03935,Ishani Khosla,TS083,Female,8,72.6,76,82,82,High,4.7,Yes,Secondary,10,0
ST03936,Divya Deshpande,TS148,Male,6,96.5,99,86,95,Medium,5.2,Yes,Secondary,12,0
ST03937,Yachana Ghosh,TS295,Female,9,92.1,72,82,81,Low,4.9,No,None,24,1
ST03938,Falguni Date,TS256,Female,8,90.0,76,91,77,Medium,2.4,Yes,None,19,0
ST03939,Sai Hora,TS301,Male,10,54.2,48,57,50,Low,11.6,Yes,Secondary,6,1
ST03940,Mitesh Dugar,TS237,Female,10,71.5,62,61,63,Medium,4.5,Yes,Primary,25,0
ST03941,Pahal Dugal,TS311,Female,8,71.4,63,73,60,Medium,6.1,Yes,Primary,27,0
ST03942,Ryan Kalita,TS143,Male,8,48.2,43,52,40,Low,4.0,Yes,Secondary,17,1
ST03943,Chatresh Kale,TS252,Male,10,76.6,60,70,67,Medium,2.2,No,Secondary,16,0
ST03944,Aahana Salvi,TS001,Male,9,73.6,77,66,65,Low,9.2,Yes,Secondary,19,1
ST03945,Yadavi Rao,TS094,Male,8,78.1,71,81,69,Medium,9.6,Yes,None,20,0
ST03946,Upasna Johal,TS191,Female,9,59.6,56,65,68,High,4.7,Yes,None,9,0
ST03947,Banjeet Sekhon,TS130,Female,8,97.2,99,97,98,Low,5.5,Yes,Secondary,8,0
ST03948,Unnati Brahmbhatt,TS140,Female,9,90.7,74,85,90,Low,1.0,No,Primary,18,1
ST03949,Deepa Hayer,TS243,Female,6,78.7,63,61,67,Medium,3.7,No,Primary,28,0
ST03950,Yuvraj Varkey,TS494,Male,8,68.9,65,69,62,Low,1.2,Yes,Secondary,21,1
ST03951,Harsh Deol,TS029,Male,6,96.1,83,93,87,Medium,5.3,Yes,Secondary,10,0
ST03952,Pranav Kara,TS424,Male,10,65.3,50,62,58,Medium,5.1,No,Graduate,0,0
ST03953,Rishi Patla,TS485,Female,7,49.3,52,49,42,Medium,4.9,Yes,None,27,1
ST03954,Neha Ray,TS176,Female,7,61.4,65,58,70,Medium,4.2,Yes,Secondary,26,1
ST03955,Rudra Vasa,TS336,Male,6,64.1,67,53,53,High,11.2,No,Secondary,1,1
ST03956,Sneha Kota,TS056,Male,9,64.3,52,54,72,Low,1.1,Yes,Primary,2,1
ST03957,Reva Shere,TS062,Female,8,51.7,60,44,53,Medium,5.8,Yes,Primary,24,1
ST03958,Nandini Vyas,TS252,Female,8,52.6,51,48,56,Medium,9.9,No,Secondary,12,1
ST03959,Ranveer Deo,TS500,Female,8,74.5,75,74,69,Medium,7.9,Yes,Primary,19,0
ST03960,Guneet Rattan,TS229,Female,9,79.3,90,85,89,High,3.4,Yes,Primary,6,0
ST03961,Hritik Tella,TS479,Female,7,77.9,76,79,80,Medium,5.2,Yes,Secondary,23,0
ST03962,Jagat Sama,TS182,Male,9,54.2,53,43,45,Medium,2.3,No,None,3,0
ST03963,Nihal Dhawan,TS101,Male,6,91.4,73,77,87,Medium,11.2,No,Primary,16,0
ST03964,Nikita Borde,TS157,Male,7,60.5,64,57,60,Medium,2.1,Yes,Primary,17,1
ST03965,Nicholas Agarwal,TS061,Female,9,72.3,70,72,76,Low,3.1,Yes,Graduate,12,0
ST03966,Yashawini Bala,TS395,Male,9,91.3,93,81,88,Medium,10.6,Yes,Primary,14,0
ST03967,Lakshit Bava,TS219,Female,10,95.8,85,99,90,Medium,1.4,Yes,Primary,12,0
ST03968,Widisha Chaudhry,TS015,Female,7,82.4,71,72,76,Low,10.0,Yes,None,10,0
ST03969,Jyoti Radhakrishnan,TS377,Male,8,54.8,55,63,61,High,2.8,Yes,None,14,0
ST03970,Urmi Mohan,TS004,Female,6,67.5,66,65,59,Medium,1.9,No,Secondary,12,0
ST03971,Madhavi Kurian,TS312,Male,8,75.3,65,65,64,Low,4.7,Yes,Primary,4,0
ST03972,Nilima Yadav,TS481,Female,6,83.3,84,84,75,Medium,7.5,Yes,Primary,22,0
ST03973,Omaja Khalsa,TS233,Female,9,47.2,56,52,52,Medium,7.3,Yes,Secondary,24,1
ST03974,Vidhi Hegde,TS340,Male,9,63.9,68,60,66,Low,8.5,Yes,None,7,1
ST03975,Michael Mahal,TS008,Male,8,56.6,51,49,43,Medium,11.0,No,Primary,20,1
ST03976,Kiaan Natt,TS047,Female,9,86.2,83,72,80,Low,5.0,No,Secondary,29,1
ST03977,Rudra Rajagopal,TS408,Male,7,57.0,55,61,47,Low,6.0,Yes,Graduate,27,1
ST03978,Deepa Randhawa,TS403,Male,10,82.0,92,74,79,High,10.7,Yes,Graduate,14,0
ST03979,Michael Handa,TS119,Female,7,91.0,85,78,84,Low,0.8,Yes,Primary,18,0
ST03980,Megha Merchant,TS002,Female,9,95.9,89,91,95,Medium,11.8,No,None,30,0
ST03981,Jhalak Swaminathan,TS220,Male,7,90.9,86,83,83,Medium,6.2,No,Primary,21,0
ST03982,Bhavna Kumar,TS126,Female,8,59.2,63,50,55,Medium,1.8,No,Primary,10,0
ST03983,Gaurika Bala,TS470,Female,6,93.8,96,96,98,Low,11.8,Yes,Primary,1,0
ST03984,Ekta Golla,TS381,Female,7,51.6,41,53,45,High,1.4,No,Graduate,4,1
ST03985,Upma Thakkar,TS446,Male,7,64.7,68,62,53,Low,4.5,Yes,Primary,5,1
ST03986,Hemangini Divan,TS151,Female,8,93.2,92,81,88,Low,9.2,No,None,29,1
ST03987,Bimala Dyal,TS301,Female,10,74.3,57,56,70,Low,5.8,No,Graduate,26,1
ST03988,Kiaan Kari,TS199,Female,9,89.6,90,76,90,Low,10.8,Yes,Secondary,4,0
ST03989,Gauri Chada,TS210,Male,9,60.6,65,51,62,Low,6.1,Yes,Secondary,8,1
ST03990,Libni Yadav,TS034,Female,8,91.7,73,82,91,Low,3.0,No,Primary,27,1
ST03991,Vinaya Grewal,TS451,Male,8,89.1,90,80,74,Medium,5.2,No,Secondary,12,0
ST03992,Tanvi Balan,TS242,Male,6,55.4,44,63,54,Medium,7.6,Yes,Secondary,10,1
ST03993,Mohini Taneja,TS171,Female,7,88.8,82,93,78,Low,7.2,Yes,Primary,30,1
ST03994,Kabir Mishra,TS172,Female,8,75.1,70,79,77,Low,8.0,Yes,Secondary,9,0
ST03995,Ladli Banerjee,TS345,Male,6,56.9,58,61,56,Medium,8.3,Yes,Primary,18,1
ST03996,Januja Setty,TS182,Female,6,83.5,78,82,84,Low,6.8,No,Graduate,17,1
ST03997,Aadhya Chowdhury,TS404,Female,8,93.1,89,97,81,Medium,10.4,Yes,Graduate,29,0
ST03998,Bhavika Sampath,TS170,Male,6,47.5,53,41,42,Low,1.4,Yes,Secondary,14,1
ST03999,Ijaya Sawhney,TS034,Male,6,80.6,86,86,74,High,3.6,Yes,Secondary,7,0
ST04000,Charles Palla,TS325,Male,6,47.2,32,49,50,Medium,9.9,No,Graduate,7,1
ST04001,Fariq Karnik,TS105,Female,6,74.5,72,74,78,Low,11.3,Yes,Secondary,28,1
ST04002,Aarna Patla,TS288,Male,10,70.9,62,64,61,Low,9.6,No,Secondary,19,1
ST04003,Charan Kota,TS240,Male,9,96.3,85,98,90,Medium,6.9,Yes,Graduate,12,0
ST04004,Rayaan Palan,TS412,Male,7,74.7,69,62,79,Low,7.7,Yes,Secondary,20,1
ST04005,Keya Randhawa,TS171,Male,8,81.0,71,68,62,Medium,5.6,No,None,13,0
ST04006,Zashil Vasa,TS240,Male,6,97.9,99,92,96,High,2.2,Yes,Primary,22,0
ST04007,Mitali Walla,TS373,Female,7,75.1,79,82,62,Low,1.8,Yes,None,30,0
ST04008,Nandini Acharya,TS006,Male,6,62.9,57,60,71,Low,11.0,Yes,Primary,21,1
ST04009,Osha De,TS187,Female,7,59.0,54,67,54,Low,8.1,Yes,Primary,22,1
ST04010,Bhavika Sankaran,TS007,Male,7,67.0,56,55,73,Low,10.9,Yes,Graduate,30,1
ST04011,Ronith Kohli,TS041,Female,10,57.4,51,49,59,Medium,9.2,Yes,Primary,28,1
ST04012,Vedhika Dey,TS162,Male,7,45.4,32,44,37,Medium,8.5,No,Secondary,3,1
ST04013,Azaan Babu,TS242,Male,9,61.5,47,48,55,Medium,7.7,No,Primary,17,1
ST04014,Chakrika Chaudry,TS481,Male,6,93.6,95,94,87,Medium,0.9,Yes,Primary,14,0
ST04015,Falguni Bhavsar,TS199,Male,10,78.0,73,76,69,Medium,0.9,Yes,Primary,23,0
ST04016,Sai Wali,TS499,Male,9,97.4,97,89,97,Medium,6.9,Yes,Secondary,1,0
ST04017,Yashoda Madan,TS357,Male,8,47.8,49,41,46,Low,5.2,No,Primary,13,1
ST04018,Onkar Sundaram,TS134,Female,6,90.8,77,79,80,Medium,7.6,No,Graduate,2,0
ST04019,David Zacharia,TS019,Female,8,54.7,58,46,47,Medium,8.4,Yes,Primary,8,0
ST04020,Upkaar Dara,TS106,Female,9,72.0,60,68,78,Medium,8.9,Yes,Secondary,2,0
ST04021,Libni Dhillon,TS177,Female,6,53.5,58,58,60,High,8.1,No,Graduate,7,1
ST04022,Sara Palla,TS060,Female,8,68.8,58,61,68,Low,7.2,Yes,Primary,12,1
ST04023,Harrison Chopra,TS321,Female,7,64.8,64,49,57,Medium,8.5,No,Primary,2,1
ST04024,Jasmit Dani,TS091,Female,6,49.7,50,49,52,High,1.6,Yes,Secondary,9,0
ST04025,Adweta Batta,TS314,Male,6,83.0,80,78,78,Low,1.5,Yes,Secondary,21,0
ST04026,Raagini Brar,TS355,Female,8,87.3,82,74,86,Medium,0.9,Yes,None,13,0
ST04027,Praneel Varkey,TS026,Female,9,77.4,80,73,79,Medium,10.0,Yes,Primary,18,0
ST04028,Yauvani Devi,TS101,Male,6,90.1,86,91,88,Medium,4.8,Yes,Secondary,13,0
ST04029,Vivaan Narasimhan,TS140,Female,8,64.1,62,69,56,Medium,7.2,Yes,Primary,11,0
ST04030,Turvi Sarkar,TS330,Female,9,93.4,84,83,97,Medium,5.3,Yes,Graduate,7,0
ST04031,Vanya Bera,TS008,Male,6,69.5,72,66,70,Low,6.4,No,Primary,23,1
ST04032,Zarna Natarajan,TS033,Female,6,86.7,79,77,84,Medium,5.6,No,Secondary,27,0
ST04033,Yashawini Walla,TS168,Male,6,49.0,55,40,50,Low,5.2,Yes,Secondary,22,1
ST04034,Yashasvi Shukla,TS159,Male,6,70.5,62,72,77,Medium,4.4,Yes,Graduate,22,0
ST04035,Janani Arora,TS225,Male,10,45.8,44,51,56,Low,10.5,Yes,None,25,1
ST04036,Zehaan Pillay,TS359,Female,10,49.1,36,46,49,Medium,11.4,No,None,30,1
ST04037,Nicholas Pillay,TS016,Female,10,66.3,60,78,61,High,4.5,Yes,Secondary,27,1
ST04038,Eesha Bail,TS291,Male,9,97.2,93,99,90,Medium,5.0,Yes,Primary,22,0
ST04039,Advika Gola,TS353,Male,10,93.1,85,82,84,Low,2.2,Yes,Secondary,19,0
ST04040,Ranveer Badami,TS401,Male,10,55.3,52,51,51,Low,5.8,Yes,Primary,4,1
ST04041,Zansi Rajagopal,TS424,Female,10,86.6,68,77,69,Low,11.2,No,Secondary,14,0
ST04042,Gauri Behl,TS401,Female,8,74.5,67,79,73,Low,8.0,Yes,Secondary,8,0
ST04043,Warjas Sami,TS088,Female,9,65.8,55,55,58,Low,4.8,Yes,Graduate,9,1
ST04044,Bhavika Wason,TS454,Male,8,70.3,73,69,75,High,7.2,Yes,Secondary,12,0
ST04045,Yuvraj Loke,TS453,Male,10,87.7,80,78,82,Low,4.2,Yes,Secondary,22,0
ST04046,Vasana Luthra,TS142,Male,6,93.8,77,79,87,Medium,5.3,No,None,1,0
ST04047,Viraj Golla,TS184,Male,7,48.7,54,42,58,Low,5.5,Yes,Primary,23,1
ST04048,Rachana Kalita,TS314,Female,8,67.5,65,57,71,Low,4.0,Yes,Secondary,27,1
ST04049,Fariq Balay,TS130,Female,7,46.5,46,39,50,Medium,10.4,Yes,Primary,14,0
ST04050,Pranit Anne,TS401,Male,6,60.3,73,54,66,High,0.9,Yes,Secondary,17,1
ST04051,Upkaar Shankar,TS351,Female,10,72.2,66,70,71,Low,10.8,Yes,Graduate,14,0
ST04052,Hemangini Kapoor,TS057,Female,10,60.8,65,54,60,Medium,11.2,Yes,Secondary,27,1
ST04053,Warda Gara,TS359,Male,8,64.1,70,61,54,Low,4.8,Yes,Secondary,11,1
ST04054,Amara Chahal,TS248,Male,10,59.6,43,47,57,Low,7.2,No,Graduate,16,1
ST04055,Samar Agate,TS168,Male,9,68.8,66,73,69,Low,6.7,Yes,Secondary,25,1
ST04056,Ranveer Sridhar,TS181,Male,6,46.7,43,46,50,Low,9.8,Yes,Primary,3,1
ST04057,Teerth Lall,TS205,Female,10,90.5,96,79,89,Low,3.3,Yes,Primary,10,0
ST04058,Hiral Bail,TS054,Male,9,72.3,57,74,72,Medium,6.4,No,Primary,15,0
ST04059,Faras Khosla,TS289,Male,9,97.8,99,84,98,Low,10.0,Yes,Secondary,25,1
ST04060,Ria Sunder,TS155,Male,10,60.0,69,67,67,High,7.2,Yes,Primary,26,1
ST04061,Jacob Pingle,TS249,Male,8,84.1,72,81,72,Low,4.1,Yes,Primary,23,0
ST04062,Bahadurjit Natarajan,TS015,Female,8,75.8,73,65,75,Low,7.6,Yes,None,28,1
ST04063,Bakhshi Sandhu,TS299,Female,8,45.7,48,38,55,Low,2.2,Yes,Primary,16,1
ST04064,Onkar Raj,TS242,Male,6,76.8,78,65,60,Medium,2.2,No,Secondary,4,0
ST04065,Veer Ghosh,TS114,Female,7,52.4,40,46,42,Low,5.6,No,None,21,1
ST04066,Rishi Dutta,TS378,Female,9,48.0,41,41,41,Medium,12.0,Yes,Primary,17,1
ST04067,Wahab Bandi,TS246,Female,8,92.3,90,96,89,Low,5.7,Yes,None,5,0
ST04068,Balvan Parmer,TS190,Male,8,74.3,67,77,77,Medium,4.8,Yes,None,26,0
ST04069,Megha Arya,TS239,Female,8,66.3,60,59,57,Low,7.3,No,Secondary,16,1
ST04070,Aadi Koshy,TS082,Female,9,72.6,63,70,60,Low,1.8,Yes,Primary,13,0
ST04071,Veer Padmanabhan,TS189,Female,8,84.4,79,88,77,Medium,5.6,Yes,Secondary,2,0
ST04072,Brinda Sethi,TS119,Female,8,84.7,90,74,84,Medium,3.0,Yes,Secondary,3,0
ST04073,Vedika Narayan,TS024,Male,8,74.7,69,69,67,Medium,4.6,Yes,Secondary,11,0
ST04074,Urvi Subramanian,TS251,Female,6,75.7,64,70,76,Medium,8.0,Yes,Primary,25,0
ST04075,Hiral Chowdhury,TS024,Female,9,65.6,61,63,66,Low,5.6,Yes,Secondary,20,1
ST04076,Alka Kulkarni,TS229,Male,6,63.1,52,54,52,Medium,7.2,Yes,Graduate,11,0
ST04077,Nidhi Bera,TS248,Male,8,73.9,72,72,73,Medium,11.0,Yes,Primary,0,0
ST04078,Nilima Sama,TS096,Male,8,73.4,69,74,77,Medium,1.7,Yes,None,5,0
ST04079,Lakshmi Nazareth,TS356,Female,7,96.6,98,98,94,Medium,2.6,Yes,Primary,13,0
ST04080,Arjun Pandya,TS159,Female,7,91.7,92,91,96,High,4.5,No,Secondary,0,0
ST04081,Dayamai Vaidya,TS339,Female,9,61.0,52,69,59,Low,2.4,Yes,Primary,26,1
ST04082,Chakrika Sangha,TS340,Male,7,60.6,65,56,70,High,1.4,Yes,None,14,0
ST04083,Chaaya Hayer,TS102,Male,8,94.2,92,82,80,Low,5.7,No,Primary,26,1
ST04084,Kevin Varma,TS141,Male,6,79.6,84,76,73,Low,3.1,Yes,Primary,9,0
ST04085,Nihal Nayak,TS121,Male,8,75.2,58,63,73,Low,7.3,No,Primary,22,1
ST04086,Nidhi Wable,TS439,Male,6,52.8,55,57,59,Low,2.3,Yes,Secondary,20,1
ST04087,Yauvani Khalsa,TS116,Male,10,46.6,31,47,47,Medium,7.2,No,Primary,14,1
ST04088,Neelima Vohra,TS321,Male,7,56.7,55,65,57,Medium,2.8,Yes,Secondary,12,0
ST04089,Aadi Bansal,TS035,Female,9,70.6,79,65,63,High,1.3,Yes,Primary,11,0
ST04090,Brinda Saraf,TS017,Male,7,56.5,65,64,48,Low,2.0,Yes,Primary,26,1
ST04091,Anjali Chatterjee,TS011,Male,6,73.6,75,80,79,Low,5.8,Yes,Secondary,25,0
ST04092,Rishi Soni,TS025,Female,10,58.4,48,53,55,Medium,7.3,No,Primary,7,1
ST04093,Garima Dhar,TS460,Male,7,87.9,81,83,81,Low,4.2,Yes,Primary,23,0
ST04094,Ranbir Sahota,TS292,Female,9,96.9,95,84,96,High,2.5,No,None,4,0
ST04095,Ridhi Mammen,TS047,Female,8,69.3,59,63,76,Medium,11.3,Yes,Secondary,11,0
ST04096,Aishani Purohit,TS220,Female,8,92.5,96,81,80,Low,5.0,Yes,Secondary,26,0
ST04097,Darpan Dhillon,TS385,Female,8,94.7,95,80,86,Medium,8.6,No,Graduate,25,0
ST04098,Bhavika Banerjee,TS466,Male,7,89.3,84,89,80,Low,5.3,No,Graduate,15,0
ST04099,Abdul Trivedi,TS396,Male,8,55.1,46,54,50,Low,8.8,Yes,Graduate,20,1
ST04100,Ekani Manda,TS051,Male,10,95.3,92,94,82,Low,7.0,Yes,Secondary,30,0
ST04101,Falan Manda,TS300,Female,6,90.7,85,96,89,High,3.9,Yes,None,24,0
ST04102,Yatan Chhabra,TS478,Female,7,72.9,74,65,78,Low,4.2,Yes,Secondary,19,0
ST04103,Meghana Bakshi,TS147,Male,6,85.6,92,87,89,Medium,1.3,Yes,Primary,21,0
ST04104,Pavani Baral,TS207,Female,10,78.6,76,74,72,Medium,5.8,Yes,Primary,21,0
ST04105,Meghana Saxena,TS392,Male,10,50.2,59,49,49,High,1.0,Yes,Secondary,12,0
ST04106,Harish Sharma,TS301,Female,6,59.5,53,72,67,High,7.0,Yes,Primary,3,0
ST04107,Unnati Nigam,TS029,Male,7,73.7,67,66,70,High,5.0,Yes,Primary,22,0
ST04108,Pallavi Sachdeva,TS395,Female,10,73.8,61,65,76,Medium,2.4,Yes,None,8,0
ST04109,Kevin Balasubramanian,TS469,Female,10,92.5,88,87,94,Medium,6.9,Yes,Secondary,3,0
ST04110,Luke Gola,TS073,Male,10,83.8,87,83,85,Low,1.5,Yes,None,10,0
ST04111,Rohan Nadig,TS183,Female,8,93.2,86,81,89,Low,3.1,Yes,Secondary,16,0
ST04112,Ayushman Bera,TS199,Male,6,84.3,73,82,88,Low,5.3,Yes,None,11,0
ST04113,Qasim Bakshi,TS392,Male,8,76.7,68,75,59,Medium,8.0,No,Graduate,30,0
ST04114,Dipta Bains,TS243,Female,10,82.2,81,81,88,Medium,4.1,Yes,Graduate,30,0
ST04115,Chandresh More,TS479,Male,7,57.7,49,65,59,Low,6.5,Yes,None,19,1
ST04116,Urmi Walia,TS133,Male,7,58.3,62,51,58,Medium,9.4,Yes,Secondary,1,0
ST04117,Udant Sethi,TS443,Male,9,90.3,94,85,81,Medium,3.2,Yes,Primary,15,0
ST04118,Chatura Cheema,TS466,Male,8,80.9,91,87,74,High,7.0,Yes,Primary,23,0
ST04119,Warjas Grewal,TS009,Female,6,74.7,59,72,71,Medium,1.8,No,Graduate,5,0
ST04120,Hitesh Narasimhan,TS245,Male,9,87.4,83,68,75,Low,4.7,No,Secondary,1,0
ST04121,Amaira Iyengar,TS259,Female,7,66.3,49,52,68,Low,2.1,No,Primary,13,1
ST04122,Dhriti Tailor,TS378,Male,10,51.8,54,48,60,Low,9.1,Yes,None,22,1
ST04123,Rudra Ravi,TS022,Male,8,96.1,87,91,92,High,0.9,Yes,Secondary,19,0
ST04124,Ekavir Dhawan,TS262,Female,7,90.4,93,83,84,Medium,9.2,Yes,Graduate,5,0
ST04125,Max Jani,TS149,Male,8,87.0,88,73,85,Low,4.4,Yes,Primary,8,0
ST04126,Wahab Purohit,TS264,Male,10,87.4,96,86,82,High,8.1,Yes,Primary,10,0
ST04127,George Sawhney,TS121,Male,6,65.8,54,65,64,Medium,10.5,Yes,Primary,1,0
ST04128,Suhani Das,TS036,Male,7,90.5,76,91,88,Medium,9.4,Yes,Secondary,27,0
ST04129,Jackson Dutt,TS484,Female,8,56.0,54,63,62,High,9.5,Yes,Secondary,7,0
ST04130,Hemangini Vala,TS019,Male,9,62.7,65,59,59,High,10.5,No,Primary,15,1
ST04131,Watika Halder,TS493,Male,7,45.2,31,50,45,Medium,0.9,No,Primary,29,1
ST04132,Ekapad Balakrishnan,TS126,Male,6,84.4,85,81,71,Medium,7.2,No,None,10,0
ST04133,Urmi Dutta,TS306,Female,10,68.3,70,74,69,Low,11.4,Yes,Primary,0,1
ST04134,Anya Rao,TS202,Female,10,76.3,73,87,80,High,1.6,Yes,Primary,12,0
ST04135,William Batta,TS270,Male,10,96.0,84,84,82,Medium,8.2,No,Secondary,25,0
ST04136,Qabil Kaul,TS193,Male,10,68.7,56,54,57,Low,9.1,No,Secondary,22,1
ST04137,Harsh Bedi,TS271,Male,7,83.3,94,85,77,High,6.8,Yes,Secondary,18,0
ST04138,Manya Upadhyay,TS362,Female,8,90.0,83,77,95,Low,1.2,Yes,Graduate,9,0
ST04139,Fitan Sha,TS075,Male,6,93.9,99,99,98,High,7.6,Yes,Graduate,9,0
ST04140,Akshay Mukherjee,TS195,Male,6,78.8,67,77,73,Low,6.1,No,Secondary,2,0
ST04141,Xalak Dixit,TS039,Female,8,59.8,56,68,52,Medium,10.0,Yes,Primary,17,1
ST04142,Frado Pall,TS066,Female,6,74.5,69,78,62,Low,3.0,Yes,Secondary,14,0
ST04143,Kashish Sachdev,TS021,Female,10,64.6,57,62,55,Low,2.5,No,Primary,8,1
ST04144,Gaurang Prakash,TS377,Female,7,57.9,43,61,46,Low,9.1,No,Secondary,23,1
ST04145,Zehaan Mangat,TS071,Female,9,65.9,77,79,70,High,4.3,Yes,Graduate,9,0
ST04146,Anusha Bala,TS291,Female,7,52.1,50,59,55,Medium,8.0,Yes,Primary,18,1
ST04147,Hemang Bassi,TS170,Male,8,56.9,54,54,47,Low,3.5,No,Graduate,15,1
ST04148,Osha Vaidya,TS480,Female,9,49.0,49,49,39,Medium,10.9,Yes,Secondary,14,0
ST04149,Nitesh Vohra,TS149,Male,7,81.0,77,71,75,Low,8.2,Yes,Secondary,0,0
ST04150,Zansi Peri,TS394,Male,6,72.6,70,72,73,Medium,10.8,Yes,Primary,11,0
ST04151,Guneet Rai,TS168,Male,8,95.9,83,99,96,Low,8.7,Yes,Secondary,10,0
ST04152,Jagrati Chacko,TS406,Male,9,57.8,49,60,45,Medium,3.6,No,Secondary,3,0
ST04153,Balveer Kumer,TS361,Female,10,74.2,72,72,70,High,9.7,No,Primary,25,0
ST04154,Sneha Sastry,TS141,Male,10,70.1,60,60,75,High,4.6,No,Secondary,7,0
ST04155,Mason Kala,TS371,Female,9,63.2,51,61,64,Low,9.6,Yes,Primary,5,1
ST04156,Ucchal Yogi,TS269,Female,8,47.5,47,36,41,Medium,11.6,No,Secondary,21,1
ST04157,Andrew Mander,TS286,Female,7,52.4,61,45,61,Low,8.4,Yes,Secondary,8,1
ST04158,Chandran Shah,TS318,Female,9,48.5,39,43,49,Medium,6.8,Yes,Secondary,8,1
ST04159,Hiral Warrior,TS353,Female,8,92.9,85,92,83,Medium,6.3,Yes,Primary,7,0
ST04160,Samesh Iyengar,TS238,Male,6,87.7,78,87,77,Medium,7.1,No,Secondary,20,0
ST04161,Aarnav Butala,TS482,Male,10,86.0,84,81,92,Medium,8.0,Yes,Secondary,3,0
ST04162,Caleb Sahni,TS444,Male,6,58.2,47,60,49,Medium,5.2,Yes,Secondary,8,0
ST04163,Darpan Raja,TS308,Male,8,48.3,60,61,56,High,8.2,Yes,Graduate,1,0
ST04164,Keya Dixit,TS207,Female,8,62.5,62,71,66,High,9.4,Yes,Graduate,17,1
ST04165,Peter Master,TS214,Male,6,97.0,93,99,94,Low,1.7,Yes,Secondary,13,0
ST04166,Dipta Lanka,TS036,Female,7,76.8,70,77,70,Low,9.5,No,Graduate,1,0
ST04167,Ekanta Dhar,TS427,Male,9,77.9,70,84,71,Low,9.0,Yes,Primary,25,1
ST04168,Adweta Vaidya,TS424,Female,6,96.7,94,86,88,Low,8.6,Yes,Secondary,27,1
ST04169,Hemani Sandal,TS240,Male,6,51.3,44,60,41,Medium,5.4,Yes,Secondary,26,1
ST04170,Megha Srinivasan,TS460,Female,9,92.2,89,78,88,Low,3.9,No,None,8,0
ST04171,Max Hari,TS296,Female,6,62.6,62,66,67,Low,6.0,Yes,Primary,15,1
ST04172,Mitali Wadhwa,TS348,Male,6,60.6,46,51,58,Low,8.7,No,Primary,8,1
ST04173,Wriddhish Yogi,TS427,Female,9,52.9,61,59,46,Medium,7.0,Yes,Primary,26,1
ST04174,Chaman Issac,TS373,Male,8,58.0,50,58,62,Low,8.0,Yes,Secondary,23,1
ST04175,Yashica Bansal,TS450,Female,9,68.5,73,76,64,Medium,8.0,Yes,Secondary,13,0
ST04176,Vidhi Mistry,TS389,Female,9,54.1,43,46,51,Medium,6.0,No,None,15,1
ST04177,Yoshita Patla,TS291,Male,8,55.0,51,49,63,Medium,9.2,Yes,Primary,14,0
ST04178,Barkha Subramanian,TS015,Male,10,70.1,63,63,61,Low,6.1,Yes,Graduate,23,0
ST04179,Inaya Dani,TS163,Male,10,84.1,70,78,81,High,2.2,No,Primary,12,0
ST04180,Zashil Sandhu,TS159,Female,7,93.1,79,89,77,Low,4.5,No,Secondary,5,0
ST04181,Veer Kakar,TS245,Female,7,65.4,72,66,66,Low,1.7,Yes,Secondary,27,1
ST04182,Manthan Contractor,TS350,Male,8,48.4,50,38,58,Medium,10.0,Yes,Secondary,0,0
ST04183,Chakrika Kamdar,TS008,Female,7,62.0,50,56,46,Medium,9.5,No,Primary,0,1
ST04184,Vidhi Mody,TS138,Female,7,82.0,93,93,87,High,1.7,Yes,Primary,24,0
ST04185,Pratyush Radhakrishnan,TS455,Female,6,78.5,66,74,69,Low,10.4,Yes,Primary,20,1
ST04186,Ekani Kar,TS202,Male,8,56.6,63,57,56,High,5.9,Yes,None,21,1
ST04187,Pranit Bhasin,TS326,Female,9,70.4,77,75,77,Low,9.3,Yes,Secondary,12,0
ST04188,Ijaya Sheth,TS068,Female,10,84.7,86,70,81,Medium,8.7,No,Primary,24,0
ST04189,Edhitha Viswanathan,TS328,Female,10,64.7,76,64,59,High,8.2,Yes,None,18,1
ST04190,Rohan Mannan,TS429,Male,8,63.2,53,56,57,Low,11.3,No,Secondary,1,1
ST04191,Zilmil Virk,TS394,Male,6,83.4,70,85,79,Low,0.6,Yes,Primary,20,0
ST04192,Manya Chad,TS119,Female,10,82.1,76,77,84,Medium,8.9,Yes,Secondary,29,0
ST04193,Jai Srivastava,TS248,Female,8,72.3,62,69,78,Low,2.6,Yes,Primary,4,0
ST04194,Hemani Som,TS081,Female,7,53.8,59,55,58,Low,3.3,Yes,None,21,1
ST04195,Jonathan Bhakta,TS189,Male,10,63.0,52,62,70,Low,10.0,Yes,None,28,1
ST04196,Yadavi Madan,TS391,Male,10,76.1,63,63,75,Low,7.1,Yes,None,4,0
ST04197,Bahadurjit Datta,TS419,Female,6,94.8,98,88,94,Low,11.8,Yes,Primary,27,1
ST04198,Fiyaz Lad,TS344,Female,6,94.8,86,94,83,Low,3.1,No,None,13,0
ST04199,Vedika Lad,TS238,Male,6,72.3,65,79,74,Low,8.7,Yes,Primary,25,1
ST04200,Guneet Srinivasan,TS124,Female,10,78.9,70,78,72,Low,6.9,Yes,Primary,13,0
ST04201,Amol Nagy,TS486,Male,9,60.0,52,69,58,Medium,3.4,Yes,Primary,9,0
ST04202,Elijah Balakrishnan,TS125,Female,7,94.6,99,88,92,Low,7.0,Yes,Primary,3,0
ST04203,Megha Mandal,TS466,Female,7,92.1,83,75,86,Low,1.7,No,Primary,4,0
ST04204,Chaitaly Krishnamurthy,TS347,Female,9,60.9,66,66,58,Low,3.0,Yes,Primary,6,1
ST04205,Radha Sarna,TS016,Female,7,57.9,66,54,57,Low,7.0,Yes,None,11,1
ST04206,Qasim Bassi,TS418,Male,8,98.0,92,85,99,Medium,7.8,Yes,Primary,5,0
ST04207,Wakeeta Saha,TS025,Female,9,59.7,67,49,66,Low,2.4,Yes,None,15,1
ST04208,Rajeshri Chaudhry,TS359,Female,10,50.1,48,59,45,Medium,8.1,Yes,Secondary,13,0
ST04209,Ansh Lall,TS155,Female,8,54.1,47,60,49,Medium,9.4,Yes,Primary,20,1
ST04210,Henry Wagle,TS495,Female,7,97.2,92,96,87,Low,10.5,Yes,Secondary,8,0
ST04211,Pushti Balasubramanian,TS349,Female,8,71.1,58,77,66,Medium,3.6,Yes,Secondary,12,0
ST04212,Bhavani Zacharia,TS046,Male,6,62.2,57,64,63,Low,5.3,No,Primary,21,1
ST04213,Raksha Vohra,TS292,Female,9,97.2,82,83,99,Low,10.2,Yes,Primary,16,1
ST04214,Mahika Tandon,TS126,Male,7,81.5,63,76,63,Low,8.0,No,Primary,3,0
ST04215,Ekani Sem,TS487,Female,10,86.3,77,78,84,Low,6.7,Yes,Graduate,16,0
ST04216,Harita Dhar,TS375,Female,6,73.3,72,72,70,Low,2.0,Yes,Primary,19,0
ST04217,Indrajit Keer,TS096,Male,8,64.3,69,68,71,Medium,9.1,Yes,None,0,0
ST04218,Anya Gulati,TS011,Female,7,71.7,72,67,70,Medium,7.0,Yes,Primary,7,0
ST04219,Abdul Ramaswamy,TS025,Male,7,81.3,70,83,69,Medium,8.3,Yes,None,10,0
ST04220,Hamsini Parmer,TS449,Female,8,82.9,69,83,76,Low,4.9,Yes,Secondary,27,0
ST04221,Bachittar Goda,TS454,Female,6,52.6,58,51,61,Medium,9.5,Yes,Primary,15,0
ST04222,Nisha Peri,TS218,Female,8,50.1,54,46,52,Low,8.6,No,None,30,1
ST04223,Nandini Patel,TS027,Female,6,45.6,40,48,43,Low,4.2,Yes,Primary,20,1
ST04224,Alexander Pandit,TS314,Male,10,58.6,51,59,67,Medium,9.5,Yes,Graduate,23,1
ST04225,Balvan Singh,TS327,Female,7,87.9,85,90,76,Medium,9.4,Yes,Graduate,2,0
ST04226,William Oak,TS447,Male,10,63.7,69,58,68,High,1.0,Yes,Primary,21,1
ST04227,Ekantika Mand,TS492,Male,7,68.3,62,72,76,High,4.9,No,Secondary,13,0
ST04228,Akshay Guha,TS165,Male,6,52.5,66,53,54,High,7.0,Yes,Primary,12,0
ST04229,Neel Thaker,TS084,Female,6,62.0,72,73,59,High,3.4,Yes,Graduate,5,0
ST04230,Wyatt Bhandari,TS090,Male,7,67.8,56,65,54,Low,11.9,No,None,15,1
ST04231,Jeet Tiwari,TS367,Female,8,47.7,44,55,51,Low,11.2,Yes,Secondary,26,1
ST04232,Theodore Grewal,TS355,Female,10,97.0,88,82,82,Low,0.8,Yes,Primary,25,0
ST04233,Nathan Sengupta,TS233,Male,9,60.6,54,61,58,Medium,11.0,Yes,Primary,27,1
ST04234,Anirudh Narasimhan,TS327,Female,7,54.8,46,61,54,Low,5.4,Yes,Graduate,30,1
ST04235,Onveer Mutti,TS389,Female,9,87.2,80,86,79,Low,10.8,Yes,None,8,0
ST04236,Zansi Bassi,TS006,Female,8,56.2,51,45,56,Low,5.9,Yes,Secondary,3,1
ST04237,Anusha Nayar,TS016,Female,7,74.1,68,73,79,Medium,6.5,Yes,Secondary,12,0
ST04238,Rishi Sahota,TS420,Male,10,82.5,86,87,84,High,9.5,Yes,Primary,11,0
ST04239,Gavin Bansal,TS280,Male,10,54.0,48,39,41,Low,5.0,No,Graduate,14,1
ST04240,Kashvi Iyengar,TS412,Male,8,60.5,57,59,53,Low,9.7,Yes,Secondary,16,1
ST04241,Janaki Talwar,TS191,Female,9,58.4,61,59,57,Medium,5.1,Yes,Primary,28,1
ST04242,Avi Bajaj,TS288,Female,8,46.9,37,46,36,Low,2.9,No,Secondary,0,1
ST04243,Yamini Bava,TS417,Female,9,84.7,77,95,93,High,5.3,Yes,Secondary,14,0
ST04244,Upkaar Naik,TS086,Female,9,78.6,74,90,90,High,0.8,Yes,Primary,7,0
ST04245,Zarna Bali,TS096,Female,10,68.0,60,74,58,Low,11.6,Yes,Graduate,23,1
ST04246,Hemangini Rajagopal,TS322,Female,10,87.6,81,82,93,Medium,8.1,Yes,None,18,0
ST04247,Manthan Balakrishnan,TS361,Female,10,57.8,53,56,65,Low,5.1,Yes,Secondary,4,1
ST04248,Chanakya Dutt,TS233,Female,8,87.6,88,75,77,Medium,2.1,Yes,Graduate,8,0
ST04249,Ekalinga Nanda,TS308,Female,7,53.0,56,54,49,High,9.6,Yes,None,15,0
ST04250,Advik Palla,TS179,Male,9,71.9,67,65,74,Medium,3.4,Yes,Secondary,30,0
ST04251,Gavin Ratti,TS382,Female,6,83.0,73,66,80,Low,1.4,No,Primary,4,0
ST04252,Umang Bhat,TS439,Female,8,49.6,47,57,47,Low,1.6,Yes,Graduate,4,1
ST04253,Ojas Dar,TS288,Male,7,72.6,64,72,80,Medium,5.6,Yes,Primary,27,0
ST04254,Advay Dash,TS378,Female,7,58.6,65,55,57,Low,3.5,Yes,Secondary,6,1
ST04255,Aarush Dalal,TS061,Male,6,48.9,49,54,45,Medium,4.5,Yes,Graduate,1,0
ST04256,Gaurav Kohli,TS312,Female,8,86.9,86,78,73,Medium,5.4,Yes,Secondary,6,0
ST04257,Parth Seshadri,TS321,Male,7,45.5,42,35,51,Low,4.1,Yes,Primary,19,1
ST04258,Sachi Ram,TS098,Male,6,94.1,87,79,90,Low,3.7,Yes,Secondary,28,0
ST04259,Oliver Chaudhari,TS269,Female,10,49.5,40,45,42,Low,7.1,Yes,Secondary,29,1
ST04260,Sachi Mukherjee,TS171,Female,8,75.1,69,70,77,High,7.5,Yes,Secondary,29,0
ST04261,Indali Tandon,TS217,Male,10,51.5,48,38,37,Low,5.3,No,Secondary,1,1
ST04262,Pahal Ramanathan,TS078,Female,7,51.7,59,56,61,High,3.0,Yes,Primary,4,0
ST04263,Tanish Sridhar,TS061,Male,8,89.0,88,94,77,Medium,6.2,Yes,Graduate,28,0
ST04264,Warda Memon,TS014,Male,10,73.1,70,61,69,Medium,3.4,Yes,Secondary,19,0
ST04265,Kevin Prakash,TS452,Male,9,71.1,75,69,73,Medium,5.5,Yes,Graduate,2,0
ST04266,Zansi Taneja,TS062,Female,8,76.0,63,71,80,Low,6.2,Yes,Secondary,1,0
ST04267,Jagat Loke,TS274,Male,8,84.1,74,72,85,Low,1.5,Yes,None,4,0
ST04268,Chanakya Nagy,TS075,Male,6,89.4,76,83,75,Medium,1.7,No,Secondary,2,0
ST04269,Wakeeta Choudhry,TS444,Male,9,55.5,52,64,52,Low,1.6,Yes,Secondary,14,1
ST04270,Urmi Chacko,TS309,Female,9,76.2,85,70,82,High,9.7,Yes,Secondary,6,0
ST04271,Samesh Sehgal,TS258,Female,7,73.4,71,68,72,Medium,3.4,Yes,Secondary,2,0
ST04272,Yashasvi Prasad,TS311,Female,10,87.8,80,85,76,Low,7.6,Yes,Primary,4,0
ST04273,Tanvi Buch,TS197,Male,8,63.2,54,53,67,Medium,7.7,Yes,Primary,6,0
ST04274,Harita Narayan,TS428,Female,6,91.6,81,91,94,Low,5.2,Yes,Primary,10,0
ST04275,Chatura Basu,TS306,Female,9,86.9,75,75,83,Medium,3.7,Yes,Primary,3,0
ST04276,Eta Shah,TS202,Male,7,48.4,35,41,52,Low,2.2,No,Primary,10,1
ST04277,Jeremiah Narayanan,TS424,Male,7,48.4,48,58,52,Medium,8.1,Yes,None,10,0
ST04278,Lajita Bumb,TS462,Male,7,72.2,69,60,73,Low,7.3,Yes,Primary,16,1
ST04279,Udyati Kanda,TS488,Female,8,88.9,84,87,94,Low,0.8,Yes,Primary,6,0
ST04280,Charvi Solanki,TS121,Female,10,86.6,91,72,73,Low,5.4,Yes,Primary,5,0
ST04281,Laban Shetty,TS207,Male,8,73.6,67,77,79,Low,10.6,Yes,Primary,27,1
ST04282,Robert Ben,TS430,Female,9,97.0,87,81,84,Low,5.2,No,Secondary,14,0
ST04283,Neha Wali,TS052,Male,6,88.4,91,90,91,Medium,1.9,Yes,Secondary,19,0
ST04284,Rachita Sahni,TS070,Male,7,77.6,68,74,68,Medium,5.0,Yes,Graduate,29,0
ST04285,Arunima Rattan,TS013,Male,7,63.5,56,53,53,Low,0.9,Yes,Secondary,30,1
ST04286,Oliver Vasa,TS249,Male,9,49.6,37,38,41,Medium,5.1,No,Primary,28,1
ST04287,Udant Zacharia,TS295,Male,8,86.8,77,93,91,Low,2.0,Yes,Primary,21,0
ST04288,Neha Panchal,TS328,Female,10,60.8,63,44,56,Medium,3.1,No,Primary,16,1
ST04289,Orinder Kunda,TS271,Male,8,64.6,53,62,62,Medium,7.2,Yes,Graduate,5,0
ST04290,Nikita Deep,TS274,Male,7,62.0,64,59,72,High,6.3,Yes,Primary,4,0
ST04291,Charita Wason,TS234,Male,8,45.8,44,46,43,High,7.6,Yes,Primary,21,1
ST04292,Gunbir Shankar,TS259,Male,6,47.0,40,56,45,High,7.0,No,Graduate,26,1
ST04293,Ekalinga Dhingra,TS268,Female,8,47.4,52,47,53,Low,2.1,Yes,Secondary,20,1
ST04294,Leena Modi,TS039,Male,8,95.9,90,97,88,Low,11.4,Yes,Graduate,6,0
ST04295,Rehaan Soman,TS092,Female,6,84.5,74,86,85,Low,7.8,No,Primary,3,0
ST04296,Timothy Jaggi,TS292,Male,7,48.6,56,57,40,Medium,2.8,Yes,Primary,6,0
ST04297,Onveer Shetty,TS424,Male,7,67.3,72,72,59,Medium,7.0,Yes,Secondary,22,1
ST04298,Gauri Chacko,TS214,Male,9,80.6,73,87,79,Low,7.7,Yes,Primary,10,0
ST04299,Faqid Bhavsar,TS416,Female,6,66.0,73,54,68,Medium,4.7,Yes,Secondary,25,1
ST04300,Vivaan Srivastava,TS235,Male,6,82.3,88,79,85,Medium,11.7,Yes,None,29,0
ST04301,Urmi Sahota,TS329,Male,10,67.7,58,62,64,Medium,11.5,Yes,Secondary,28,1
ST04302,Samarth Sheth,TS484,Male,6,58.0,46,45,56,Medium,3.5,No,Primary,22,1
ST04303,Kashish Doshi,TS127,Female,10,70.9,63,65,63,Low,6.6,No,Primary,13,0
ST04304,Nikita Ramachandran,TS152,Male,7,52.2,51,54,59,Low,4.6,Yes,Primary,5,1
ST04305,Gauri Nagar,TS405,Female,9,50.5,44,43,48,High,6.6,No,Primary,4,1
ST04306,Samar Chad,TS010,Male,6,88.8,81,85,84,Low,9.1,Yes,Graduate,20,1
ST04307,Irya Shankar,TS180,Female,6,89.1,76,88,94,Medium,2.6,Yes,Secondary,15,0
ST04308,Veda Prasad,TS340,Male,9,59.2,63,59,68,Low,6.6,Yes,Secondary,10,1
ST04309,Siddharth Subramaniam,TS347,Male,10,71.8,59,71,76,Medium,3.9,Yes,Secondary,11,0
ST04310,Jai Handa,TS385,Female,9,64.8,66,57,71,Medium,3.6,Yes,Secondary,15,0
ST04311,Siddharth Dutta,TS018,Male,10,52.2,53,47,37,Low,3.9,No,Primary,28,1
ST04312,Janani Bhardwaj,TS011,Male,6,87.3,88,82,86,Low,3.6,Yes,Primary,19,0
ST04313,Chatresh Basak,TS475,Male,6,71.1,72,53,57,Medium,8.3,No,Secondary,14,0
ST04314,Zarna More,TS206,Female,6,71.3,70,73,66,Medium,2.1,Yes,Secondary,18,0
ST04315,Kalpit Sachdev,TS313,Male,6,72.0,68,76,61,Low,9.1,Yes,Primary,7,0
ST04316,Jagrati Ben,TS186,Female,7,61.8,63,59,45,Medium,11.9,No,Secondary,11,1
ST04317,Viraj Andra,TS140,Female,6,97.0,96,95,85,Low,5.4,Yes,Secondary,20,0
ST04318,Rajeshri Kari,TS312,Female,6,50.4,46,59,64,High,2.8,Yes,Secondary,18,1
ST04319,Ishanvi Balan,TS104,Female,6,88.6,90,78,89,Medium,4.1,Yes,Secondary,21,0
ST04320,Saumya Pandya,TS486,Male,6,76.5,63,66,76,Medium,4.5,No,Secondary,20,0
ST04321,Saanvi Chana,TS235,Female,8,60.3,60,69,61,Low,6.6,Yes,Secondary,18,1
ST04322,Neha Cheema,TS195,Female,6,51.7,61,59,57,High,6.5,Yes,None,24,1
ST04323,Ekiya Thakur,TS399,Male,6,48.6,46,40,53,Low,7.2,No,Secondary,14,1
ST04324,Ishaan Bali,TS333,Male,9,66.9,57,58,58,Low,3.1,Yes,Secondary,6,1
ST04325,Fitan Anand,TS314,Female,8,91.9,96,92,87,Medium,7.9,Yes,Primary,22,0
ST04326,Naveen Chahal,TS072,Male,6,92.8,85,78,80,Low,9.4,No,Secondary,28,1
ST04327,Ekanta Swaminathan,TS158,Female,8,82.5,89,71,75,High,7.6,No,Secondary,30,0
ST04328,Dakshesh Bhat,TS095,Female,10,72.1,79,62,60,Medium,8.5,Yes,Secondary,25,0
ST04329,Jacob Dara,TS079,Female,7,65.9,57,74,64,Medium,2.9,Yes,None,29,1
ST04330,Ikshita Bir,TS166,Female,8,59.9,52,62,55,High,4.9,No,Secondary,2,0
ST04331,Diya Contractor,TS349,Female,10,58.0,56,66,59,Medium,2.2,Yes,Graduate,12,0
ST04332,Ikbal Peri,TS242,Male,8,71.2,82,73,76,High,11.5,Yes,Secondary,0,0
ST04333,Megha Yohannan,TS240,Female,10,83.6,85,78,83,High,0.9,Yes,None,22,0
ST04334,Qadim Shankar,TS158,Male,8,89.8,80,75,81,Medium,1.3,Yes,Secondary,24,0
ST04335,Shravya Chaudhry,TS466,Male,8,55.5,60,63,54,Medium,1.9,Yes,Primary,21,1
ST04336,Balhaar Gupta,TS195,Male,6,81.2,77,77,82,Medium,4.7,Yes,Secondary,23,0
ST04337,Chandran Mishra,TS230,Male,7,64.3,72,72,65,Medium,9.2,Yes,Secondary,28,1
ST04338,Elijah Gara,TS491,Female,6,74.2,73,69,74,Medium,2.9,No,Secondary,14,0
ST04339,Sanya Banerjee,TS183,Female,9,49.5,51,51,43,Medium,7.5,Yes,Graduate,27,1
ST04340,Xalak Patel,TS094,Male,6,60.1,50,64,55,Low,10.2,Yes,Secondary,6,1
ST04341,Unni Mand,TS349,Female,7,97.8,84,89,98,Low,3.5,Yes,Secondary,17,0
ST04342,Jasmit Muni,TS201,Female,10,80.2,86,87,73,Medium,1.2,Yes,Secondary,14,0
ST04343,Forum Kapur,TS393,Female,6,58.1,62,53,48,Medium,1.1,No,Secondary,20,1
ST04344,Mugdha Kala,TS181,Male,8,56.5,63,50,61,Low,4.6,Yes,Secondary,2,1
ST04345,Ekaraj Kohli,TS329,Female,10,62.8,76,62,62,High,7.1,Yes,Secondary,28,1
ST04346,Rayaan Divan,TS287,Male,10,57.0,61,58,64,High,6.0,No,Secondary,14,0
ST04347,Lila Karan,TS308,Male,6,83.3,89,74,83,High,4.4,Yes,None,6,0
ST04348,Karan Mane,TS109,Male,8,71.0,56,63,56,Low,11.9,No,Primary,7,0
ST04349,Pushti Prakash,TS285,Male,9,90.9,85,93,94,Medium,1.7,Yes,Primary,17,0
ST04350,Michael Brar,TS313,Female,9,66.7,61,72,69,High,2.3,Yes,Primary,10,0
ST04351,Yoshita Goel,TS456,Female,9,56.2,48,48,47,Low,7.2,Yes,Secondary,6,1
ST04352,Hamsini Mistry,TS245,Female,10,91.5,93,85,94,Medium,6.3,Yes,Secondary,28,0
ST04353,Nikita Bobal,TS204,Female,9,81.8,78,79,79,Low,6.9,Yes,Graduate,13,0
ST04354,Faras Sawhney,TS089,Female,7,70.1,75,64,71,Medium,8.5,Yes,Secondary,28,0
ST04355,Orinder Upadhyay,TS417,Male,6,79.6,83,79,68,Low,3.7,Yes,Secondary,18,0
ST04356,Anusha Chokshi,TS431,Male,6,54.4,54,51,47,High,5.2,No,Secondary,17,1
ST04357,Nidhi Subramanian,TS483,Female,9,90.4,73,88,81,Low,0.9,No,None,8,0
ST04358,Prisha More,TS023,Female,10,88.7,85,84,77,Low,7.0,Yes,None,23,0
ST04359,Christopher Ramanathan,TS208,Female,10,64.0,62,54,71,Low,10.0,Yes,Primary,14,1
ST04360,Aarini Singh,TS095,Male,10,83.3,73,75,86,Low,5.2,Yes,Primary,2,0
ST04361,Vasatika Rama,TS427,Male,10,76.7,73,74,68,Low,11.3,No,Secondary,26,1
ST04362,Yagnesh Shah,TS428,Male,9,55.1,55,60,69,High,9.8,Yes,Primary,20,1
ST04363,Yahvi Natt,TS495,Female,9,87.6,74,90,76,High,1.2,No,Primary,18,0
ST04364,Yadavi Parmar,TS158,Male,6,94.3,77,74,75,Medium,3.7,No,Secondary,2,0
ST04365,Lucky Mody,TS463,Female,9,83.0,87,75,72,Low,8.5,Yes,None,10,0
ST04366,Turvi Choudhry,TS464,Male,7,92.3,89,88,75,Low,7.8,No,Primary,25,1
ST04367,Parth Dara,TS363,Male,9,85.8,72,91,79,Medium,1.9,Yes,Primary,15,0
ST04368,Aarnav Raman,TS085,Male,6,81.5,83,77,83,Low,6.4,No,Primary,24,1
ST04369,Xavier Master,TS003,Male,7,50.7,41,44,48,Low,0.6,Yes,Secondary,23,1
ST04370,Matthew Tella,TS407,Female,6,51.6,43,44,50,Medium,1.7,No,Secondary,25,1
ST04371,Vritti Bath,TS156,Female,6,59.5,55,47,55,Medium,3.2,No,None,30,1
ST04372,Manan Rajan,TS461,Female,9,55.9,50,58,69,High,3.3,Yes,Secondary,4,0
ST04373,Kamala Pathak,TS354,Male,10,66.0,63,63,63,Medium,1.8,Yes,Graduate,8,0
ST04374,Nirja Roy,TS173,Female,9,91.9,89,83,86,Medium,7.2,No,Secondary,12,0
ST04375,Rishi Sunder,TS477,Female,7,45.9,55,39,38,Medium,10.4,Yes,Primary,9,0
ST04376,Caleb Walla,TS485,Male,7,85.4,86,89,88,Low,4.9,Yes,Secondary,24,0
ST04377,Krishna Lall,TS416,Male,10,80.0,80,88,72,High,4.7,Yes,Graduate,28,0
ST04378,Faris Ramachandran,TS334,Female,9,64.7,52,61,48,Low,7.1,No,Secondary,0,1
ST04379,Suhani Devan,TS460,Male,8,83.5,76,74,89,Medium,6.7,Yes,Secondary,26,0
ST04380,Lavanya Memon,TS358,Male,6,55.3,44,55,52,Low,3.0,Yes,Primary,12,1
ST04381,Bhavini Krishnan,TS241,Female,7,88.8,88,80,93,Low,2.7,Yes,Graduate,6,0
ST04382,Gavin Mohan,TS146,Male,8,80.1,79,75,83,High,10.8,Yes,Secondary,29,0
ST04383,Teerth Golla,TS300,Male,8,47.1,52,41,45,Medium,5.8,Yes,Secondary,11,0
ST04384,Aryan Majumdar,TS122,Male,9,81.4,83,76,74,Low,9.4,No,Secondary,21,1
ST04385,Lajita Balasubramanian,TS301,Male,9,75.7,76,77,74,Medium,7.7,No,Primary,6,0
ST04386,Dalaja Goda,TS399,Male,10,47.5,60,48,58,High,1.5,Yes,Primary,2,0
ST04387,Oni Chana,TS449,Male,10,67.1,56,55,62,Low,6.3,No,Primary,15,1
ST04388,Jalsa Master,TS262,Female,9,90.5,82,73,77,Medium,5.5,No,Graduate,9,0
ST04389,Amaira Talwar,TS243,Female,10,83.5,89,90,75,Low,9.8,Yes,Primary,8,0
ST04390,Guneet Sinha,TS380,Female,8,77.7,83,89,78,High,11.9,Yes,Primary,27,0
ST04391,Bahadurjit Sachdev,TS234,Male,8,68.0,70,64,53,Medium,6.0,No,Primary,3,0
ST04392,Fitan Bir,TS479,Female,9,94.2,95,91,89,Low,9.8,Yes,Secondary,27,1
ST04393,Priya Wable,TS039,Female,9,78.6,76,72,61,Medium,8.0,No,Primary,0,0
ST04394,Sai Naik,TS107,Female,6,84.1,78,86,80,Medium,4.7,Yes,Graduate,0,0
ST04395,Ikbal Raghavan,TS064,Female,7,60.8,52,49,69,Low,5.4,Yes,Graduate,10,1
ST04396,Ishaan Dyal,TS151,Male,10,95.5,87,93,88,High,0.5,Yes,Secondary,24,0
ST04397,Niharika Pillay,TS055,Male,9,70.5,61,75,68,Low,6.1,Yes,Primary,15,0
ST04398,Nilima Gaba,TS277,Male,8,71.4,62,73,69,Medium,1.1,Yes,Secondary,8,0
ST04399,Quincy Munshi,TS162,Female,10,98.0,94,83,88,Medium,3.5,Yes,Graduate,13,0
ST04400,Yachana Bir,TS044,Male,6,80.1,87,78,82,Low,8.1,Yes,Secondary,2,0
ST04401,Adya Aurora,TS355,Female,10,46.0,45,46,49,Medium,4.6,Yes,None,19,1
ST04402,Faraj Dasgupta,TS492,Male,8,92.0,85,82,77,Medium,2.3,Yes,Secondary,16,0
ST04403,Aradhana Yogi,TS141,Male,7,55.1,50,46,47,High,2.0,No,Secondary,3,0
ST04404,Oscar Sanghvi,TS187,Male,10,51.5,46,51,59,Low,0.6,Yes,Secondary,27,1
ST04405,Ekani Thaman,TS435,Male,6,88.2,94,88,82,Medium,9.8,Yes,None,24,0
ST04406,Omkaar Nagarajan,TS427,Male,6,68.4,70,53,52,Medium,2.2,No,Primary,13,0
ST04407,Harini Thaman,TS010,Female,8,62.4,57,53,60,Medium,5.7,Yes,Secondary,13,0
ST04408,Gautam Wable,TS223,Female,10,59.5,58,43,51,Low,4.5,No,Primary,29,1
ST04409,Isaac Jha,TS490,Male,6,68.6,73,72,58,Medium,11.7,Yes,Secondary,3,0
ST04410,Sathvik Joshi,TS071,Male,8,65.6,66,69,60,High,8.8,Yes,Primary,30,1
ST04411,Lekha Baral,TS185,Female,9,95.1,93,93,84,Medium,8.8,No,Secondary,14,0
ST04412,Elijah Guha,TS151,Male,7,89.3,86,76,80,Low,4.2,Yes,Primary,8,0
ST04413,Gopal Lal,TS072,Male,6,64.7,57,58,56,Low,10.6,Yes,Primary,16,1
ST04414,Ekaja Sura,TS462,Female,7,54.0,61,55,58,High,8.2,Yes,Secondary,11,0
ST04415,Utkarsh Dey,TS396,Female,10,69.6,67,74,57,Medium,8.2,Yes,Primary,7,0
ST04416,Andrew Rao,TS230,Female,9,83.2,70,84,89,Medium,11.1,Yes,Graduate,20,0
ST04417,Vidhi Radhakrishnan,TS500,Male,8,71.3,60,60,70,Medium,7.0,No,None,6,0
ST04418,Yoshita Sur,TS388,Female,6,80.5,75,69,81,Low,1.3,Yes,Secondary,30,0
ST04419,Pushti Sani,TS418,Male,10,48.5,41,47,43,Medium,10.2,Yes,Secondary,18,1
ST04420,Raghav Chaudry,TS204,Male,6,97.0,86,82,80,Medium,4.9,No,Secondary,7,0
ST04421,Gautam Acharya,TS305,Female,10,84.7,82,80,82,Low,6.5,No,Secondary,1,0
ST04422,Nandini Nori,TS157,Male,7,71.9,61,65,64,Medium,1.6,Yes,Primary,23,0
ST04423,Jagrati Sachdeva,TS279,Male,7,63.1,73,69,66,High,4.2,Yes,None,15,0
ST04424,Henry Sani,TS293,Female,7,86.8,93,93,76,Medium,3.7,Yes,None,10,0
ST04425,Watika Raj,TS032,Female,9,49.1,42,53,50,Low,8.2,Yes,Graduate,1,1
ST04426,Urmi Sheth,TS055,Female,7,45.8,45,37,54,Low,9.3,Yes,Graduate,5,1
ST04427,Oni Khanna,TS335,Male,7,90.7,77,96,91,Low,2.9,Yes,Primary,27,0
ST04428,Rudra Kota,TS181,Female,7,74.1,61,62,56,Medium,8.8,No,Primary,23,0
ST04429,Chakradev Ratti,TS231,Male,8,51.5,52,52,52,Low,3.4,Yes,Primary,6,1
ST04430,Indira Lata,TS472,Female,6,82.7,88,72,71,Low,6.9,Yes,None,3,0
ST04431,Amruta Savant,TS246,Female,6,79.4,71,76,86,Low,10.4,Yes,None,30,1
ST04432,Mitali Zacharia,TS182,Male,8,64.3,62,72,58,High,7.4,No,Primary,20,1
ST04433,Diya Vyas,TS378,Male,9,45.9,44,56,40,Low,4.1,Yes,Primary,9,1
ST04434,Vasudha Pathak,TS334,Male,9,91.8,83,88,89,Medium,11.3,Yes,Primary,23,0
ST04435,Zayan Mittal,TS305,Female,7,52.9,57,53,42,Medium,5.2,Yes,None,8,0
ST04436,Wishi Boase,TS193,Female,9,55.6,54,59,57,Medium,1.8,Yes,Primary,26,1
ST04437,Samuel Bandi,TS230,Male,10,72.1,64,69,71,Medium,1.1,Yes,Secondary,15,0
ST04438,Harita Kalla,TS215,Female,10,85.4,88,91,87,Low,0.8,Yes,Secondary,5,0
ST04439,Jagrati Handa,TS415,Female,6,72.0,72,79,65,Medium,7.4,Yes,Primary,13,0
ST04440,Max Wadhwa,TS055,Female,7,86.0,83,68,75,Low,4.9,No,Primary,11,0
ST04441,Anya Varma,TS239,Male,8,73.5,61,65,80,Medium,9.6,Yes,Graduate,1,0
ST04442,Champak Chhabra,TS210,Female,7,72.6,61,68,80,Medium,5.0,Yes,None,12,0
ST04443,Ayush Mand,TS484,Male,7,77.4,59,62,59,Low,8.6,No,Secondary,6,0
ST04444,Nakul Goswami,TS375,Male,8,87.0,78,93,74,Low,4.6,Yes,Secondary,30,0
ST04445,Balvan Doshi,TS207,Male,8,66.3,68,67,72,Medium,11.2,Yes,Primary,0,0
ST04446,Tara Aurora,TS277,Male,8,55.6,57,51,58,Low,4.5,Yes,Secondary,10,1
ST04447,Nitesh Bhasin,TS220,Male,7,64.8,55,55,58,Low,9.9,Yes,Graduate,5,1
ST04448,Lakshmi Sahota,TS405,Female,6,50.5,47,35,49,Low,4.1,No,Primary,26,1
ST04449,Aarini Korpal,TS104,Male,8,79.1,66,78,75,Medium,10.5,No,None,26,0
ST04450,Omaja Baria,TS054,Male,8,51.1,54,58,55,Low,2.9,Yes,Graduate,29,1
ST04451,Harini Dey,TS280,Male,9,77.7,80,73,74,Medium,9.1,Yes,None,27,0
ST04452,Ryan Dash,TS023,Female,6,93.0,93,78,82,Medium,6.5,No,Secondary,25,0
ST04453,Chanakya Rana,TS168,Male,10,82.4,80,78,69,Medium,11.2,Yes,Primary,16,0
ST04454,Shravya Agarwal,TS008,Female,10,68.4,67,57,70,Low,10.4,Yes,Primary,11,1
ST04455,Nachiket Ben,TS346,Male,9,78.1,79,72,65,Low,1.1,Yes,Secondary,4,0
ST04456,Nathan Contractor,TS237,Male,8,80.7,81,83,75,Low,6.4,Yes,Graduate,6,0
ST04457,Ekalinga Jain,TS210,Female,8,82.3,83,68,69,Low,3.7,No,Secondary,11,0
ST04458,Shivansh Jani,TS013,Male,6,71.5,79,72,75,Medium,5.4,Yes,Secondary,19,0
ST04459,Bhavini Shan,TS257,Female,6,91.4,72,86,84,Medium,10.8,No,Primary,26,0
ST04460,Reva Pradhan,TS250,Female,8,94.6,82,81,83,Low,6.1,Yes,Primary,3,0
ST04461,Dhruv Murty,TS197,Male,9,77.6,64,77,79,Low,9.8,No,Secondary,15,0
ST04462,Saanvi Puri,TS059,Male,7,56.5,56,59,59,High,4.3,Yes,Graduate,28,1
ST04463,Unni Anand,TS222,Male,6,84.0,82,71,84,Low,1.9,Yes,Graduate,4,0
ST04464,Upkaar Mishra,TS110,Male,7,71.1,67,57,57,Low,9.7,No,Primary,27,1
ST04465,Upadhriti Sekhon,TS185,Male,8,79.3,76,90,86,High,8.1,Yes,Primary,24,0
ST04466,Gautami Oza,TS334,Female,6,47.0,43,51,40,Low,11.0,Yes,Primary,6,1
ST04467,Karan Halder,TS126,Male,7,77.6,77,76,80,Low,4.4,Yes,Secondary,10,0
ST04468,Ishanvi Rajan,TS081,Female,9,85.9,84,74,92,Low,6.0,Yes,None,21,0
ST04469,David Kumer,TS440,Female,8,75.1,82,75,73,Medium,10.2,Yes,Graduate,10,0
ST04470,Sudiksha Thaker,TS110,Female,6,71.6,73,77,68,Low,10.1,Yes,Secondary,19,1
ST04471,Anthony Handa,TS275,Male,9,84.8,89,73,76,Low,8.3,Yes,Primary,18,1
ST04472,Liam Chatterjee,TS081,Male,10,54.3,52,46,51,Low,6.5,No,Primary,6,1
ST04473,Ranbir Pai,TS113,Male,6,83.3,84,65,67,Low,5.2,No,Secondary,11,0
ST04474,Gabriel Khurana,TS140,Female,7,91.8,86,83,77,Low,7.7,No,Secondary,15,0
ST04475,Anay Chand,TS055,Male,6,53.2,46,45,57,Medium,8.4,Yes,Secondary,30,1
ST04476,Chatura Kunda,TS403,Male,10,47.9,39,58,40,Medium,7.6,Yes,Primary,0,1
ST04477,Vedant Rajan,TS080,Female,7,55.9,58,54,50,Low,4.9,Yes,Primary,19,1
ST04478,Samarth Mital,TS201,Male,7,84.1,70,82,70,Low,9.6,Yes,Graduate,15,0
ST04479,Saumya Shetty,TS430,Female,10,82.8,74,84,77,High,10.2,Yes,Graduate,18,0
ST04480,Daksh Kata,TS288,Male,10,78.5,80,72,73,Low,2.2,No,Primary,5,0
ST04481,Yutika Bhatia,TS068,Male,9,95.1,94,95,88,Medium,9.2,Yes,Secondary,26,0
ST04482,Dipta Rattan,TS426,Male,10,88.7,82,75,77,Medium,10.0,Yes,Primary,17,0
ST04483,Vrishti Mann,TS012,Female,6,77.9,83,83,67,Low,5.1,Yes,Primary,11,0
ST04484,Eta Baria,TS070,Male,9,78.4,74,66,76,Medium,9.7,No,None,10,0
ST04485,Kavya Dixit,TS033,Male,8,49.2,44,52,41,Medium,6.1,Yes,Primary,8,1
ST04486,Banjeet Kakar,TS041,Male,6,59.0,58,47,44,Medium,3.8,No,Primary,5,0
ST04487,William Kari,TS054,Female,10,69.9,67,71,64,High,9.5,Yes,None,21,1
ST04488,Ishani Pandey,TS441,Male,10,55.8,60,57,51,High,3.9,Yes,Secondary,27,1
ST04489,Urmi Pradhan,TS198,Female,9,90.3,81,88,99,High,11.6,Yes,Primary,18,0
ST04490,Oni Hora,TS455,Female,9,71.9,68,77,63,Low,2.9,Yes,Primary,28,0
ST04491,Yahvi Sodhi,TS078,Female,10,80.7,70,84,78,Low,10.7,Yes,Graduate,12,0
ST04492,Jasmit Garde,TS345,Male,6,85.8,71,78,74,Low,11.3,No,Primary,28,1
ST04493,Owen Jaggi,TS155,Male,10,90.0,87,87,85,Low,2.6,Yes,Secondary,10,0
ST04494,Anirudh Bandi,TS461,Female,10,90.7,77,90,78,Medium,1.9,Yes,Graduate,15,0
ST04495,Veda Nagi,TS334,Male,6,91.2,94,78,88,Low,11.5,Yes,Secondary,20,1
ST04496,Umang Mishra,TS262,Male,6,96.6,88,98,87,Medium,1.0,Yes,Graduate,17,0
ST04497,Hitesh Wali,TS070,Male,10,83.1,72,81,82,Low,2.0,Yes,Secondary,0,0
ST04498,Girik Sarma,TS263,Male,6,75.8,63,79,73,Low,4.7,Yes,Primary,24,0
ST04499,Ekaja Korpal,TS272,Male,6,61.4,69,69,56,Low,1.7,Yes,Secondary,24,1
ST04500,Ekavir Gera,TS201,Female,6,72.0,75,73,78,High,8.3,No,Secondary,2,0
ST04501,Finn Samra,TS116,Male,8,85.8,79,91,90,Low,6.6,Yes,None,13,0
ST04502,Frado Verma,TS112,Male,6,62.8,65,62,48,Low,10.6,No,Secondary,9,1
ST04503,Maya Iyer,TS304,Female,6,65.2,56,67,66,Low,4.9,Yes,Graduate,29,1
ST04504,Vasatika Chanda,TS086,Female,7,64.8,59,53,67,Medium,8.5,Yes,Primary,16,1
ST04505,Pallavi Gupta,TS169,Female,10,78.6,78,69,76,Low,11.6,No,Primary,3,0
ST04506,Anirudh Wali,TS199,Male,9,46.4,40,38,42,Medium,4.9,No,None,4,1
ST04507,Vamakshi Choudhury,TS055,Female,6,48.7,55,55,42,Low,2.7,Yes,Primary,21,1
ST04508,Reyansh Soni,TS020,Female,6,91.6,90,94,86,Low,3.5,Yes,None,25,0
ST04509,Anita Keer,TS192,Male,6,97.6,97,83,85,Low,4.8,Yes,Primary,7,0
ST04510,Ayaan Rajagopalan,TS355,Male,9,79.7,74,78,71,Medium,9.7,Yes,Secondary,2,0
ST04511,Jatin Buch,TS431,Female,8,50.4,52,51,50,Low,10.8,No,Graduate,8,1
ST04512,Yashica Bassi,TS041,Female,10,64.4,57,59,62,Low,4.9,Yes,Secondary,2,1
ST04513,Michael Seshadri,TS400,Male,10,78.3,65,73,69,Medium,2.7,Yes,Primary,4,0
ST04514,Rachita Garde,TS200,Female,8,93.5,88,95,96,Medium,4.3,Yes,Primary,13,0
ST04515,Upadhriti Bhatnagar,TS170,Male,10,49.2,58,59,54,Medium,4.8,Yes,Secondary,22,1
ST04516,Joshua Aurora,TS420,Female,9,46.5,46,50,44,High,9.3,Yes,None,10,0
ST04517,Irya Bora,TS146,Male,6,45.3,40,38,41,Low,7.1,Yes,None,16,1
ST04518,Harsh Gill,TS001,Male,6,48.5,48,49,46,Low,5.7,Yes,Secondary,0,1
ST04519,Darpan Naidu,TS260,Male,6,84.8,79,85,81,Low,3.8,Yes,Secondary,17,0
ST04520,Devika Tiwari,TS299,Male,7,89.2,74,89,75,Low,11.8,No,Secondary,27,1
ST04521,Nitesh Shukla,TS412,Female,9,54.4,53,44,40,Low,3.5,No,Secondary,1,1
ST04522,Forum Dua,TS268,Female,10,67.4,66,74,67,Medium,2.5,Yes,Primary,9,0
ST04523,Vrinda Walla,TS249,Male,8,75.1,63,76,79,Low,8.9,Yes,Primary,15,0
ST04524,Xalak Dugar,TS446,Female,9,74.1,85,79,84,High,6.9,Yes,Secondary,21,0
ST04525,Yochana Ahuja,TS044,Male,9,69.0,53,60,58,Medium,4.6,No,Secondary,8,0
ST04526,Rachit Buch,TS490,Male,6,59.9,56,72,56,High,5.6,Yes,Graduate,11,0
ST04527,Megha Sant,TS006,Female,7,55.0,44,58,61,Low,9.9,Yes,None,2,1
ST04528,Oviya Mann,TS306,Female,7,95.9,92,99,92,High,7.3,No,None,26,0
ST04529,Jhalak Parmer,TS339,Female,9,86.8,96,78,87,High,6.5,Yes,Primary,17,0
ST04530,Utkarsh Sabharwal,TS461,Female,7,96.9,97,85,96,Low,0.8,Yes,Secondary,5,0
ST04531,Ganga Lalla,TS098,Female,8,55.5,48,50,58,Low,9.0,Yes,Primary,25,1
ST04532,Fiyaz Subramanian,TS242,Female,10,86.0,83,88,88,Low,8.5,Yes,Primary,11,0
ST04533,Hiral Jayaraman,TS060,Female,6,50.3,53,49,59,Low,6.3,Yes,Secondary,22,1
ST04534,Praneel Dasgupta,TS165,Male,10,46.9,57,55,57,Low,3.2,Yes,Secondary,29,1
ST04535,Darika Korpal,TS304,Female,6,48.7,43,42,48,Low,9.0,Yes,Secondary,10,1
ST04536,Kalpit Mallick,TS155,Male,10,52.5,46,53,52,Medium,2.5,Yes,Primary,28,1
ST04537,Ganga Chatterjee,TS174,Female,8,48.2,42,51,40,Medium,9.8,Yes,Primary,1,1
ST04538,Vivaan Varghese,TS383,Male,7,58.2,67,51,59,Low,5.9,Yes,Primary,26,1
ST04539,Fiyaz Keer,TS281,Male,9,76.7,65,83,80,Medium,7.3,Yes,Secondary,25,0
ST04540,Ranveer Kade,TS039,Male,8,95.6,96,99,90,Low,11.7,Yes,None,1,0
ST04541,Yashawini Yadav,TS197,Male,10,54.7,60,54,44,Low,8.0,Yes,Primary,0,1
ST04542,Aarnav Ben,TS004,Female,10,65.6,72,54,65,Low,4.0,Yes,None,5,1
ST04543,Neel Naidu,TS414,Male,10,63.1,60,65,53,Low,10.9,Yes,Graduate,4,1
ST04544,Nakul Boase,TS420,Female,6,75.0,75,62,82,Medium,8.4,Yes,Secondary,8,0
ST04545,Vasana Gandhi,TS281,Female,6,61.9,70,57,56,Low,10.9,Yes,Secondary,24,1
ST04546,Yatan Mutti,TS398,Female,8,55.5,47,44,62,High,1.9,No,Primary,1,0
ST04547,Yashodhara Gulati,TS185,Male,10,81.8,85,88,68,Low,9.9,Yes,Primary,14,0
ST04548,Widisha Bera,TS176,Male,10,53.2,60,60,62,Low,6.8,Yes,Primary,16,1
ST04549,Sai Kunda,TS333,Female,6,78.8,73,71,73,Medium,11.4,No,None,4,0
ST04550,Meera Goel,TS013,Male,6,59.6,63,48,63,Low,0.6,No,None,28,1
ST04551,William Sidhu,TS097,Female,6,81.5,83,86,77,Low,7.8,Yes,Secondary,21,1
ST04552,Garima Aurora,TS199,Female,7,87.8,84,94,90,Low,5.7,Yes,Primary,16,0
ST04553,Arunima Tella,TS035,Male,6,50.1,45,48,47,High,1.5,No,Primary,28,1
ST04554,Tristan Palla,TS205,Female,7,71.2,59,77,65,Medium,3.3,Yes,Primary,30,0
ST04555,Darpan Patla,TS092,Male,10,69.0,66,60,62,Low,8.8,Yes,Secondary,25,1
ST04556,Ekaja Bajaj,TS422,Female,9,71.1,66,76,70,Medium,3.5,Yes,None,23,0
ST04557,Vidhi Chacko,TS284,Male,8,80.5,70,86,72,Medium,4.1,Yes,Primary,26,0
ST04558,Jatin Dey,TS363,Female,9,84.5,84,86,80,Low,10.9,Yes,Primary,10,0
ST04559,Urmi Bal,TS356,Male,6,84.4,80,89,81,Low,1.5,Yes,Primary,30,0
ST04560,Darpan Kara,TS367,Male,6,50.2,59,43,47,Medium,10.5,Yes,Secondary,27,1
ST04561,Tanish Contractor,TS327,Male,10,88.0,87,76,74,Low,5.7,Yes,Primary,18,0
ST04562,Utkarsh Biswas,TS082,Female,6,75.8,62,61,67,Medium,0.8,No,Secondary,19,0
ST04563,Balhaar Tara,TS092,Male,10,47.9,53,47,40,Medium,4.3,No,Secondary,7,0
ST04564,Hitesh Parsa,TS469,Male,7,80.7,80,84,80,Medium,6.4,Yes,Secondary,30,0
ST04565,Yuvraj Basak,TS075,Female,10,54.4,60,62,62,Medium,10.8,Yes,None,14,0
ST04566,Jonathan Wason,TS095,Male,7,97.3,92,95,93,Low,4.1,Yes,Primary,17,0
ST04567,Divya Sandal,TS297,Female,9,45.9,49,48,39,Medium,2.5,Yes,None,16,1
ST04568,Fitan Chadha,TS362,Female,10,60.5,44,62,45,Low,11.0,No,Graduate,22,1
ST04569,Nitara Bains,TS416,Female,8,90.0,84,83,79,Low,3.7,Yes,Primary,16,0
ST04570,Mohini Prakash,TS367,Male,6,56.2,48,63,57,Medium,6.1,Yes,Primary,0,0
ST04571,Mason Natarajan,TS418,Male,9,63.0,61,62,55,Medium,3.1,No,Secondary,10,0
ST04572,Divya Sarna,TS270,Female,7,50.8,49,48,50,Low,5.1,Yes,Primary,22,1
ST04573,Warda Seth,TS293,Female,7,87.6,80,92,93,Medium,0.8,Yes,Primary,11,0
ST04574,Jagvi Panchal,TS446,Male,9,81.2,79,66,79,Low,10.7,No,Primary,1,0
ST04575,Damyanti Hegde,TS134,Male,7,48.5,45,44,51,High,9.5,Yes,Primary,13,0
ST04576,Chandran Sekhon,TS291,Female,6,48.0,50,50,47,Medium,0.8,Yes,Secondary,30,1
ST04577,Yoshita Khosla,TS402,Female,7,52.0,42,55,49,Low,3.0,Yes,Secondary,30,1
ST04578,Harshil Sharaf,TS433,Female,6,54.7,57,63,50,Low,10.2,Yes,Secondary,4,1
ST04579,Kavya Bhardwaj,TS453,Female,8,62.9,63,71,65,High,10.1,Yes,Secondary,25,1
ST04580,Gaurav Nath,TS401,Male,10,94.2,84,81,79,Low,8.0,Yes,Primary,10,0
ST04581,Ansh Vig,TS148,Female,8,93.9,84,93,80,Low,3.4,Yes,Primary,20,0
ST04582,Maanas Chad,TS096,Male,10,77.9,72,87,89,High,0.8,Yes,Secondary,9,0
ST04583,Ira Dhawan,TS372,Female,7,64.3,60,52,55,Medium,5.7,No,Primary,6,0
ST04584,Omkaar Bakshi,TS095,Male,6,87.6,89,77,86,High,10.1,No,Graduate,13,0
ST04585,Amrita Sahni,TS477,Female,7,94.2,83,95,80,Low,6.4,Yes,Secondary,14,0
ST04586,Rehaan Purohit,TS474,Female,9,67.8,71,56,62,Medium,4.7,Yes,Primary,9,0
ST04587,Christopher Thaker,TS089,Female,6,85.0,79,91,74,Low,2.3,Yes,None,15,0
ST04588,Ayush Dhawan,TS163,Female,8,67.6,70,55,75,Low,6.8,Yes,Secondary,28,1
ST04589,Max Bal,TS283,Female,8,85.5,80,78,73,Low,6.1,No,Secondary,29,1
ST04590,Gunbir Raj,TS398,Female,10,95.1,94,80,79,Low,4.2,No,Primary,24,1
ST04591,Ayushman Sengupta,TS263,Male,7,73.9,83,82,74,High,12.0,Yes,Secondary,23,0
ST04592,Nirja Sawhney,TS462,Female,10,73.1,68,72,67,Low,11.9,Yes,Graduate,9,0
ST04593,Ishaan Natt,TS016,Female,7,68.3,73,61,62,High,7.7,Yes,Primary,15,0
ST04594,Deepa Gaba,TS252,Female,10,56.4,45,53,52,Low,0.7,No,Primary,12,1
ST04595,Urvi Deshpande,TS085,Female,10,78.4,68,76,84,Low,6.2,Yes,None,26,0
ST04596,Chaitanya Sen,TS289,Male,6,69.5,57,61,72,Low,1.2,Yes,Primary,16,1
ST04597,Ojasvi Rana,TS092,Male,9,82.3,79,93,86,High,3.2,Yes,Secondary,12,0
ST04598,Anmol Krish,TS095,Male,8,93.0,86,78,81,Low,5.6,Yes,Primary,25,0
ST04599,Chatura Tank,TS453,Male,10,89.8,81,83,81,Medium,3.4,Yes,Primary,12,0
ST04600,Kabir Din,TS261,Female,6,61.9,61,57,61,Low,5.0,Yes,Secondary,13,1
ST04601,Reyansh Mahajan,TS422,Male,7,90.9,89,95,95,High,11.7,Yes,None,25,0
ST04602,Darika Contractor,TS497,Male,8,75.0,64,74,64,Medium,8.2,Yes,None,17,0
ST04603,Ucchal Chakraborty,TS184,Male,9,62.1,65,66,54,Medium,1.8,Yes,None,28,1
ST04604,Tristan Bhandari,TS346,Female,8,55.4,48,54,48,Low,4.2,Yes,Secondary,3,1
ST04605,Ryan Bumb,TS212,Female,10,92.8,75,88,91,Low,5.5,No,None,0,0
ST04606,Janaki Lalla,TS370,Male,6,78.7,83,84,77,High,4.8,Yes,Secondary,8,0
ST04607,Nandini Balay,TS348,Male,8,69.3,60,66,65,High,9.2,No,Primary,13,1
ST04608,Hemal Kata,TS331,Male,6,55.9,46,47,61,Medium,3.0,Yes,Primary,25,1
ST04609,Yashodhara Kale,TS189,Female,10,45.8,41,49,38,Low,10.5,Yes,Secondary,18,1
ST04610,Tristan Tank,TS174,Male,9,78.9,82,75,78,Medium,2.8,Yes,Primary,10,0
ST04611,Lekha Goda,TS381,Male,10,49.8,43,44,34,Medium,4.5,No,Primary,23,1
ST04612,Rajata Nagy,TS442,Male,10,72.2,78,77,69,Low,4.2,Yes,Primary,16,0
ST04613,Agastya Pandya,TS197,Male,9,68.0,81,68,67,High,3.5,Yes,Secondary,1,0
ST04614,Oni Wason,TS043,Female,9,84.0,70,84,74,Medium,6.2,Yes,None,8,0
ST04615,Anita Pillai,TS107,Female,8,64.1,68,59,61,Low,1.0,Yes,Secondary,16,1
ST04616,Abeer Palla,TS374,Female,6,78.7,85,73,74,High,4.1,No,Primary,4,0
ST04617,Noah Tripathi,TS143,Female,6,78.8,67,72,70,Medium,4.9,Yes,Primary,20,0
ST04618,Bakhshi Rana,TS214,Female,7,92.1,91,75,84,Medium,6.3,No,None,5,0
ST04619,Vrinda Lanka,TS300,Male,10,75.7,82,65,67,Low,9.7,Yes,Primary,21,1
ST04620,Rohan Viswanathan,TS005,Male,10,71.8,74,54,67,Low,5.0,No,Primary,28,1
ST04621,Nidhi Sangha,TS137,Female,6,91.7,86,94,82,High,7.4,Yes,Primary,6,0
ST04622,Lakshit Ahuja,TS027,Female,9,61.4,56,63,55,Medium,10.3,Yes,Secondary,22,1
ST04623,Tripti Jayaraman,TS418,Male,10,52.0,62,53,57,High,3.1,Yes,Secondary,23,1
ST04624,Ekapad Krishnamurthy,TS388,Female,7,88.2,93,94,94,Low,7.9,Yes,None,25,1
ST04625,Meera Bal,TS041,Female,9,55.5,50,55,64,Low,5.5,Yes,Primary,7,1
ST04626,Avi Boase,TS020,Female,6,88.2,77,79,92,Medium,8.0,Yes,Secondary,25,0
ST04627,Chaitanya Sarna,TS373,Male,6,45.5,41,34,47,Low,11.3,No,Primary,28,1
ST04628,Kashish Chakraborty,TS385,Male,9,92.4,84,92,93,Low,8.4,Yes,Secondary,5,0
ST04629,Zarna Jani,TS154,Male,10,69.5,68,71,54,Medium,10.7,No,None,10,1
ST04630,Geetika Goswami,TS376,Male,6,89.3,88,79,84,Medium,3.9,Yes,Primary,3,0
ST04631,Aradhana Mangat,TS083,Male,8,87.6,89,88,81,Low,9.8,Yes,Secondary,22,1
ST04632,Harshil Sura,TS339,Female,8,87.3,76,75,74,Medium,11.2,No,Primary,10,0
ST04633,Chaitanya Yohannan,TS355,Male,7,46.3,41,39,34,Medium,3.2,No,Secondary,8,1
ST04634,Pranit Chaudhry,TS005,Male,10,79.7,82,75,81,Medium,5.0,Yes,Primary,26,0
ST04635,Darpan Kant,TS225,Female,9,57.3,65,49,55,Low,2.2,Yes,Primary,21,1
ST04636,Umang Kara,TS433,Male,9,68.2,75,70,58,Low,2.3,Yes,Graduate,5,1
ST04637,Anjali Muni,TS285,Female,6,57.4,62,52,63,Medium,11.2,Yes,Secondary,27,1
ST04638,Kevin Madan,TS420,Female,7,72.2,54,58,65,Low,5.4,No,None,7,0
ST04639,Shivani Handa,TS238,Male,9,74.9,73,74,77,Low,11.8,Yes,Secondary,9,0
ST04640,Yahvi Ramakrishnan,TS076,Female,9,73.7,74,76,60,Medium,9.9,No,Secondary,26,0
ST04641,Panini Magar,TS157,Female,10,94.9,90,99,87,High,4.9,Yes,Primary,4,0
ST04642,Chandran Parikh,TS342,Female,10,69.4,81,81,70,High,9.5,Yes,Secondary,8,0
ST04643,Leena Sachdeva,TS291,Female,7,92.7,99,97,99,High,9.3,Yes,Primary,23,0
ST04644,Ishita Dora,TS116,Male,8,93.3,87,89,78,Low,6.0,Yes,Primary,12,0
ST04645,Indali Shan,TS104,Male,9,64.2,64,65,56,Medium,8.7,No,Primary,4,1
ST04646,Kashvi Mody,TS202,Female,10,94.7,88,90,99,High,11.7,Yes,Secondary,16,0
ST04647,Pushti Merchant,TS253,Female,9,83.5,88,75,79,Medium,1.8,Yes,Secondary,30,0
ST04648,Raghav Seth,TS195,Female,8,79.2,75,70,67,High,2.5,No,None,0,0
ST04649,Nidhi Gola,TS294,Male,9,95.7,84,83,83,Low,8.7,No,Primary,6,0
ST04650,Isha Panchal,TS189,Female,6,82.6,80,72,81,Medium,6.5,Yes,None,4,0
ST04651,Advaith Khalsa,TS198,Male,6,69.2,71,69,70,Low,10.4,Yes,Graduate,9,1
ST04652,Ati Bhandari,TS458,Female,6,47.7,40,37,34,Low,5.1,No,Primary,15,1
ST04653,William Batta,TS258,Male,7,46.9,40,44,38,Low,6.0,Yes,Primary,17,1
ST04654,Harini Sinha,TS169,Female,9,92.7,96,87,86,Medium,7.4,Yes,Secondary,17,0
ST04655,Baghyawati Sur,TS477,Male,10,52.0,58,43,44,Low,2.6,Yes,None,1,1
ST04656,Keya Rana,TS285,Female,8,79.2,66,78,81,Low,8.5,Yes,Primary,23,1
ST04657,Chaman Lad,TS186,Female,6,87.2,92,84,90,Low,7.6,Yes,None,26,1
ST04658,Ekiya Talwar,TS440,Male,10,89.7,94,83,82,Low,2.1,Yes,Secondary,5,0
ST04659,Hemani Bal,TS027,Male,7,79.1,70,70,70,Medium,3.6,No,Primary,27,0
ST04660,Zayyan Sridhar,TS207,Male,9,58.6,59,56,60,Low,4.6,Yes,Graduate,14,1
ST04661,Bina Virk,TS073,Female,8,52.6,51,54,44,Medium,5.1,Yes,Primary,22,1
ST04662,Aayush Loke,TS481,Female,10,94.5,77,77,94,Medium,7.5,No,None,14,0
ST04663,Jagdish Char,TS055,Female,10,65.1,63,71,66,High,8.3,Yes,Graduate,10,0
ST04664,Radhika Mishra,TS058,Female,7,56.6,53,62,53,Low,7.9,Yes,Secondary,9,1
ST04665,Shaurya Lad,TS302,Male,10,80.0,67,85,76,Medium,8.5,Yes,Secondary,17,0
ST04666,Urvashi Narayanan,TS220,Female,7,72.8,79,73,71,Medium,1.2,Yes,Primary,6,0
ST04667,Luke Chaudhuri,TS207,Male,9,76.5,82,83,78,High,8.8,Yes,Graduate,3,0
ST04668,Vedant Puri,TS216,Male,6,74.1,66,73,66,Medium,10.2,No,Secondary,4,0
ST04669,Rachana More,TS030,Male,9,56.0,65,48,64,Low,5.7,Yes,None,25,1
ST04670,Matthew Basu,TS294,Female,8,79.1,83,77,68,Low,3.9,Yes,Secondary,21,0
ST04671,Rohan Gupta,TS123,Male,6,68.7,68,68,68,Low,5.9,Yes,Primary,28,1
ST04672,Lakshmi Venkatesh,TS258,Male,7,63.1,66,57,51,Low,9.3,No,Primary,14,1
ST04673,Anay Shenoy,TS380,Female,6,90.4,86,87,85,Medium,5.1,Yes,Primary,18,0
ST04674,Luke Mall,TS214,Male,8,51.6,56,54,50,Low,2.9,Yes,Primary,11,1
ST04675,Timothy Palla,TS151,Male,8,97.1,86,88,81,Low,8.2,No,Primary,28,1
ST04676,Onveer Kumer,TS194,Female,7,89.2,94,78,87,Low,1.4,Yes,Secondary,30,0
ST04677,Vanya Andra,TS298,Male,6,75.7,83,75,83,Medium,3.5,Yes,None,25,0
ST04678,Samesh Sachdev,TS181,Male,7,68.3,75,58,64,Medium,10.7,Yes,Secondary,11,0
ST04679,Samaksh Das,TS304,Male,8,88.9,80,81,75,Low,8.6,Yes,Secondary,18,1
ST04680,Rajeshri Puri,TS007,Female,9,72.0,70,77,77,High,3.9,Yes,Secondary,24,0
ST04681,Gavin Bera,TS077,Male,8,79.0,68,84,70,Medium,6.6,Yes,Graduate,2,0
ST04682,Zarna Walla,TS176,Male,9,75.5,67,63,73,High,1.1,No,Secondary,16,0
ST04683,Ganga Bhasin,TS370,Male,9,65.0,54,64,53,Low,4.5,Yes,Secondary,22,1
ST04684,Rudra Master,TS296,Male,6,53.6,41,43,54,Medium,5.7,No,Secondary,15,1
ST04685,Girish Kala,TS001,Male,6,68.0,64,66,68,Low,8.7,No,Graduate,10,1
ST04686,Chandresh Keer,TS420,Male,10,80.4,67,73,76,Medium,6.1,No,Secondary,14,0
ST04687,Akshay Vyas,TS492,Female,9,90.9,77,80,76,Low,2.7,No,Graduate,21,1
ST04688,Tanish Basak,TS106,Male,6,54.1,50,43,60,Low,6.4,Yes,None,28,1
ST04689,Chaman Sandhu,TS237,Female,7,85.2,89,72,90,Low,2.9,Yes,Primary,3,0
ST04690,Yachana Sachdev,TS352,Female,10,64.5,60,54,67,Low,3.4,Yes,Graduate,11,1
ST04691,Ishanvi Bobal,TS046,Female,10,74.8,68,75,70,Low,5.7,Yes,Primary,29,0
ST04692,Dipta Saxena,TS048,Male,9,92.9,88,99,99,High,11.9,Yes,None,16,0
ST04693,Girik Thaker,TS147,Female,10,65.9,61,67,50,Medium,3.3,No,None,25,1
ST04694,Shivani Pau,TS165,Female,8,67.2,71,71,58,Low,3.8,Yes,Graduate,18,1
ST04695,Warda Chahal,TS402,Female,10,69.1,64,71,70,High,9.0,Yes,Secondary,20,1
ST04696,Nisha Vasa,TS470,Female,7,61.1,57,55,63,Low,11.8,No,Primary,16,1
ST04697,Matthew Nadig,TS297,Female,10,84.1,72,74,90,Low,10.3,Yes,Secondary,3,0
ST04698,Sarthak Arora,TS047,Female,7,53.3,56,52,59,High,8.4,No,Secondary,27,1
ST04699,Anusha Nayak,TS015,Male,10,81.7,72,73,76,Low,2.2,No,Secondary,15,0
ST04700,Advika Tara,TS188,Female,8,84.3,72,84,68,Low,5.4,No,Primary,5,0
ST04701,Qadim Talwar,TS338,Female,8,61.2,63,66,56,Medium,11.4,Yes,Graduate,28,1
ST04702,Neha Rege,TS456,Male,8,63.7,63,71,66,High,9.9,Yes,None,29,1
ST04703,Chanakya Chaudhuri,TS263,Male,10,61.4,62,65,55,Medium,10.8,Yes,Secondary,17,1
ST04704,Vansha Oza,TS366,Male,6,97.6,99,86,99,Low,1.9,Yes,Secondary,18,0
ST04705,Amaira Tara,TS390,Male,8,88.5,71,69,81,Low,8.6,No,Graduate,4,0
ST04706,Megha Edwin,TS243,Female,6,69.6,56,70,68,Low,8.9,No,Graduate,29,1
ST04707,Mason Bala,TS073,Male,7,48.2,56,57,46,High,7.3,No,Graduate,1,1
ST04708,Jeremiah Bava,TS045,Male,10,92.8,79,85,81,Low,4.3,Yes,Secondary,29,0
ST04709,Vansha Bala,TS315,Male,6,48.0,47,55,48,Medium,4.8,Yes,Secondary,19,1
ST04710,Advay Venkataraman,TS136,Male,6,56.5,58,60,54,Medium,5.1,Yes,Secondary,25,1
ST04711,Varsha Nagarajan,TS126,Female,9,46.0,52,50,52,Low,10.0,Yes,None,1,1
ST04712,Hamsini Hayer,TS129,Female,8,53.1,53,44,53,Low,7.5,Yes,Secondary,17,1
ST04713,Manya Balay,TS340,Male,8,63.4,61,61,63,Medium,9.9,Yes,Primary,16,1
ST04714,Wridesh Sharaf,TS182,Male,6,70.2,75,74,73,Medium,5.1,Yes,Secondary,6,0
ST04715,Warjas Varughese,TS063,Male,7,71.1,78,73,61,Low,5.6,Yes,Secondary,17,0
ST04716,Aahana Sachar,TS470,Male,7,66.3,58,71,74,Low,5.4,Yes,Primary,12,1
ST04717,Jalsa Arya,TS054,Female,7,92.0,91,93,77,Low,9.5,Yes,None,1,0
ST04718,Yatan Mitra,TS321,Male,10,66.3,64,57,57,Low,11.3,Yes,None,23,1
ST04719,Krishna Sur,TS010,Female,10,97.2,99,85,91,High,5.9,No,Secondary,5,0
ST04720,Liam Luthra,TS173,Female,7,95.1,98,87,97,Medium,4.1,Yes,Primary,13,0
ST04721,Ranveer Hora,TS115,Male,9,87.3,77,83,78,Low,2.0,No,None,23,1
ST04722,Harish Mann,TS070,Male,9,87.7,88,76,79,Low,6.6,No,Primary,24,1
ST04723,Kai Mangal,TS385,Male,8,46.3,48,43,51,Low,11.7,Yes,Graduate,0,1
ST04724,Chasmum Narasimhan,TS152,Female,6,88.5,90,94,78,Low,1.9,Yes,Secondary,28,0
ST04725,Thomas Mitra,TS462,Female,9,66.7,75,58,56,Low,3.6,Yes,Secondary,17,1
ST04726,Urishilla Balakrishnan,TS451,Female,10,61.6,55,58,52,Low,7.9,Yes,Secondary,11,1
ST04727,Rayaan Bath,TS466,Female,8,60.0,66,55,65,Low,0.8,Yes,Primary,2,1
ST04728,Priya Khosla,TS315,Female,7,95.5,95,81,82,Medium,9.5,Yes,Secondary,19,0
ST04729,Aditya Mukherjee,TS266,Female,8,66.7,51,56,50,Medium,6.6,No,Graduate,20,1
ST04730,Theodore Banerjee,TS207,Male,10,87.8,82,81,89,High,7.5,No,Graduate,23,0
ST04731,Laban Amble,TS320,Male,7,75.6,72,72,80,Low,7.8,Yes,Primary,23,1
ST04732,Manbir Andra,TS182,Female,8,54.9,62,53,54,High,7.6,No,Primary,29,1
ST04733,Nicholas Dass,TS409,Female,8,74.0,77,73,73,Low,7.9,Yes,Primary,14,0
ST04734,Hardik Mutti,TS044,Female,6,59.5,57,62,61,High,6.0,Yes,Secondary,16,1
ST04735,Vidhi Chokshi,TS234,Female,8,91.2,81,97,81,Medium,8.9,Yes,Secondary,1,0
ST04736,Yashodhara Peri,TS317,Male,9,89.0,79,89,80,Medium,1.8,No,Primary,14,0
ST04737,Yashasvi Sandhu,TS097,Male,10,48.6,45,40,55,Medium,5.0,Yes,Secondary,20,1
ST04738,Madhav Contractor,TS007,Male,7,69.1,76,69,66,High,6.3,Yes,Graduate,12,0
ST04739,Alexander Rattan,TS070,Male,6,57.9,49,65,52,Medium,7.3,Yes,Primary,2,0
ST04740,Sathvik Atwal,TS057,Male,8,68.3,69,63,65,Low,11.4,Yes,Primary,24,1
ST04741,Yashica Chaudhary,TS452,Female,6,54.5,55,45,58,Medium,2.6,Yes,Primary,14,0
ST04742,Hardik Bala,TS475,Female,6,74.3,70,71,79,High,11.3,Yes,Primary,29,0
ST04743,Osha Pau,TS344,Female,8,87.3,84,87,82,Medium,7.8,Yes,Secondary,24,0
ST04744,Janani Krish,TS337,Male,7,73.3,56,65,55,Medium,6.2,No,Primary,23,0
ST04745,Tripti Ghose,TS204,Female,8,46.0,43,46,39,Medium,8.3,Yes,Primary,17,1
ST04746,Atharv Babu,TS230,Male,7,48.7,53,39,39,Low,6.0,Yes,Primary,5,1
ST04747,Yashoda Raman,TS328,Male,6,71.3,75,68,77,Medium,4.7,Yes,Secondary,30,0
ST04748,Gaurav Keer,TS121,Female,8,55.6,59,50,45,Low,2.6,Yes,Primary,9,1
ST04749,Chandani Badami,TS200,Male,10,74.7,76,73,69,High,2.2,Yes,None,19,0
ST04750,Qadim Chaudhary,TS004,Male,10,47.1,46,51,49,Medium,11.4,No,Primary,29,1
ST04751,Yahvi Varughese,TS300,Male,6,79.7,79,81,69,Medium,11.4,Yes,Primary,10,0
ST04752,Siddharth Khanna,TS435,Female,10,75.0,72,60,70,Medium,5.3,No,Secondary,13,0
ST04753,Krish Bhavsar,TS416,Male,8,73.1,79,65,72,Low,0.6,Yes,Secondary,30,0
ST04754,Yashasvi Gokhale,TS395,Male,9,58.5,43,60,59,Low,0.9,No,None,22,1
ST04755,Saumya Walia,TS205,Female,10,69.2,59,62,76,Low,5.4,Yes,Primary,9,1
ST04756,Ekantika Ravi,TS338,Female,7,56.1,63,59,63,Low,10.3,Yes,Primary,27,1
ST04757,Aryan Handa,TS203,Male,9,81.6,73,88,76,Medium,6.5,Yes,Primary,17,0
ST04758,Zarna Lala,TS206,Male,7,61.8,46,65,47,Medium,2.8,No,Secondary,3,0
ST04759,Ekantika Zacharia,TS153,Male,8,52.7,62,59,58,Low,11.1,Yes,Secondary,22,1
ST04760,Patrick Din,TS184,Male,8,96.4,93,90,89,Medium,5.6,Yes,Graduate,30,0
ST04761,Jagat Pai,TS334,Female,9,89.1,85,81,80,Medium,3.1,Yes,None,28,0
ST04762,Bhavani Iyer,TS250,Male,10,93.4,81,88,98,High,12.0,No,None,30,0
ST04763,Vaishnavi Mangal,TS126,Female,7,48.7,38,42,44,Low,7.4,Yes,Primary,20,1
ST04764,Kamya Morar,TS166,Male,6,80.4,72,74,75,Low,2.4,No,Graduate,25,1
ST04765,Qabil Reddy,TS049,Female,8,57.1,66,65,60,Medium,4.4,Yes,None,22,1
ST04766,Rachita Sidhu,TS173,Female,8,50.1,45,40,48,Low,7.4,Yes,Primary,18,1
ST04767,Omkaar Brar,TS065,Male,9,74.0,64,72,74,Medium,3.7,Yes,Primary,4,0
ST04768,Vanya Sami,TS261,Female,8,97.1,99,89,95,High,6.1,Yes,Primary,17,0
ST04769,Jacob Vasa,TS355,Female,7,67.9,59,62,63,Low,5.6,No,None,22,1
ST04770,Yatin Bains,TS311,Female,10,57.1,57,61,60,High,9.4,Yes,Secondary,0,0
ST04771,Edhitha Mistry,TS365,Male,6,51.6,41,61,47,Low,3.7,Yes,Graduate,13,1
ST04772,Oeshi Sekhon,TS461,Male,10,86.3,74,86,82,Medium,10.3,No,Primary,12,0
ST04773,Kavya Subramanian,TS440,Male,10,96.6,84,85,81,Medium,6.7,Yes,Secondary,6,0
ST04774,Finn Wali,TS492,Female,7,49.5,51,52,50,Medium,9.2,Yes,Primary,10,0
ST04775,Ekantika Morar,TS362,Female,6,57.0,43,60,49,Low,9.4,No,Secondary,23,1
ST04776,Bhavika Raman,TS233,Female,9,75.6,64,80,82,Low,4.9,Yes,Primary,29,0
ST04777,Anjali Sahota,TS151,Female,10,47.6,54,45,50,High,4.0,Yes,Secondary,22,1
ST04778,Imaran Sengupta,TS130,Male,8,77.7,85,83,87,High,7.9,Yes,Secondary,29,0
ST04779,Meghana Arora,TS290,Female,6,81.7,84,79,79,Low,6.8,Yes,Secondary,8,0
ST04780,Ubika Vala,TS048,Male,7,57.8,66,55,50,Low,10.3,Yes,Primary,7,1
ST04781,Ayushman Varma,TS346,Female,10,64.1,56,52,61,Medium,0.9,Yes,Graduate,21,1
ST04782,Abhiram Ahuja,TS207,Male,8,84.1,79,76,86,High,8.2,Yes,Graduate,24,0
ST04783,Bhavya Cherian,TS374,Female,9,63.5,52,66,62,Low,4.6,Yes,Primary,12,1
ST04784,Devansh Upadhyay,TS401,Male,9,95.7,88,82,96,Low,11.3,Yes,Secondary,6,0
ST04785,Indira Raghavan,TS001,Female,8,46.9,40,41,45,Low,9.5,Yes,Secondary,28,1
ST04786,Lakshit Rajagopalan,TS413,Male,10,48.2,57,46,49,High,2.8,Yes,Secondary,9,0
ST04787,Dalbir Shroff,TS421,Female,9,47.9,44,45,43,Medium,9.1,Yes,Primary,16,1
ST04788,Gaurav Handa,TS251,Male,7,92.4,97,89,78,Medium,11.2,Yes,Secondary,2,0
ST04789,Chasmum Mukherjee,TS496,Female,6,82.9,83,82,79,Medium,4.7,Yes,Secondary,25,0
ST04790,Simon Seth,TS373,Female,7,89.8,82,80,83,High,8.2,No,Primary,21,0
ST04791,Neha Rajagopalan,TS446,Male,7,49.1,34,42,51,Medium,5.0,No,Graduate,23,1
ST04792,Zehaan Subramaniam,TS435,Female,7,59.4,57,49,51,Medium,1.2,No,None,11,0
ST04793,Krish Krishnamurthy,TS308,Female,7,61.3,63,60,51,Low,1.4,Yes,Graduate,29,1
ST04794,Divya Kata,TS307,Female,9,74.7,82,81,75,Low,3.5,Yes,None,14,0
ST04795,Hitesh Sodhi,TS484,Male,8,83.5,84,86,78,Low,1.2,Yes,Secondary,17,0
ST04796,Rayaan Prasad,TS100,Female,9,53.5,53,62,48,Medium,0.6,Yes,Primary,2,0
ST04797,Ijaya Pingle,TS172,Female,9,64.5,54,66,58,Medium,4.2,Yes,None,15,0
ST04798,Mitali Datta,TS220,Male,9,66.6,69,68,56,Medium,7.3,Yes,Primary,14,0
ST04799,Abdul Dhingra,TS472,Female,8,58.1,67,58,47,Medium,1.2,Yes,Primary,4,0
ST04800,Vincent Mukhopadhyay,TS136,Female,6,78.6,65,60,72,Low,1.6,No,Primary,9,0
ST04801,Guneet Kumer,TS089,Female,7,54.6,44,46,48,High,1.6,No,Primary,21,1
ST04802,Sarthak Borah,TS080,Female,8,88.7,80,80,92,Medium,6.0,Yes,Primary,1,0
ST04803,Yauvani Contractor,TS327,Female,6,94.8,93,97,90,High,2.1,Yes,Primary,25,0
ST04804,Nathan Magar,TS451,Male,7,69.5,76,65,65,Medium,5.0,Yes,Primary,21,1
ST04805,Balendra Sampath,TS429,Female,9,80.1,89,75,87,High,2.1,Yes,Primary,12,0
ST04806,Krish Kannan,TS008,Female,10,92.8,90,78,98,Low,2.3,Yes,Primary,16,0
ST04807,Wakeeta Rattan,TS344,Male,8,59.2,73,64,68,High,8.8,Yes,None,28,1
ST04808,Rohan Khare,TS103,Female,7,51.0,43,40,43,High,1.0,No,Primary,17,1
ST04809,Upasna Pillai,TS415,Female,9,51.7,42,45,49,Low,7.3,Yes,Secondary,30,1
ST04810,Faraj Muni,TS211,Female,10,88.0,87,83,89,Low,10.8,Yes,Primary,0,0
ST04811,Shivansh Chakrabarti,TS056,Male,6,61.8,67,60,56,Medium,4.9,Yes,Primary,23,1
ST04812,Bhavna Vora,TS364,Male,6,72.4,73,73,70,High,11.5,Yes,Secondary,7,0
ST04813,Xavier Singhal,TS172,Female,9,61.7,55,57,63,Low,5.9,No,Secondary,5,1
ST04814,Ishita Sanghvi,TS478,Female,8,74.0,78,71,62,Medium,11.8,Yes,Secondary,5,0
ST04815,Ishani Chokshi,TS181,Female,6,78.1,76,82,74,Low,3.3,Yes,None,25,0
ST04816,Suhani Sankar,TS444,Female,8,57.3,66,66,52,Medium,2.0,Yes,Secondary,17,1
ST04817,Vasudha Loyal,TS261,Female,6,82.2,65,82,82,Medium,2.2,No,None,13,0
ST04818,Peter Tripathi,TS377,Male,6,56.7,59,51,47,Low,3.3,Yes,None,4,1
ST04819,Bhavani Sekhon,TS309,Female,9,95.2,85,86,99,Low,5.7,Yes,Secondary,15,0
ST04820,Gavin Shenoy,TS227,Female,9,48.7,58,58,49,High,3.7,No,Primary,6,0
ST04821,Pratyush Varghese,TS312,Male,9,84.2,81,72,84,Medium,0.5,Yes,Graduate,11,0
ST04822,Ayush Dayal,TS408,Male,10,52.6,49,54,45,Medium,10.1,Yes,Graduate,16,1
ST04823,Advaith Raja,TS063,Female,7,73.8,72,73,79,Medium,2.6,Yes,Primary,16,0
ST04824,Jairaj Karpe,TS241,Female,6,52.4,42,45,62,Low,10.7,Yes,Graduate,17,1
ST04825,Noah Narayanan,TS304,Male,9,84.3,83,80,86,High,7.7,Yes,Primary,17,0
ST04826,Yashoda Sami,TS341,Male,7,77.2,75,68,74,Medium,8.6,No,Secondary,21,0
ST04827,Omaja Vohra,TS219,Male,7,52.5,45,54,59,Low,10.0,Yes,Secondary,25,1
ST04828,Qarin Dube,TS046,Male,6,58.3,52,63,54,High,4.0,No,Secondary,9,0
ST04829,Gunbir Wason,TS485,Female,8,61.3,47,60,48,Low,11.8,No,Primary,0,1
ST04830,Niharika Patel,TS085,Female,9,69.7,77,71,70,Low,9.9,Yes,Primary,0,1
ST04831,Ekalinga Sekhon,TS401,Male,9,86.5,84,83,78,Low,8.8,Yes,Secondary,20,1
ST04832,Omya Thakkar,TS324,Male,9,49.4,39,47,56,Low,8.1,Yes,Secondary,22,1
ST04833,Ekansh Kata,TS323,Male,7,92.3,89,99,86,High,10.4,Yes,Graduate,13,0
ST04834,Manthan Deo,TS376,Male,6,63.1,65,48,48,Medium,9.3,No,Graduate,8,1
ST04835,Aadi Ganesan,TS491,Female,6,88.7,81,80,84,Medium,8.1,Yes,Secondary,7,0
ST04836,Bhavna Johal,TS274,Male,9,93.8,87,91,81,Medium,6.4,Yes,Secondary,13,0
ST04837,Onveer Sastry,TS111,Female,9,88.8,89,87,79,Low,10.2,No,Primary,9,0
ST04838,Kevin Butala,TS413,Male,9,61.9,63,55,57,Low,9.7,Yes,None,14,1
ST04839,Daniel Gala,TS121,Female,7,61.3,61,63,61,Low,11.4,Yes,Primary,26,1
ST04840,Maanas Murty,TS138,Female,10,57.7,62,46,64,Low,11.0,Yes,Secondary,7,1
ST04841,Bishakha Ratta,TS354,Male,9,84.8,70,69,73,Medium,5.7,No,Secondary,29,0
ST04842,Thomas Mishra,TS483,Female,6,90.0,77,82,81,Low,7.9,Yes,Primary,3,0
ST04843,Faras Hayer,TS079,Female,10,55.7,62,62,58,Medium,10.3,Yes,Primary,7,0
ST04844,Zayan Naidu,TS226,Male,7,54.1,43,59,57,High,1.2,No,Graduate,19,1
ST04845,Viraj Lad,TS214,Male,9,64.5,60,68,68,Medium,10.0,Yes,Primary,5,0
ST04846,Baghyawati Mishra,TS148,Female,8,64.6,58,60,66,Low,11.9,Yes,None,5,1
ST04847,Yochana Narayan,TS101,Male,9,74.6,79,69,82,High,4.4,No,Graduate,17,0
ST04848,Orinder Seth,TS221,Male,8,73.8,71,64,73,Medium,6.9,No,Graduate,30,0
ST04849,Kashish Ganesh,TS400,Female,9,49.0,47,47,51,Low,3.6,Yes,Secondary,1,1
ST04850,Anirudh Desai,TS014,Female,8,47.9,52,59,43,High,5.7,Yes,None,7,0
ST04851,Pranit Ramaswamy,TS205,Female,7,79.7,77,83,72,Medium,3.6,Yes,Secondary,25,0
ST04852,Omya Merchant,TS056,Male,9,79.6,67,78,75,Low,8.9,No,Graduate,20,1
ST04853,Kashish Dar,TS074,Female,8,84.0,90,77,80,Low,3.8,Yes,Secondary,8,0
ST04854,Rachit Kari,TS496,Female,7,96.8,96,98,86,Medium,2.8,Yes,Secondary,19,0
ST04855,Mahika Kara,TS330,Female,8,53.8,47,43,43,Low,9.3,Yes,Primary,10,1
ST04856,Faqid Sharma,TS058,Male,7,76.1,65,66,79,Low,8.5,Yes,Graduate,12,0
ST04857,Kritika Chad,TS463,Female,9,86.9,81,76,87,Medium,4.7,Yes,Primary,5,0
ST04858,Praneel Ahuja,TS479,Female,9,75.9,80,69,68,Low,7.8,Yes,Graduate,0,0
ST04859,Ridhi Narain,TS150,Male,8,83.0,89,76,85,Medium,8.4,Yes,Primary,21,0
ST04860,Damini Jain,TS446,Female,10,62.1,64,60,68,High,4.5,Yes,Graduate,7,0
ST04861,Sudiksha Guha,TS282,Female,8,78.2,79,72,69,Medium,6.3,Yes,None,8,0
ST04862,Ishita Biswas,TS277,Female,10,82.1,68,86,75,Medium,11.0,Yes,Secondary,5,0
ST04863,Gayathri Nagarajan,TS125,Male,6,77.8,66,71,76,Medium,3.4,No,Graduate,2,0
ST04864,Max Gera,TS199,Female,7,51.7,60,43,47,Medium,5.8,Yes,Secondary,7,0
ST04865,Pahal Sant,TS304,Female,10,65.6,65,60,66,Low,6.7,Yes,Graduate,7,1
ST04866,Hritik Cheema,TS086,Male,10,47.3,51,43,50,Medium,11.5,No,Secondary,16,1
ST04867,Chandresh Borah,TS409,Male,8,91.4,87,89,79,Low,10.2,Yes,Secondary,30,1
ST04868,Brinda Bhatti,TS291,Male,9,73.6,80,78,63,Low,2.5,Yes,Primary,5,0
ST04869,Zehaan Karan,TS164,Female,6,67.1,62,60,74,Low,9.9,Yes,Primary,12,1
ST04870,Samar Kothari,TS034,Male,9,51.6,43,53,50,Medium,3.9,Yes,Primary,25,1
ST04871,Edhitha Baria,TS220,Female,10,91.4,78,94,81,Medium,7.7,Yes,Secondary,19,0
ST04872,Abdul Ranganathan,TS499,Female,10,54.4,47,55,43,Low,2.3,Yes,Primary,27,1
ST04873,Oviya Bawa,TS406,Male,8,59.7,56,43,61,Medium,4.2,No,Primary,4,0
ST04874,Pahal Sathe,TS356,Female,7,84.4,88,87,95,High,4.1,Yes,Primary,18,0
ST04875,Pushti Naik,TS459,Female,8,96.0,86,91,98,Low,4.9,Yes,Secondary,30,0
ST04876,Akshay Sarin,TS319,Male,9,90.4,85,71,90,Low,11.5,No,Primary,0,0
ST04877,Jagvi Kadakia,TS407,Male,7,68.4,64,59,58,Medium,11.4,No,Primary,30,1
ST04878,Naksh Brar,TS013,Female,10,85.8,82,76,72,Low,7.1,No,Secondary,16,1
ST04879,Krishna Sami,TS296,Female,6,76.7,81,84,77,High,9.9,Yes,None,22,0
ST04880,Hemani Yadav,TS497,Female,9,68.1,60,59,58,Medium,3.8,Yes,Primary,3,0
ST04881,Samar Taneja,TS103,Male,8,65.5,52,54,50,Low,6.2,No,Secondary,5,1
ST04882,Ishaan Kota,TS056,Female,10,79.0,85,80,86,High,0.9,Yes,Secondary,21,0
ST04883,Falan Tiwari,TS374,Female,8,62.1,62,63,54,Low,10.0,Yes,Secondary,28,1
ST04884,Nitara Pau,TS040,Male,7,62.6,60,60,70,Medium,10.9,Yes,Secondary,15,0
ST04885,Qushi Uppal,TS316,Female,10,61.9,70,66,57,Medium,8.2,Yes,Secondary,6,0
ST04886,Ayaan Raghavan,TS437,Male,6,52.7,52,58,60,High,3.1,Yes,Secondary,24,1
ST04887,Amol Bali,TS452,Female,8,63.3,68,60,63,Medium,8.7,Yes,Primary,3,0
ST04888,Oliver Minhas,TS207,Male,7,57.7,55,66,55,Low,1.5,Yes,Secondary,2,1
ST04889,Bhavini Badal,TS075,Male,6,89.7,92,92,87,Low,7.3,Yes,None,4,0
ST04890,Chasmum Jha,TS421,Male,6,96.4,90,85,99,Low,1.7,Yes,Graduate,30,0
ST04891,Vrishti Mutti,TS107,Female,10,75.5,75,65,65,Low,9.7,Yes,Primary,20,1
ST04892,Chatura Brahmbhatt,TS040,Male,7,46.0,36,47,47,Medium,1.7,No,Secondary,26,1
ST04893,Zashil Banerjee,TS011,Male,8,56.4,63,63,50,Medium,9.3,Yes,Secondary,21,1
ST04894,Hritik Jaggi,TS266,Female,8,85.5,83,95,76,High,0.6,Yes,Primary,0,0
ST04895,Ikshita Bansal,TS138,Male,7,65.4,72,73,53,Low,11.1,Yes,Primary,25,1
ST04896,Anay Narula,TS354,Female,8,97.2,85,93,87,Medium,2.6,No,None,28,0
ST04897,Divya Konda,TS441,Female,6,85.8,91,84,84,Medium,11.1,Yes,Secondary,12,0
ST04898,Vasana Pai,TS131,Male,7,78.1,69,79,85,Low,1.6,Yes,Primary,2,0
ST04899,Nirja Bains,TS161,Male,9,79.6,85,86,71,High,9.6,Yes,Primary,8,0
ST04900,Harrison Manne,TS323,Female,9,89.8,94,87,75,Medium,8.2,Yes,Primary,14,0
ST04901,Jagvi Uppal,TS374,Male,6,65.4,70,75,77,High,1.7,Yes,Primary,30,1
ST04902,Qasim Balay,TS099,Male,7,82.3,88,86,80,High,11.7,Yes,Graduate,11,0
ST04903,Kai Maharaj,TS290,Male,7,88.7,88,89,77,Low,9.7,No,None,12,0
ST04904,Aahana Kalla,TS258,Female,9,64.7,58,66,69,Medium,2.2,Yes,Secondary,21,1
ST04905,George Krishna,TS056,Male,6,47.2,39,51,53,Medium,5.7,Yes,Primary,9,1
ST04906,Jagat Pingle,TS243,Male,8,87.8,90,81,75,High,7.0,No,Secondary,19,0
ST04907,Anjali Patel,TS178,Male,10,70.1,62,58,63,Low,8.5,Yes,Primary,3,0
ST04908,Mohini Wable,TS287,Male,6,74.5,72,78,81,Medium,10.8,Yes,Primary,1,0
ST04909,Gagan Sankar,TS059,Female,10,91.4,85,94,89,High,6.8,Yes,Primary,18,0
ST04910,Yamini Mani,TS373,Male,7,68.1,56,67,76,Low,9.8,Yes,Primary,1,1
ST04911,Charvi Chacko,TS317,Female,8,78.9,69,75,79,Low,6.4,Yes,Secondary,15,0
ST04912,Aradhana Chhabra,TS251,Male,10,60.0,69,64,49,Low,9.4,Yes,Secondary,3,1
ST04913,Vamakshi Deo,TS335,Female,8,50.9,50,58,63,High,6.6,Yes,Secondary,17,1
ST04914,Anita Subramanian,TS275,Female,8,67.9,70,66,60,Low,11.3,No,Primary,1,1
ST04915,Samarth Gandhi,TS175,Male,6,84.7,68,72,67,Low,4.6,No,Secondary,7,0
ST04916,Harinakshi Subramanian,TS152,Male,6,48.5,39,41,48,Medium,3.7,No,Primary,8,1
ST04917,Bishakha Sem,TS404,Female,8,96.6,96,88,93,Low,1.0,Yes,Primary,17,0
ST04918,Ranbir Mitra,TS316,Male,9,64.5,61,73,67,Low,6.3,Yes,Secondary,3,1
ST04919,Aarna Nair,TS350,Female,7,96.5,83,99,90,Medium,3.9,Yes,Primary,21,0
ST04920,Keya Grover,TS005,Male,8,78.9,70,61,76,Low,6.8,No,Primary,17,1
ST04921,Charles Gole,TS114,Female,10,96.3,99,90,86,Low,1.7,Yes,Graduate,12,0
ST04922,Kamala Chacko,TS343,Female,8,92.9,93,87,90,Medium,9.1,Yes,Graduate,1,0
ST04923,Siddharth Oza,TS115,Male,6,51.0,40,52,59,Low,9.1,Yes,Primary,23,1
ST04924,Rayaan Karan,TS463,Male,6,65.8,73,67,72,Low,3.0,Yes,Secondary,8,1
ST04925,Rachita Tella,TS213,Male,8,84.4,73,75,70,Medium,8.7,Yes,Primary,21,0
ST04926,Osha Naik,TS286,Male,10,76.9,78,79,76,Medium,9.3,Yes,None,21,0
ST04927,Nidhi Choudhry,TS339,Female,8,63.1,62,61,67,Low,2.0,Yes,Secondary,19,1
ST04928,Abeer Padmanabhan,TS310,Male,9,88.2,76,84,89,Low,7.5,No,Secondary,0,0
ST04929,Anamika Ganesan,TS156,Male,7,55.7,64,59,45,Low,11.2,Yes,Graduate,12,1
ST04930,Wriddhish Naidu,TS148,Female,7,90.8,81,85,76,Low,8.7,Yes,Secondary,9,0
ST04931,Rajeshri Taneja,TS149,Female,6,56.7,52,63,57,Low,9.1,Yes,Graduate,14,1
ST04932,Harita Venkatesh,TS399,Male,9,73.2,73,60,68,Medium,5.4,Yes,None,16,0
ST04933,Nicholas Rajagopal,TS358,Female,9,51.6,61,55,41,Low,10.2,Yes,Secondary,9,1
ST04934,Ojas Parekh,TS232,Female,8,86.1,82,81,83,Medium,11.5,Yes,Primary,15,0
ST04935,Unnati Agate,TS200,Female,6,45.6,50,42,46,Medium,1.1,Yes,Secondary,4,0
ST04936,Aarna Deo,TS043,Female,8,50.9,48,51,61,High,3.4,Yes,Primary,22,1
ST04937,Abhimanyu Bhakta,TS302,Male,7,87.4,80,80,87,Medium,4.2,No,None,8,0
ST04938,Darpan Batta,TS303,Male,7,50.7,40,54,55,Medium,2.8,Yes,Secondary,12,1
ST04939,Quincy Kaul,TS456,Female,8,50.6,46,57,46,Low,11.0,Yes,Primary,5,1
ST04940,Vyanjana Sodhi,TS421,Female,7,55.7,56,57,50,Low,2.1,Yes,Primary,17,1
ST04941,Shaurya Vala,TS392,Male,9,89.5,78,84,77,Medium,4.0,Yes,None,15,0
ST04942,Yamini Kurian,TS098,Male,9,92.2,84,94,93,High,9.8,Yes,Primary,19,0
ST04943,Vaishnavi Loyal,TS260,Female,6,87.3,91,79,79,High,10.4,No,None,21,0
ST04944,Gautami Saini,TS415,Male,8,84.1,80,81,74,Medium,9.2,Yes,Primary,17,0
ST04945,Lopa Dave,TS005,Female,7,47.3,60,50,59,High,2.3,Yes,Secondary,14,0
ST04946,Xiti Trivedi,TS189,Male,7,61.9,74,55,59,High,6.6,Yes,Secondary,29,1
ST04947,Udyati D’Alia,TS172,Male,7,84.4,70,75,86,Medium,2.9,Yes,Primary,7,0
ST04948,Yug Rana,TS236,Male,6,49.7,41,44,41,Low,9.8,Yes,Primary,14,1
ST04949,Zinal Nori,TS427,Male,6,81.5,70,88,86,Low,7.6,Yes,Secondary,9,0
ST04950,Gaurangi Issac,TS426,Male,9,61.4,53,64,46,Low,10.2,No,Primary,2,1
ST04951,Charita Bhatnagar,TS448,Male,8,94.1,84,82,96,Low,9.0,Yes,Secondary,8,0
ST04952,Omaja Dayal,TS386,Male,10,69.4,76,67,63,Low,3.3,Yes,Secondary,28,1
ST04953,Sai Parmar,TS346,Female,6,93.0,96,82,81,High,10.2,No,Secondary,7,0
ST04954,Jonathan Dugal,TS078,Male,7,93.3,98,79,83,Low,0.5,Yes,None,16,0
ST04955,Aarini Rau,TS039,Male,10,53.9,49,57,55,Medium,8.5,No,Secondary,21,1
ST04956,Mugdha Patel,TS207,Male,9,49.3,54,45,57,Low,5.4,Yes,Primary,8,1
ST04957,Alka Sheth,TS158,Male,6,73.6,63,64,62,Low,5.3,Yes,Secondary,25,0
ST04958,Frederick Sura,TS412,Female,10,50.2,57,49,50,High,6.2,Yes,Primary,12,0
ST04959,Ishita Halder,TS168,Male,9,72.0,70,72,72,Low,7.7,Yes,Secondary,20,1
ST04960,Jagdish Krishnan,TS287,Male,9,69.9,57,58,69,Low,5.7,No,Secondary,13,1
ST04961,Zashil Rattan,TS288,Female,8,95.7,91,77,86,Low,4.9,No,Graduate,21,1
ST04962,Xalak Dayal,TS024,Male,10,91.8,88,77,81,Medium,2.9,No,Primary,30,0
ST04963,Harsh Oza,TS250,Male,6,88.1,81,83,76,Medium,2.7,Yes,Primary,15,0
ST04964,Gunbir Chopra,TS245,Male,8,45.8,42,39,42,Medium,2.5,Yes,Secondary,3,1
ST04965,Rachita Sastry,TS330,Male,10,66.1,69,71,72,Low,4.2,Yes,Primary,19,1
ST04966,Libni Yogi,TS339,Male,6,65.2,56,65,54,Low,6.9,No,None,29,1
ST04967,Vamakshi Chahal,TS081,Male,7,91.1,84,89,94,Medium,1.7,Yes,None,12,0
ST04968,Chanakya Nagar,TS092,Female,8,60.7,65,56,60,Medium,11.1,Yes,Primary,7,0
ST04969,Amara Sekhon,TS136,Male,7,62.0,54,55,66,Medium,5.7,Yes,Primary,23,1
ST04970,Chakradhar Pai,TS050,Male,6,55.0,51,56,46,Low,4.0,No,Secondary,13,1
ST04971,Chasmum Khurana,TS301,Female,9,69.0,64,62,73,Low,4.9,Yes,Secondary,25,1
ST04972,Dev Badal,TS153,Male,9,65.8,60,55,60,Low,8.4,Yes,Secondary,10,1
ST04973,Jason Gandhi,TS223,Male,7,89.6,91,83,94,High,4.4,Yes,None,30,0
ST04974,Teerth Wagle,TS391,Male,6,96.0,84,92,85,Medium,8.3,No,Graduate,7,0
ST04975,Neel Rattan,TS426,Male,6,71.1,80,82,75,High,1.1,Yes,Secondary,0,0
ST04976,Neelima Dutt,TS128,Female,9,67.3,62,73,59,Medium,5.2,Yes,Primary,11,0
ST04977,Madhav Borah,TS472,Male,7,51.4,53,46,43,Low,5.7,Yes,Primary,5,1
ST04978,Urishilla Bhagat,TS383,Male,8,86.0,74,86,90,Low,10.1,Yes,None,29,1
ST04979,Harish Brahmbhatt,TS257,Male,7,76.9,82,82,80,Low,6.7,Yes,Graduate,4,0
ST04980,Kashish Chhabra,TS068,Male,7,55.9,64,64,59,Medium,10.0,Yes,Secondary,15,0
ST04981,Riya Lall,TS108,Female,10,79.4,62,75,69,Medium,4.8,No,Primary,27,0
ST04982,Amol Sankaran,TS437,Female,6,52.5,55,61,53,Low,0.9,Yes,Graduate,23,1
ST04983,Zashil Chaudhuri,TS404,Male,6,55.0,46,53,50,Low,4.8,Yes,Graduate,1,1
ST04984,Udyati Dave,TS381,Female,10,86.8,92,74,92,Low,2.9,Yes,Secondary,11,0
ST04985,Nathaniel Ganesan,TS101,Male,8,73.4,80,71,78,Low,6.2,Yes,Secondary,1,0
ST04986,Peter Ray,TS153,Male,6,60.0,57,64,57,Low,9.3,Yes,Primary,0,1
ST04987,Avi Garg,TS098,Female,10,81.7,82,78,88,Medium,1.3,Yes,Secondary,27,0
ST04988,Meera Kalla,TS276,Male,8,80.7,81,75,78,High,6.5,Yes,Primary,14,0
ST04989,Anika Khalsa,TS425,Female,10,54.0,60,63,49,Low,0.6,Yes,Graduate,29,1
ST04990,Abhiram Dara,TS117,Female,10,58.1,46,53,48,Medium,3.2,No,Secondary,14,0
ST04991,Harini Nazareth,TS159,Female,7,59.1,54,67,48,Low,0.5,Yes,Secondary,15,1
ST04992,Alexander Mane,TS224,Male,7,54.3,59,53,57,Low,0.6,Yes,Primary,25,1
ST04993,Vyanjana Gulati,TS461,Female,6,59.7,57,51,49,Low,9.0,Yes,Secondary,22,1
ST04994,Gautami Palla,TS296,Male,9,48.2,50,49,44,Low,6.7,Yes,Primary,15,1
ST04995,Chameli Dugar,TS144,Male,8,85.6,81,80,77,High,4.1,Yes,None,4,0
ST04996,Hamsini Deep,TS244,Female,10,65.9,55,53,49,Medium,0.7,No,None,21,1
ST04997,Yuvraj Dua,TS296,Female,9,81.8,78,70,81,Low,8.1,Yes,Secondary,22,1
ST04998,Varenya Sarma,TS070,Female,9,66.5,74,73,70,High,2.1,Yes,Graduate,18,1
ST04999,Logan Sood,TS411,Male,6,93.2,78,81,82,Low,2.6,Yes,Primary,6,0
ST05000,Warda Narain,TS067,Male,6,58.3,58,61,54,Medium,10.4,No,None,0,1
ST05001,Onveer Krishnan,TS115,Female,8,54.1,46,45,39,Medium,8.1,No,None,9,1
ST05002,Brinda Anne,TS200,Female,9,78.3,74,87,71,High,12.0,Yes,Secondary,5,0
ST05003,Hemal Chad,TS288,Male,8,52.7,42,43,57,Medium,4.0,Yes,Secondary,20,1
ST05004,Aarnav Lad,TS500,Female,7,91.3,90,81,79,Low,11.7,Yes,Primary,12,0
ST05005,Rachita Goel,TS020,Female,6,75.6,82,80,78,Low,7.7,Yes,Primary,6,0
ST05006,Forum Banik,TS325,Male,8,53.9,52,57,54,Medium,6.3,No,None,2,0
ST05007,Abhimanyu Hegde,TS020,Male,10,63.9,59,69,63,Medium,7.5,Yes,Primary,6,0
ST05008,Anthony Munshi,TS001,Male,9,61.2,66,62,51,Low,8.0,Yes,Primary,1,1
ST05009,Ronith Karpe,TS026,Male,9,86.6,83,84,68,Medium,5.6,No,Graduate,15,0
ST05010,Azaan Amble,TS416,Male,10,54.8,43,46,49,Low,11.0,No,None,13,1
ST05011,Alexander Bhatia,TS198,Male,7,93.1,85,86,73,Low,2.3,No,Graduate,18,1
ST05012,Ubika Pingle,TS402,Male,7,82.1,84,76,69,Medium,7.4,Yes,Secondary,2,0
ST05013,Bina Kale,TS355,Male,10,46.1,47,45,56,Medium,9.8,Yes,Graduate,13,0
ST05014,Madhavi Vala,TS031,Female,8,73.5,77,77,70,Low,0.9,Yes,None,19,0
ST05015,Utkarsh Suresh,TS272,Male,10,87.7,91,79,79,Low,6.1,Yes,Primary,7,0
ST05016,Forum Datta,TS109,Male,7,93.8,95,85,96,Low,6.2,Yes,Primary,10,0
ST05017,Sanya Cherian,TS075,Female,6,59.9,62,47,47,Low,7.6,No,Graduate,26,1
ST05018,Deepa Lata,TS191,Male,10,56.7,63,66,55,Medium,1.7,Yes,Secondary,16,1
ST05019,Lajita Patel,TS222,Male,10,64.5,73,53,67,Low,9.3,Yes,Graduate,2,1
ST05020,Lucky Walla,TS475,Male,8,53.4,62,51,57,Low,0.6,Yes,Secondary,24,1
ST05021,Darika Kara,TS330,Female,10,74.9,77,74,80,Low,8.9,Yes,Secondary,14,0
ST05022,Upma Vala,TS224,Female,9,82.8,82,82,75,Medium,4.4,Yes,Primary,11,0
ST05023,Upasna Banik,TS129,Male,9,63.0,54,70,60,Low,6.0,Yes,Primary,25,1
ST05024,Yashasvi Jha,TS403,Female,8,74.9,69,86,81,High,8.6,Yes,Secondary,16,0
ST05025,Jagat Ganguly,TS127,Male,6,85.3,75,87,72,Low,9.4,Yes,Primary,13,0
ST05026,Krish Sengupta,TS292,Male,7,53.1,42,39,52,Low,4.2,No,Primary,12,1
ST05027,Januja Dua,TS351,Female,8,88.6,86,80,90,Low,3.9,Yes,None,17,0
ST05028,Sarthak Agarwal,TS143,Female,9,80.4,84,74,68,Low,10.5,Yes,Secondary,19,1
ST05029,Jasmit Sibal,TS135,Male,7,70.5,58,70,72,Low,1.7,Yes,Secondary,27,0
ST05030,Anmol Rama,TS414,Male,6,73.0,67,72,76,Medium,2.3,Yes,Primary,21,0
ST05031,Nidra Mannan,TS308,Male,7,45.2,50,42,51,Medium,3.0,Yes,None,27,1
ST05032,Siddharth Wable,TS246,Male,7,82.2,64,75,83,Medium,1.2,No,Secondary,9,0
ST05033,Jacob Bhatti,TS398,Female,10,51.8,46,41,44,Medium,3.4,Yes,Primary,18,1
ST05034,Abhimanyu Shukla,TS228,Male,7,64.1,55,62,63,Medium,5.8,Yes,Primary,10,0
ST05035,Chaaya Salvi,TS049,Male,8,97.5,99,90,82,Low,7.2,Yes,Primary,10,0
ST05036,Nikita Deo,TS008,Female,8,55.8,48,51,64,Low,4.8,Yes,Secondary,20,1
ST05037,Veda Babu,TS147,Female,6,89.9,77,77,91,Low,7.6,Yes,Secondary,0,0
ST05038,Advaith Kumer,TS282,Female,8,85.4,78,89,88,Low,4.8,Yes,Primary,12,0
ST05039,Harish Swamy,TS139,Female,6,68.5,67,63,69,Medium,1.2,No,Graduate,9,0
ST05040,Ucchal Patla,TS322,Female,7,73.3,64,75,57,Medium,6.2,No,Secondary,29,0
ST05041,Warinder Ram,TS353,Female,10,85.4,91,83,87,Low,7.1,Yes,Secondary,0,0
ST05042,Widisha Mallick,TS387,Female,6,56.2,53,53,44,Medium,8.5,No,Secondary,18,1
ST05043,Avni Kapadia,TS465,Male,9,66.9,65,72,70,Medium,11.8,Yes,Secondary,4,0
ST05044,Lakshmi Rau,TS393,Female,8,92.3,95,85,95,High,8.4,No,Secondary,9,0
ST05045,Udant Dugal,TS307,Male,7,56.4,54,62,60,Low,9.1,Yes,Primary,21,1
ST05046,Rajeshri Gade,TS402,Female,7,51.6,53,55,57,Medium,1.2,Yes,Primary,25,1
ST05047,Nakul Behl,TS011,Female,8,86.1,87,73,89,Medium,5.6,Yes,Primary,13,0
ST05048,Ranveer Ganguly,TS266,Male,7,57.3,47,66,54,Low,1.7,Yes,Graduate,21,1
ST05049,Nisha Suresh,TS149,Female,8,51.2,52,57,55,Medium,0.8,Yes,Secondary,17,1
ST05050,Dayamai Gara,TS298,Male,7,70.9,71,60,76,Low,5.0,Yes,Secondary,20,0
ST05051,Gabriel Narang,TS484,Female,8,71.4,65,65,75,Medium,5.6,Yes,None,17,0
ST05052,Yashodhara Khalsa,TS228,Male,9,85.1,89,83,88,Low,6.5,Yes,Primary,18,0
ST05053,Janya Sahota,TS412,Female,6,64.8,67,51,59,Medium,8.0,No,Graduate,23,1
ST05054,Andrew Narayan,TS077,Female,6,59.9,52,53,56,High,10.0,No,Primary,13,1
ST05055,Jonathan Sen,TS463,Male,9,79.4,75,75,74,Medium,3.6,No,Primary,22,0
ST05056,Sathvik Wagle,TS123,Male,6,76.8,83,71,73,High,5.8,No,None,5,0
ST05057,Pallavi Virk,TS005,Male,8,86.9,78,78,84,High,7.1,Yes,Secondary,23,0
ST05058,Andrew Karan,TS252,Male,10,93.6,88,84,91,Medium,11.5,Yes,None,18,0
ST05059,Raghav Chakrabarti,TS482,Male,9,93.6,80,99,87,Low,4.8,Yes,None,15,0
ST05060,Xavier Brahmbhatt,TS215,Female,9,78.8,79,75,65,Medium,10.9,Yes,Primary,16,0
ST05061,Dev Raman,TS267,Male,9,46.0,49,44,43,Low,7.5,Yes,Primary,29,1
ST05062,Qabil Mittal,TS165,Male,10,93.2,81,85,86,Medium,5.7,Yes,Primary,29,0
ST05063,Vritti Sharaf,TS382,Male,10,77.4,66,74,77,Low,3.0,Yes,None,7,0
ST05064,Garima Kapoor,TS479,Male,6,60.7,55,62,44,Low,7.4,No,Primary,22,1
ST05065,Ishani Hari,TS251,Female,10,53.2,49,41,47,Medium,2.5,No,Primary,24,1
ST05066,Yadavi Naidu,TS259,Male,8,86.4,85,86,77,High,7.6,Yes,Secondary,1,0
ST05067,Atharv Sawhney,TS465,Male,10,95.2,99,95,89,High,0.6,Yes,Primary,12,0
ST05068,Naveen Dara,TS497,Male,8,72.0,75,59,61,Low,8.6,Yes,Graduate,27,1
ST05069,Dhriti Dass,TS214,Male,8,67.9,70,66,75,Medium,2.4,Yes,Primary,23,1
ST05070,Wakeeta Pal,TS087,Male,6,89.2,70,76,73,Medium,6.2,No,Secondary,19,0
ST05071,Xavier Baria,TS410,Male,7,62.6,54,65,62,Low,4.5,Yes,None,7,1
ST05072,Zayyan Kunda,TS058,Female,6,70.3,57,60,55,Medium,7.9,No,Primary,28,0
ST05073,Simon Ravi,TS102,Male,9,94.6,85,95,99,Medium,4.0,Yes,Secondary,10,0
ST05074,Ryan Srivastava,TS176,Male,9,62.8,46,63,62,Medium,3.1,No,Primary,22,1
ST05075,Ikbal Sehgal,TS179,Female,8,88.6,72,88,74,Low,9.6,No,Secondary,9,0
ST05076,Wyatt Gaba,TS246,Female,9,76.2,75,67,77,Low,6.2,No,Primary,29,1
ST05077,Azad Mohan,TS268,Female,6,69.0,63,76,65,Medium,2.4,Yes,Primary,7,0
ST05078,Megha Sahota,TS274,Female,7,72.8,80,68,64,Low,8.0,Yes,Secondary,28,1
ST05079,Arunima Butala,TS036,Female,9,82.6,79,80,69,Low,1.4,Yes,Secondary,0,0
ST05080,Kamala Bath,TS481,Male,6,49.0,49,58,45,Low,9.6,Yes,Secondary,15,1
ST05081,Priya Basu,TS296,Female,7,85.2,81,73,90,Medium,9.9,Yes,Primary,8,0
ST05082,Zansi Rajan,TS430,Male,7,45.2,39,47,39,Medium,8.7,Yes,Primary,14,1
ST05083,Elijah Anne,TS453,Female,7,63.0,46,48,56,Low,9.2,No,Secondary,16,1
ST05084,Januja Naik,TS451,Female,6,81.2,79,76,74,Medium,8.7,Yes,Secondary,23,0
ST05085,Ekavir Sharma,TS424,Male,7,59.2,54,55,48,Medium,6.5,No,Graduate,15,0
ST05086,Manan Dave,TS075,Female,9,52.4,46,54,54,Low,11.6,Yes,None,28,1
ST05087,Zaitra Dora,TS166,Female,8,54.8,63,60,58,High,7.2,Yes,Primary,8,0
ST05088,Dipta Cheema,TS111,Male,9,86.2,89,87,95,High,9.7,Yes,Graduate,12,0
ST05089,Ikshita Verma,TS421,Female,8,80.4,84,69,83,Medium,5.6,Yes,Secondary,22,0
ST05090,Damyanti Sharaf,TS367,Male,8,91.3,87,90,90,Medium,3.3,Yes,Graduate,28,0
ST05091,Chakradhar Nazareth,TS077,Female,8,49.0,60,50,46,High,0.8,Yes,Secondary,2,0
ST05092,Raagini Chopra,TS427,Female,9,95.6,81,83,84,Low,4.0,Yes,Primary,21,0
ST05093,Januja Kala,TS460,Female,10,47.5,48,38,53,Medium,4.2,Yes,None,3,0
ST05094,Chaaya Dhar,TS055,Female,6,85.0,69,80,72,Medium,6.7,No,Secondary,12,0
ST05095,Omisha Cheema,TS329,Male,6,93.4,98,96,85,Medium,5.9,Yes,Graduate,20,0
ST05096,Omkaar Viswanathan,TS348,Female,6,61.9,58,55,45,Medium,6.6,No,None,28,1
ST05097,Xalak Doctor,TS322,Female,8,74.0,85,71,83,High,3.8,Yes,Graduate,9,0
ST05098,Faraj Datta,TS108,Male,9,46.3,43,46,50,Low,11.1,Yes,Secondary,16,1
ST05099,Isaiah Salvi,TS462,Male,7,76.4,83,72,71,Low,6.8,Yes,None,28,0
ST05100,Libni Nayar,TS040,Female,7,79.6,64,76,63,Medium,5.1,No,Secondary,30,0
ST05101,Ikbal Sarma,TS082,Male,6,86.9,89,81,83,Medium,1.3,Yes,Primary,9,0
ST05102,Oeshi Varkey,TS159,Male,6,86.2,85,76,74,Medium,8.9,Yes,Secondary,10,0
ST05103,Prisha Mitter,TS082,Female,10,81.7,72,82,73,Low,11.0,Yes,Primary,0,0
ST05104,Kevin Kara,TS021,Female,10,82.1,79,82,73,Medium,6.6,Yes,Primary,6,0
ST05105,Ekanta Pal,TS290,Male,9,45.3,40,41,39,Medium,0.6,Yes,Secondary,11,1
ST05106,Ria Bala,TS049,Male,10,79.6,66,73,75,Low,6.5,Yes,Secondary,15,0
ST05107,Vinaya Chawla,TS244,Female,8,69.7,61,63,76,Low,11.7,Yes,Primary,4,1
ST05108,Banjeet Lala,TS169,Male,8,63.8,51,60,54,Low,1.5,No,Graduate,12,1
ST05109,Niharika Srinivas,TS235,Female,6,80.2,69,71,69,Medium,10.4,Yes,None,13,0
ST05110,Lucky Goswami,TS486,Male,9,71.4,60,65,70,Medium,11.5,Yes,None,4,0
ST05111,Yauvani Kale,TS278,Male,9,76.3,78,79,83,Medium,4.0,Yes,Secondary,26,0
ST05112,Jonathan Dewan,TS180,Male,9,52.3,62,49,56,High,4.0,Yes,Graduate,0,0
ST05113,Zansi Mall,TS080,Female,6,52.1,59,43,55,Medium,9.4,Yes,Graduate,23,1
ST05114,Ekani Bera,TS056,Female,10,87.4,88,83,78,Medium,4.2,Yes,Primary,21,0
ST05115,Zaid Garg,TS179,Male,7,55.9,56,47,45,Low,4.0,Yes,None,7,1
ST05116,Aachal Bandi,TS224,Female,10,82.7,76,88,86,Low,0.6,Yes,Primary,17,0
ST05117,Libni Nayar,TS190,Female,6,68.0,74,75,74,High,3.5,Yes,Secondary,9,0
ST05118,Ati Mandal,TS162,Male,9,97.3,80,89,92,Medium,6.2,No,Secondary,30,0
ST05119,Akshay Bakshi,TS341,Male,10,53.6,51,48,54,High,8.9,Yes,None,18,1
ST05120,Jyoti Mishra,TS006,Male,7,82.9,82,73,86,Medium,11.5,Yes,Primary,0,0
ST05121,Pratyush Chandra,TS157,Male,9,85.5,81,84,90,Low,4.6,Yes,Primary,30,0
ST05122,Oscar Sachdeva,TS314,Male,10,74.1,73,74,62,High,5.4,No,None,25,0
ST05123,Ira Mannan,TS324,Female,10,53.3,55,47,60,Low,4.7,Yes,None,1,1
ST05124,Abdul Dubey,TS463,Female,10,73.2,71,62,64,Low,7.8,Yes,Graduate,11,0
ST05125,Tanveer Mander,TS480,Male,7,61.9,65,63,62,Low,9.6,No,Graduate,11,1
ST05126,Chakrika Date,TS020,Female,10,57.6,52,43,57,Low,4.2,No,Primary,13,1
ST05127,Bakhshi Joshi,TS350,Female,6,57.4,58,61,53,Low,7.5,Yes,Primary,12,1
ST05128,Harrison Kanda,TS494,Female,6,51.2,56,51,42,Medium,1.0,Yes,Primary,7,0
ST05129,Saumya Bhagat,TS005,Male,8,77.0,81,65,66,High,9.2,No,Graduate,10,0
ST05130,Chandani Kala,TS216,Male,9,55.4,62,61,55,Medium,3.8,Yes,Primary,14,0
ST05131,Ekaja Bawa,TS272,Male,7,79.7,81,80,68,Low,7.2,No,Secondary,28,1
ST05132,Hema Balasubramanian,TS251,Female,10,52.9,53,52,51,Medium,6.8,No,Primary,8,0
ST05133,Ucchal Sahota,TS064,Male,10,94.2,91,95,99,Low,7.2,Yes,Primary,18,1
ST05134,Hemangini Chaudhari,TS252,Male,6,55.6,60,61,63,Low,1.1,Yes,Primary,7,1
ST05135,Yash Thakur,TS446,Female,6,97.9,99,88,94,Medium,7.8,Yes,Secondary,7,0
ST05136,Daksh Sathe,TS101,Female,8,72.1,70,56,64,Low,2.5,No,Graduate,24,1
ST05137,Anita Goel,TS161,Male,10,76.2,70,65,78,Low,9.8,Yes,Primary,21,1
ST05138,Nitara Atwal,TS210,Male,10,63.0,59,66,51,Medium,1.7,Yes,Secondary,1,0
ST05139,Yash Amble,TS257,Female,6,60.5,52,52,65,Low,6.2,Yes,Graduate,10,1
ST05140,Dalbir Sidhu,TS148,Female,6,97.9,98,99,92,High,10.4,Yes,Primary,10,0
ST05141,Abha Manne,TS320,Male,6,66.2,51,62,49,Low,11.0,No,Secondary,9,1
ST05142,Hemang Kade,TS045,Female,7,57.7,71,71,63,High,8.2,Yes,Graduate,3,0
ST05143,Girindra Buch,TS161,Female,10,92.4,99,97,90,High,10.4,Yes,Secondary,21,0
ST05144,Faris Sidhu,TS062,Male,9,76.6,69,63,82,Low,10.4,Yes,None,19,1
ST05145,Nikita Solanki,TS129,Male,6,92.9,92,93,79,Medium,8.7,No,Primary,23,0
ST05146,Ranveer Venkataraman,TS384,Female,10,80.7,77,68,78,Low,10.6,Yes,Secondary,15,0
ST05147,Faraj Narang,TS062,Female,7,54.5,51,68,53,High,8.8,Yes,Primary,28,1
ST05148,Hritik Sahota,TS037,Male,9,74.3,80,83,74,High,5.7,Yes,Secondary,9,0
ST05149,Yahvi Sule,TS042,Female,10,61.8,63,63,67,Low,10.7,Yes,Secondary,19,1
ST05150,Chanakya Hans,TS234,Male,7,79.9,78,78,84,Low,5.3,Yes,Graduate,28,0
ST05151,Nidhi Sankar,TS199,Female,6,75.5,68,65,73,Medium,1.4,Yes,Graduate,15,0
ST05152,Krishna Saha,TS070,Male,6,77.5,67,77,76,Medium,1.8,No,Graduate,16,0
ST05153,Bishakha Mohanty,TS415,Female,9,68.0,76,56,62,Medium,7.9,Yes,Primary,30,1
ST05154,Advika Dada,TS468,Male,7,61.8,62,66,58,Medium,6.7,Yes,None,5,0
ST05155,Elijah Sampath,TS062,Male,8,73.8,63,74,71,Low,9.9,Yes,Secondary,6,0
ST05156,Isaac Mandal,TS358,Female,7,65.2,58,69,62,High,7.7,Yes,Primary,19,1
ST05157,Arunima Tandon,TS353,Male,9,54.5,61,61,51,High,3.2,No,Primary,26,1
ST05158,Pratyush Mahal,TS488,Female,6,55.4,62,63,46,Low,7.1,Yes,Secondary,12,1
ST05159,Ekantika Anand,TS103,Female,7,48.7,38,46,46,Medium,7.1,Yes,Secondary,12,1
ST05160,Ria Dugar,TS075,Female,10,89.3,95,80,86,Medium,1.1,Yes,None,30,0
ST05161,Mohini Trivedi,TS223,Male,6,57.7,48,66,52,Low,7.3,Yes,Primary,27,1
ST05162,Atharv Loyal,TS471,Female,6,75.4,67,68,77,Low,6.2,Yes,Graduate,30,0
ST05163,Balvan Basu,TS470,Male,6,70.0,67,67,66,Medium,1.6,No,Primary,27,0
ST05164,Zaid Dada,TS483,Female,8,79.7,69,74,82,High,10.5,No,Primary,29,0
ST05165,Girindra Mahajan,TS298,Female,10,58.0,67,62,57,Medium,6.5,Yes,Primary,1,0
ST05166,Ekaja Soman,TS350,Male,8,51.7,56,51,48,Low,8.5,Yes,Graduate,15,1
ST05167,Sarthak Date,TS283,Male,8,96.1,86,77,91,Medium,2.8,No,Primary,12,0
ST05168,Nandini Dhillon,TS057,Female,10,95.2,83,80,81,Medium,1.5,Yes,None,3,0
ST05169,Xalak Buch,TS249,Female,6,70.8,75,68,64,Low,7.4,Yes,Primary,14,0
ST05170,Krish Rastogi,TS268,Male,9,52.3,51,50,58,High,10.0,Yes,Secondary,11,0
ST05171,Sneha Suresh,TS228,Female,6,48.4,40,57,58,Low,11.1,Yes,Primary,0,1
ST05172,Hemani Shan,TS346,Female,9,87.9,87,87,83,Medium,7.4,Yes,Primary,3,0
ST05173,Faras Mukhopadhyay,TS089,Male,10,89.9,73,84,87,Low,7.8,No,Secondary,10,0
ST05174,Theodore Behl,TS213,Female,6,83.2,74,80,83,Low,10.8,Yes,Primary,24,1
ST05175,Pranit Ramesh,TS310,Male,6,97.3,92,99,93,Medium,6.4,Yes,Primary,24,0
ST05176,Zayyan Mukhopadhyay,TS463,Female,6,73.3,73,67,75,Low,2.7,Yes,None,8,0
ST05177,Kabir Nadig,TS094,Male,8,49.7,55,41,44,Low,6.2,Yes,Primary,19,1
ST05178,Advay Sahni,TS120,Female,7,56.9,51,46,59,Low,6.2,Yes,None,8,1
ST05179,Farhan Chokshi,TS236,Female,6,47.9,56,57,38,Low,10.6,Yes,None,27,1
ST05180,Anya Rout,TS084,Female,6,83.7,84,71,81,Medium,7.3,Yes,Primary,9,0
ST05181,Yagnesh Kumer,TS108,Female,6,57.0,46,55,57,Low,2.1,Yes,Secondary,19,1
ST05182,Wyatt Devan,TS086,Male,6,52.0,46,41,52,Medium,11.1,Yes,None,20,1
ST05183,Radha Devi,TS225,Male,10,84.0,79,82,70,Medium,6.0,Yes,Primary,22,0
ST05184,Jatin Halder,TS121,Male,7,53.4,58,49,54,Low,3.2,Yes,Primary,17,1
ST05185,Sachi Varghese,TS403,Male,6,95.3,87,86,89,Medium,7.4,No,None,23,0
ST05186,Sathvik Chaudhry,TS099,Female,6,66.1,63,59,73,Medium,7.9,Yes,Primary,23,1
ST05187,Avni Sundaram,TS452,Female,10,72.2,70,65,66,Medium,9.5,Yes,None,8,0
ST05188,Ubika Mitter,TS450,Female,10,79.8,62,79,65,Low,3.2,No,Graduate,23,1
ST05189,Yahvi Datta,TS186,Male,9,92.4,79,97,98,Low,1.6,Yes,Secondary,3,0
ST05190,Brinda Rajagopalan,TS120,Male,10,86.8,76,86,89,Medium,7.9,Yes,Graduate,29,0
ST05191,Noah Ghose,TS309,Female,7,65.3,58,68,70,Low,6.6,Yes,None,15,1
ST05192,Zayyan Dey,TS334,Female,10,61.6,53,54,48,Medium,11.0,No,Primary,13,1
ST05193,Siya Naidu,TS088,Male,6,92.0,97,93,99,High,10.0,Yes,Primary,16,0
ST05194,Omya Dugal,TS192,Male,7,64.8,54,62,53,Low,9.1,Yes,Primary,13,1
ST05195,Ekanta Ganesan,TS288,Female,10,45.9,53,43,61,High,11.5,Yes,Graduate,6,0
ST05196,Rajata Chaudhuri,TS149,Male,9,76.1,67,82,63,Medium,8.2,Yes,Secondary,14,0
ST05197,Nihal Uppal,TS397,Female,6,45.2,44,53,56,High,6.3,Yes,Secondary,12,1
ST05198,Falak Talwar,TS226,Male,6,60.3,62,69,66,Low,0.8,Yes,Secondary,19,1
ST05199,Gaurav Upadhyay,TS048,Male,9,80.9,65,74,79,Medium,4.1,No,Graduate,23,0
ST05200,Arunima Sarkar,TS302,Male,8,64.4,57,57,60,Medium,2.5,No,Secondary,7,0
ST05201,Gaurika Dasgupta,TS482,Male,8,88.0,75,86,92,Low,7.2,Yes,Secondary,24,1
ST05202,Laban Soman,TS193,Female,7,61.2,68,68,51,Low,8.6,Yes,Primary,23,1
ST05203,Timothy Tank,TS448,Male,7,93.3,90,93,78,Low,4.1,Yes,Primary,26,0
ST05204,Sathvik Vohra,TS013,Male,10,74.0,69,57,60,Low,6.4,No,Graduate,2,0
ST05205,Rachana Sekhon,TS110,Female,6,78.5,76,75,75,High,2.6,No,None,4,0
ST05206,Jonathan Chauhan,TS215,Male,9,90.7,86,83,87,Low,8.2,Yes,Primary,2,0
ST05207,Hemangini Balan,TS487,Male,7,64.7,73,72,57,Low,2.6,Yes,Secondary,16,1
ST05208,Nakul Peri,TS030,Female,7,64.7,61,51,59,Low,1.7,No,Graduate,18,1
ST05209,Ayush Barad,TS281,Female,7,51.1,47,49,42,Low,11.0,Yes,Primary,26,1
ST05210,Dev Sampath,TS337,Female,10,46.8,51,48,43,Low,6.2,Yes,Secondary,25,1
ST05211,Ishani Rana,TS006,Female,7,80.5,71,86,72,Medium,10.6,Yes,Primary,9,0
ST05212,Finn Ravel,TS412,Female,6,81.1,87,81,67,Medium,3.1,Yes,Primary,22,0
ST05213,Matthew Das,TS495,Male,10,70.5,70,60,70,Medium,1.0,Yes,Secondary,20,0
ST05214,Rachana Sankar,TS457,Female,6,82.4,86,70,82,Low,9.0,Yes,None,2,0
ST05215,Patrick Contractor,TS189,Male,6,46.8,48,53,53,Medium,11.8,Yes,Graduate,28,1
ST05216,Avni Singhal,TS193,Male,8,52.8,46,50,45,Low,4.0,Yes,Primary,15,1
ST05217,Libni Bal,TS387,Male,6,70.4,60,73,66,Low,6.4,Yes,Graduate,13,0
ST05218,Ijaya Pau,TS002,Female,7,73.4,67,61,63,Medium,10.2,Yes,Secondary,27,0
ST05219,Kai Chakrabarti,TS332,Male,10,69.4,68,55,65,Medium,8.3,No,None,2,1
ST05220,Azad Sood,TS412,Female,7,45.3,39,51,54,Medium,1.8,Yes,Secondary,30,1
ST05221,Qushi Contractor,TS338,Female,7,49.6,41,54,44,Low,2.4,Yes,Primary,15,1
ST05222,Inaya Kapur,TS106,Female,7,65.8,60,56,57,Medium,5.2,Yes,Primary,3,0
ST05223,Dhriti Dhingra,TS410,Male,6,46.5,48,48,46,Medium,3.3,Yes,Primary,25,1
ST05224,Indrajit Apte,TS104,Female,10,89.8,91,88,76,Medium,3.1,Yes,Secondary,5,0
ST05225,Zayyan Sarraf,TS061,Male,10,90.0,76,76,82,Low,8.9,Yes,Primary,0,0
ST05226,Arunima Varkey,TS236,Female,9,50.1,52,56,59,Medium,10.6,Yes,Primary,18,1
ST05227,Zansi Dara,TS192,Male,9,96.7,96,91,94,Medium,8.9,Yes,Secondary,20,0
ST05228,Arunima Peri,TS234,Female,10,78.6,70,79,69,Low,9.0,No,Primary,4,0
ST05229,Diya Sharaf,TS451,Female,7,45.9,39,46,48,Medium,7.2,Yes,None,2,1
ST05230,Naveen Kala,TS420,Female,7,59.0,44,58,56,Low,4.8,No,Primary,7,1
ST05231,Advika Konda,TS492,Male,7,65.1,61,66,72,Medium,6.6,Yes,Secondary,7,0
ST05232,Harsh Natt,TS352,Male,6,92.0,91,78,82,Low,10.2,Yes,Secondary,29,1
ST05233,Wishi Kaur,TS437,Female,6,91.1,76,88,96,Medium,7.7,Yes,Graduate,1,0
ST05234,Nihal Bhargava,TS039,Female,10,59.9,71,71,66,High,6.2,Yes,Secondary,22,1
ST05235,Siya Dasgupta,TS459,Female,10,65.3,58,68,59,Low,9.8,Yes,None,18,1
ST05236,Pahal Bassi,TS060,Female,6,65.1,60,61,70,Low,7.2,Yes,Primary,3,1
ST05237,Qadim Chada,TS436,Female,7,66.3,68,73,60,Medium,7.8,Yes,Graduate,29,1
ST05238,Hemangini Barad,TS186,Male,10,69.8,61,76,58,Low,6.1,Yes,Graduate,3,1
ST05239,Janya Sen,TS019,Female,9,45.8,46,53,48,Medium,1.9,Yes,Secondary,4,0
ST05240,Wahab Bassi,TS043,Female,7,84.7,84,72,75,Medium,9.5,Yes,Primary,8,0
ST05241,Warinder Din,TS212,Male,8,81.0,74,85,88,High,8.7,Yes,Secondary,17,0
ST05242,Arin Halder,TS239,Female,6,69.6,71,60,65,Low,10.1,Yes,Graduate,22,1
ST05243,Ayushman Virk,TS032,Female,10,49.4,41,54,47,Medium,6.7,No,Secondary,25,1
ST05244,Chakradhar Chad,TS302,Male,6,61.5,67,66,70,Low,3.4,Yes,Graduate,17,1
ST05245,Fitan Pai,TS044,Female,10,46.6,45,48,53,High,5.0,No,Primary,8,0
ST05246,Nidra Rastogi,TS029,Female,8,64.1,59,55,64,Low,6.9,Yes,Secondary,22,1
ST05247,Yamini Mammen,TS121,Female,7,69.1,73,64,73,Medium,7.1,Yes,None,17,1
ST05248,Aryan Modi,TS079,Female,7,91.4,81,93,89,Medium,12.0,Yes,Primary,17,0
ST05249,Idika Chatterjee,TS103,Male,9,92.7,84,88,88,Medium,8.0,Yes,Graduate,2,0
ST05250,Tarak Bera,TS039,Male,8,57.7,55,47,55,Low,8.0,No,Primary,22,1
ST05251,Sarthak Natt,TS350,Male,6,93.8,80,81,93,Low,9.8,Yes,None,17,1
ST05252,Gaurangi Barman,TS278,Female,7,60.5,69,72,67,High,3.7,Yes,Secondary,10,0
ST05253,Udarsh Patla,TS061,Female,10,52.4,56,62,46,Medium,5.7,Yes,Secondary,30,1
ST05254,Ekansh Edwin,TS447,Female,6,74.5,78,64,68,Medium,6.2,Yes,Secondary,8,0
ST05255,Abha Buch,TS175,Female,7,45.1,40,41,44,Low,1.8,Yes,None,11,1
ST05256,Aradhana Borra,TS223,Female,6,88.2,77,89,76,Low,9.9,Yes,None,27,1
ST05257,Hritik Jani,TS476,Female,10,47.9,48,38,50,Medium,7.8,Yes,Primary,10,0
ST05258,Rohan Tata,TS290,Female,8,95.9,94,89,97,Low,10.9,Yes,None,12,0
ST05259,Meera Bhakta,TS424,Male,7,69.5,62,68,74,Medium,9.9,Yes,Primary,5,0
ST05260,Gaurangi Hans,TS433,Male,10,73.0,79,66,65,Medium,2.4,Yes,Secondary,11,0
ST05261,Oni Trivedi,TS067,Male,6,53.0,60,51,57,Medium,1.2,Yes,Primary,19,1
ST05262,Nathaniel Sangha,TS220,Male,7,49.0,51,59,53,Low,3.8,Yes,Graduate,14,1
ST05263,Gaurangi Sachar,TS208,Male,6,89.4,93,82,99,High,1.1,Yes,Primary,22,0
ST05264,Forum Karpe,TS166,Female,9,78.5,69,82,76,Medium,2.7,Yes,Secondary,19,0
ST05265,Ekaraj Bakshi,TS237,Female,9,48.2,51,61,60,High,5.6,Yes,Graduate,12,0
ST05266,Wishi Srinivasan,TS282,Female,10,67.9,62,79,69,High,4.6,Yes,None,30,1
ST05267,Falguni Mishra,TS070,Male,9,76.7,70,67,83,Low,7.4,Yes,Secondary,6,0
ST05268,Tanish Boase,TS177,Female,10,55.4,40,52,40,Low,10.6,No,Primary,0,1
ST05269,Lajita Kibe,TS269,Female,6,95.1,81,99,99,High,9.2,No,Primary,25,0
ST05270,Upasna Misra,TS134,Female,10,78.7,68,72,66,Medium,8.6,No,Graduate,2,0
ST05271,Lakshmi Sunder,TS010,Female,10,80.9,87,77,67,Medium,0.6,Yes,Graduate,19,0
ST05272,Dalaja Shere,TS144,Male,9,54.2,39,45,38,Low,10.3,No,Primary,17,1
ST05273,Arin Verma,TS155,Female,6,80.4,88,74,92,High,10.8,Yes,Primary,12,0
ST05274,Sudiksha Bassi,TS011,Female,7,50.4,42,40,43,Low,10.1,Yes,Secondary,12,1
ST05275,Nimrat Venkataraman,TS371,Male,10,97.3,89,91,83,Medium,6.7,Yes,Secondary,14,0
ST05276,Harrison Thakkar,TS479,Male,8,79.4,81,86,72,Low,1.5,Yes,Graduate,9,0
ST05277,Jackson Dey,TS117,Male,9,83.6,76,74,73,Medium,3.9,Yes,Secondary,18,0
ST05278,Charles Basu,TS209,Male,8,49.1,55,51,53,High,11.0,Yes,None,21,1
ST05279,Matthew Dhaliwal,TS253,Male,8,86.8,97,86,91,High,5.1,Yes,Primary,21,0
ST05280,Darsh Palla,TS133,Female,10,46.6,49,50,47,Medium,3.0,Yes,Secondary,2,0
ST05281,Jagat Kalla,TS472,Male,8,51.0,55,44,45,Medium,6.8,Yes,Graduate,14,0
ST05282,Guneet Zachariah,TS433,Female,6,90.3,80,93,78,Low,5.5,Yes,None,28,0
ST05283,Gaurangi Luthra,TS034,Female,8,58.6,47,49,50,Medium,0.9,Yes,None,9,0
ST05284,Maanav Sampath,TS023,Female,7,97.9,91,89,92,High,6.0,Yes,Primary,5,0
ST05285,Saksham Sankaran,TS449,Female,8,50.3,48,42,50,Low,4.7,Yes,Graduate,29,1
ST05286,Chaitaly Subramanian,TS460,Female,7,50.1,52,48,44,Low,6.0,Yes,Secondary,27,1
ST05287,Reyansh Golla,TS027,Female,9,76.1,68,80,64,Low,4.7,Yes,Graduate,19,0
ST05288,Aachal Amble,TS425,Male,6,48.5,38,40,40,Low,2.0,No,Secondary,5,1
ST05289,Ekbal Keer,TS230,Male,9,91.5,86,77,95,High,10.3,No,Primary,8,0
ST05290,Vedika Merchant,TS371,Male,8,61.1,57,46,61,Medium,7.2,No,Primary,29,1
ST05291,Bakhshi Minhas,TS111,Female,7,54.7,60,47,57,Medium,9.4,Yes,Secondary,14,0
ST05292,Theodore Mani,TS209,Male,10,69.4,71,58,69,Low,3.2,Yes,Graduate,16,1
ST05293,Owen Tata,TS468,Male,9,79.4,66,83,79,Medium,1.7,Yes,Graduate,11,0
ST05294,Ishwar Butala,TS416,Male,9,89.5,85,75,95,Low,5.3,Yes,Secondary,20,0
ST05295,Fariq Iyer,TS121,Male,10,63.7,72,60,66,Low,2.9,Yes,Secondary,11,1
ST05296,Tamanna Agarwal,TS189,Female,9,95.0,91,94,90,Low,2.6,Yes,None,4,0
ST05297,Samar Yohannan,TS148,Female,8,55.1,59,56,54,Low,5.4,No,Secondary,9,1
ST05298,Victor Palla,TS024,Female,8,55.6,59,59,60,Medium,2.8,Yes,Primary,23,1
ST05299,Saksham Balakrishnan,TS386,Male,10,49.5,49,53,41,Low,0.7,Yes,Primary,26,1
ST05300,Unnati Kar,TS244,Female,9,63.0,60,66,64,Medium,11.2,Yes,Primary,29,1
ST05301,Chameli Verma,TS259,Male,10,79.2,74,74,71,Medium,1.1,Yes,Graduate,9,0
ST05302,Megha Mahal,TS427,Male,8,92.0,95,89,79,Low,6.3,Yes,Secondary,19,0
ST05303,Yug Varma,TS185,Female,8,87.6,87,92,89,Medium,3.8,Yes,Secondary,17,0
ST05304,Bhavika Murty,TS238,Male,10,75.0,78,66,74,Medium,7.0,Yes,Secondary,14,0
ST05305,Baljiwan Dash,TS465,Female,6,79.7,88,71,75,High,11.9,Yes,Primary,30,0
ST05306,Dayamai Sachdeva,TS409,Female,8,53.4,55,52,54,Medium,11.6,Yes,Secondary,20,1
ST05307,Dakshesh Babu,TS463,Female,8,86.7,81,89,89,Medium,11.3,Yes,Secondary,20,0
ST05308,Lipika Chacko,TS087,Female,6,82.1,75,75,77,High,7.8,Yes,Secondary,19,0
ST05309,Chanchal Bala,TS461,Female,8,77.8,72,88,76,High,5.1,Yes,Secondary,16,0
ST05310,Nathan Bhardwaj,TS017,Male,10,95.5,97,88,92,Low,10.3,Yes,Primary,24,1
ST05311,Qasim Nadkarni,TS471,Male,6,80.5,90,90,78,High,2.9,Yes,Secondary,4,0
ST05312,Luke Naik,TS482,Female,7,95.3,80,95,86,Low,3.2,No,None,14,0
ST05313,Reva Majumdar,TS228,Female,10,82.6,71,65,73,Low,2.1,No,Primary,5,0
ST05314,Divya Varty,TS430,Female,6,53.2,60,45,56,Medium,9.8,Yes,None,20,1
ST05315,Xiti Nadig,TS364,Male,6,95.8,90,99,99,Low,3.9,Yes,Secondary,10,0
ST05316,Gaurang Bhat,TS465,Male,7,71.2,65,67,78,High,9.0,Yes,Graduate,19,0
ST05317,Eesha Saraf,TS113,Female,10,51.4,42,49,61,Medium,6.1,Yes,Primary,6,1
ST05318,Warhi Subramanian,TS409,Female,9,71.5,63,59,68,Medium,4.6,Yes,Graduate,5,0
ST05319,Chaitaly Kara,TS149,Female,7,89.3,76,91,90,Low,1.3,Yes,Secondary,28,0
ST05320,Fitan Deep,TS020,Female,6,53.9,61,45,50,Medium,7.4,Yes,None,6,0
ST05321,Abdul Dar,TS103,Male,7,71.7,79,71,81,High,3.6,Yes,Primary,10,0
ST05322,Kamala Mani,TS094,Male,9,91.5,90,84,82,High,2.7,Yes,Graduate,29,0
ST05323,Liam Rama,TS332,Female,6,85.7,86,84,79,Low,0.7,Yes,Primary,0,0
ST05324,Nidra Mane,TS096,Female,10,57.5,59,67,62,High,6.3,Yes,Secondary,5,0
ST05325,Widisha Keer,TS354,Male,10,73.7,66,76,82,High,4.9,Yes,Secondary,10,0
ST05326,Yachana Mohanty,TS251,Male,7,78.7,69,66,75,Low,2.4,Yes,Secondary,26,0
ST05327,Aadhya Oak,TS320,Female,9,82.7,87,74,70,Low,5.9,Yes,None,1,0
ST05328,Ethan Badami,TS178,Male,8,45.0,46,41,48,Medium,3.9,Yes,Secondary,21,1
ST05329,Aarnav Chatterjee,TS328,Male,8,73.7,76,79,66,Medium,2.8,Yes,Primary,6,0
ST05330,Anika Varma,TS320,Female,9,52.4,51,52,55,High,6.7,Yes,Graduate,18,1
ST05331,George Shukla,TS483,Female,10,94.9,77,89,82,Medium,4.2,No,Graduate,3,0
ST05332,Adya Patel,TS215,Male,6,91.2,80,83,97,Medium,9.7,Yes,Secondary,0,0
ST05333,Zaitra Sehgal,TS053,Female,9,47.1,45,36,51,Medium,3.8,No,Primary,18,1
ST05334,Gavin Jhaveri,TS078,Female,6,46.7,51,41,55,Medium,8.8,Yes,None,12,0
ST05335,Chaaya Khatri,TS289,Female,7,77.1,70,78,83,High,4.7,Yes,Secondary,16,0
ST05336,Ekani Mital,TS434,Male,9,49.2,48,44,43,Low,5.4,Yes,Primary,14,1
ST05337,Farhan Varma,TS357,Male,6,91.7,96,84,94,Medium,5.2,Yes,Secondary,0,0
ST05338,Jeet Issac,TS240,Female,7,80.0,78,82,69,Low,10.9,Yes,None,1,0
ST05339,Vihaan Sinha,TS454,Male,8,95.4,90,85,86,Low,7.1,Yes,Secondary,18,1
ST05340,Gaurang Chauhan,TS320,Female,9,82.7,87,69,76,Medium,1.1,Yes,Graduate,7,0
ST05341,Anmol Lata,TS147,Male,7,60.9,61,51,69,Low,10.0,Yes,Primary,8,1
ST05342,Nidra Bawa,TS243,Female,10,82.1,70,73,74,Medium,2.6,Yes,None,29,0
ST05343,Bakhshi Buch,TS287,Female,7,76.6,70,73,70,Low,1.3,No,Primary,0,0
ST05344,Jhalak Gopal,TS147,Female,9,95.5,82,97,97,Medium,0.7,Yes,Secondary,22,0
ST05345,Atharv Kar,TS093,Male,6,82.6,86,74,76,Medium,9.7,Yes,Secondary,8,0
ST05346,Baghyawati Goyal,TS422,Male,7,88.3,86,84,75,Medium,6.8,Yes,Secondary,6,0
ST05347,Daksh Kala,TS001,Male,10,76.7,77,70,67,Medium,7.5,No,Primary,14,0
ST05348,Siya Golla,TS226,Male,7,74.3,63,74,61,Medium,7.5,Yes,Primary,9,0
ST05349,Unnati Sidhu,TS171,Female,10,49.6,52,55,44,Low,10.1,Yes,Secondary,17,1
ST05350,Yashica Minhas,TS048,Male,10,49.7,46,50,43,Medium,10.3,Yes,Secondary,27,1
ST05351,Devika Chander,TS169,Male,6,58.4,64,66,64,Low,1.1,Yes,Secondary,24,1
ST05352,Urishilla Sinha,TS287,Male,8,91.2,78,94,82,Medium,5.9,Yes,Graduate,28,0
ST05353,Anay Mall,TS191,Female,8,47.6,41,45,55,Low,1.5,Yes,Secondary,18,1
ST05354,Vritti Gera,TS156,Female,9,88.0,74,74,86,Low,0.9,Yes,Primary,5,0
ST05355,Gaurang Cheema,TS059,Female,7,95.1,95,89,94,Low,3.2,Yes,Primary,23,0
ST05356,Divya Suri,TS204,Female,8,80.4,67,77,75,Low,4.0,Yes,None,6,0
ST05357,Chanakya Chatterjee,TS096,Female,9,91.4,84,90,81,Medium,2.6,Yes,None,23,0
ST05358,Upadhriti Natt,TS279,Male,10,92.2,77,79,89,Medium,7.2,Yes,Primary,26,0
ST05359,Mitesh Sathe,TS349,Male,6,78.8,72,65,81,Low,2.9,Yes,Primary,2,0
ST05360,Harinakshi Narula,TS474,Male,8,76.6,75,75,64,Medium,5.8,No,Primary,6,0
ST05361,Jonathan Dubey,TS319,Male,8,79.6,76,74,75,Medium,2.3,No,Graduate,24,0
ST05362,Sai Bhatnagar,TS312,Female,8,56.7,47,60,48,Medium,4.0,Yes,Secondary,15,0
ST05363,Charvi Kapadia,TS190,Male,6,45.9,38,55,36,Low,2.2,Yes,None,7,1
ST05364,Bhanumati Garg,TS351,Male,10,75.6,69,64,77,Medium,11.3,Yes,Graduate,14,0
ST05365,Qabil Chada,TS061,Male,6,53.0,55,54,61,Medium,7.8,Yes,Primary,8,0
ST05366,Jyoti Kuruvilla,TS256,Male,6,80.0,86,83,78,Low,3.6,Yes,Primary,7,0
ST05367,Advay Pall,TS392,Male,10,53.7,60,62,58,High,9.6,No,Secondary,20,1
ST05368,Ridhi Kapadia,TS465,Male,7,52.6,59,59,55,Low,8.2,Yes,Secondary,9,1
ST05369,Tanvi Joshi,TS068,Female,8,85.0,75,91,77,Medium,4.2,Yes,Primary,19,0
ST05370,Naksh D’Alia,TS220,Male,9,82.8,75,77,75,Medium,1.5,Yes,Secondary,7,0
ST05371,Bhavani Kapoor,TS300,Female,8,61.0,52,56,62,Medium,9.9,Yes,Secondary,7,0
ST05372,Ronith Soman,TS251,Male,9,87.9,87,99,80,High,6.5,Yes,Secondary,29,0
ST05373,Ronith Buch,TS003,Male,8,75.0,68,82,71,Medium,5.0,Yes,Graduate,11,0
ST05374,Luke Dua,TS037,Female,6,95.8,92,90,81,Medium,8.6,Yes,Secondary,10,0
ST05375,Ira Pant,TS340,Male,10,71.3,74,74,71,Medium,1.8,No,Primary,20,0
ST05376,Ekbal Saha,TS009,Female,10,66.0,58,58,60,Low,1.5,No,Primary,10,1
ST05377,Krish Bhattacharyya,TS312,Male,6,71.6,79,66,59,Low,8.5,Yes,Graduate,24,1
ST05378,Megha Chander,TS263,Male,10,66.8,66,61,59,Medium,6.7,No,Primary,14,0
ST05379,Mohini Savant,TS471,Male,9,86.8,87,76,86,Medium,4.8,Yes,Primary,22,0
ST05380,Samuel Ghosh,TS206,Male,9,63.4,64,67,70,Medium,9.1,Yes,Secondary,28,1
ST05381,Charan Gandhi,TS257,Female,9,90.5,94,86,76,Medium,6.8,Yes,Secondary,17,0
ST05382,Ranveer Deshmukh,TS428,Male,7,95.1,97,98,96,Medium,10.0,Yes,None,12,0
ST05383,Vedant Nagar,TS179,Male,7,49.3,50,54,47,Low,10.1,Yes,Graduate,25,1
ST05384,Brijesh Om,TS032,Male,9,91.7,86,91,97,Medium,10.3,Yes,Secondary,10,0
ST05385,Vanya Borra,TS349,Male,8,81.5,81,73,83,Low,3.7,Yes,Secondary,7,0
ST05386,Rachita Iyer,TS035,Female,6,55.9,62,54,53,Low,6.1,Yes,None,20,1
ST05387,Urvi Menon,TS107,Female,8,93.8,87,89,95,Low,2.0,Yes,Primary,3,0
ST05388,Garima Devan,TS004,Male,6,88.1,80,93,86,High,9.3,Yes,Secondary,16,0
ST05389,Omaja Sagar,TS364,Female,6,48.0,49,40,55,Low,10.6,Yes,None,14,1
ST05390,Nihal Kar,TS478,Male,10,82.7,69,68,65,Low,2.3,No,Secondary,14,0
ST05391,Joshua Dubey,TS226,Female,9,82.7,80,77,70,Medium,5.9,Yes,None,13,0
ST05392,Abhimanyu Tailor,TS475,Female,9,90.3,77,89,83,Low,0.9,Yes,Secondary,0,0
ST05393,Vanya Bala,TS107,Male,10,89.9,95,81,81,Medium,3.6,Yes,None,29,0
ST05394,Pahal Sridhar,TS416,Male,10,67.8,74,65,60,Medium,5.7,Yes,Graduate,28,1
ST05395,Janani Taneja,TS341,Male,6,70.7,67,71,76,Low,2.9,Yes,None,26,0
ST05396,Yashasvi Sundaram,TS467,Female,9,45.1,43,35,49,Low,5.9,No,Primary,29,1
ST05397,Jagdish Nagarajan,TS490,Female,6,91.6,93,85,87,Low,5.8,Yes,Primary,10,0
ST05398,Omaja Patla,TS225,Male,8,48.4,45,45,48,Medium,2.7,No,Primary,25,1
ST05399,Wahab Vasa,TS307,Male,10,84.0,79,74,76,Medium,0.5,Yes,Primary,4,0
ST05400,Nicholas Vaidya,TS135,Male,7,90.4,78,80,93,Medium,10.6,Yes,Primary,16,0
ST05401,Ekalinga Bera,TS227,Male,7,48.9,47,53,57,Low,8.4,Yes,Secondary,30,1
ST05402,Aradhana Bhatia,TS447,Female,10,55.6,52,41,56,Low,2.1,No,Secondary,19,1
ST05403,Priya Koshy,TS069,Male,8,96.5,88,96,92,Medium,7.3,Yes,Primary,27,0
ST05404,Kavya Bansal,TS131,Female,7,84.6,85,84,84,High,4.9,Yes,Graduate,3,0
ST05405,Megha Varughese,TS496,Male,7,80.3,69,87,74,Low,3.4,Yes,Graduate,16,0
ST05406,Chavvi Agrawal,TS392,Male,8,49.0,50,54,56,Medium,3.6,Yes,Graduate,6,0
ST05407,Tarak Murty,TS406,Female,7,76.2,65,72,82,Medium,6.3,Yes,Secondary,5,0
ST05408,Chaaya Dani,TS181,Female,6,70.1,74,68,60,High,10.8,No,Graduate,18,0
ST05409,Radha Dyal,TS430,Male,9,85.9,73,68,76,Low,5.3,No,Primary,30,1
ST05410,Chandani Nanda,TS449,Male,8,61.7,55,57,59,Low,5.8,No,Secondary,17,1
ST05411,Varenya Edwin,TS193,Male,8,47.4,50,56,39,Medium,4.0,Yes,Graduate,3,0
ST05412,Daksha Baral,TS471,Male,7,71.7,73,60,76,Low,7.7,Yes,Primary,17,1
ST05413,Jack Sarkar,TS094,Male,8,79.4,76,70,65,Medium,6.0,No,Primary,12,0
ST05414,Atharv Borde,TS266,Male,9,59.0,66,59,67,Medium,1.4,Yes,Primary,9,0
ST05415,Max Khosla,TS227,Female,10,83.5,65,83,76,Low,11.6,No,Secondary,30,1
ST05416,Ronith Hora,TS308,Male,6,56.8,51,65,63,Low,6.9,Yes,Graduate,13,1
ST05417,Janaki Sahni,TS431,Male,9,63.9,76,74,69,High,2.1,Yes,None,9,0
ST05418,Madhavi Goyal,TS052,Male,9,86.2,87,83,91,High,5.2,No,Secondary,16,0
ST05419,Chanakya Ram,TS083,Female,7,92.2,78,93,87,Medium,7.4,Yes,Secondary,10,0
ST05420,Samarth Bhagat,TS437,Female,9,73.5,78,83,85,High,3.8,Yes,Graduate,17,0
ST05421,Wyatt Gandhi,TS148,Female,7,79.2,77,80,71,Low,9.0,Yes,None,22,1
ST05422,Praneel Nair,TS328,Female,10,60.1,55,54,58,Low,0.8,Yes,Secondary,21,1
ST05423,Hemal Kant,TS197,Female,9,87.6,92,76,84,Low,7.4,Yes,Graduate,22,1
ST05424,Mason Jani,TS202,Male,7,86.1,90,92,76,Medium,1.7,Yes,Primary,6,0
ST05425,Gaurika Mukhopadhyay,TS122,Female,8,70.8,73,72,63,Medium,9.6,Yes,Secondary,24,0
ST05426,Mekhala Saxena,TS452,Female,6,79.8,73,71,78,Low,9.7,Yes,Primary,13,0
ST05427,Chaman Sani,TS410,Male,7,85.4,78,85,91,Low,7.3,Yes,Primary,3,0
ST05428,Wazir Yohannan,TS331,Female,6,54.3,50,62,57,High,1.2,Yes,Graduate,23,1
ST05429,Chakradev Lanka,TS047,Female,10,56.1,48,60,45,Medium,3.9,Yes,Primary,5,0
ST05430,Shravya Bhatt,TS361,Male,9,76.8,75,74,64,Low,2.1,No,Graduate,16,1
ST05431,Nachiket Shetty,TS450,Male,6,60.2,68,61,64,Low,6.5,Yes,Primary,13,1
ST05432,Urmi Srinivas,TS400,Female,7,91.8,86,85,79,Low,2.8,No,None,4,0
ST05433,Bhavya Pai,TS360,Male,6,69.0,77,69,76,Medium,3.5,Yes,Primary,30,1
ST05434,Darika Nath,TS191,Female,6,87.5,79,88,88,High,11.1,Yes,None,15,0
ST05435,Caleb Prashad,TS042,Male,9,87.3,84,91,76,Medium,4.4,Yes,Secondary,19,0
ST05436,Ria Kapoor,TS209,Female,8,54.4,46,53,62,Medium,8.2,Yes,Primary,1,0
ST05437,Oviya Deshmukh,TS055,Female,6,52.9,45,49,60,Medium,2.2,Yes,Secondary,11,0
ST05438,Aditya Lal,TS053,Male,6,78.7,68,82,75,Medium,9.1,Yes,Primary,26,0
ST05439,Anirudh Shanker,TS464,Male,6,80.8,70,69,81,Medium,1.7,Yes,Graduate,12,0
ST05440,Panini Mahal,TS341,Male,8,81.6,71,69,76,Medium,7.1,No,Secondary,20,0
ST05441,Janya Walia,TS463,Female,9,53.1,46,47,62,Medium,7.2,Yes,None,0,0
ST05442,Ekaraj Taneja,TS283,Female,7,90.9,71,88,86,Low,1.0,No,Primary,1,0
ST05443,Nilima Palla,TS141,Male,7,52.9,50,49,58,Medium,6.1,Yes,Graduate,9,0
ST05444,Tejas Dar,TS212,Female,9,71.5,63,65,70,Low,12.0,Yes,None,15,0
ST05445,Upma Hayer,TS373,Male,6,88.5,93,83,87,Low,1.5,Yes,Secondary,17,0
ST05446,Ucchal Dada,TS254,Male,7,66.8,67,65,72,Low,7.6,Yes,Secondary,15,1
ST05447,Henry Lalla,TS335,Female,10,80.5,81,68,72,Medium,3.1,Yes,None,21,0
ST05448,Mekhala Bhalla,TS061,Male,7,49.2,48,43,44,Medium,9.6,No,Secondary,0,1
ST05449,Edhitha Iyengar,TS141,Female,10,74.3,56,57,75,Medium,3.5,No,Primary,29,0
ST05450,Zehaan Sidhu,TS355,Male,8,59.4,63,51,46,Medium,3.2,No,Secondary,26,1
ST05451,Onveer Ramanathan,TS064,Female,7,79.5,67,73,83,Low,11.8,Yes,Secondary,26,1
ST05452,Banjeet Solanki,TS058,Male,6,59.7,63,59,51,Low,8.9,Yes,Secondary,5,1
ST05453,Qushi Bose,TS252,Female,9,78.5,70,80,71,Medium,6.8,No,Primary,28,0
ST05454,Sanaya Devan,TS043,Female,6,65.0,59,64,61,Low,3.5,Yes,Primary,23,1
ST05455,Nidra Talwar,TS173,Female,8,66.6,67,64,54,Low,0.5,No,Graduate,3,1
ST05456,Bhavini Biswas,TS061,Male,8,67.8,64,73,65,Low,3.3,Yes,Graduate,10,1
ST05457,Unnati Ramakrishnan,TS075,Male,7,49.8,37,48,48,Low,10.5,No,None,9,1
ST05458,Joshua Setty,TS117,Male,6,66.3,54,60,56,Low,9.0,Yes,Secondary,2,1
ST05459,Aarnav Bath,TS313,Female,10,45.6,39,46,38,Medium,7.6,Yes,Primary,7,1
ST05460,Aadi Sur,TS077,Male,7,78.7,70,80,70,Low,3.0,Yes,Secondary,22,0
ST05461,Sai Gala,TS456,Male,9,76.0,80,83,76,Low,0.6,Yes,Graduate,30,0
ST05462,Aryan Khosla,TS400,Male,10,50.8,35,39,44,Medium,2.8,No,Secondary,4,1
ST05463,Jhalak Walla,TS198,Male,9,83.5,76,75,78,Medium,5.3,Yes,None,18,0
ST05464,Ekani Wadhwa,TS379,Male,7,65.8,49,54,61,Low,3.2,No,Primary,24,1
ST05465,Rachita Uppal,TS152,Male,9,89.2,74,85,79,Medium,8.1,No,Primary,2,0
ST05466,Jai Bhargava,TS376,Female,6,54.9,53,57,39,Medium,8.3,No,Graduate,9,1
ST05467,Rudra Murthy,TS337,Male,6,70.2,81,66,81,High,4.6,Yes,Primary,9,0
ST05468,Baljiwan Barad,TS453,Male,8,55.4,64,45,55,Medium,5.2,Yes,None,11,0
ST05469,Samesh Barad,TS183,Female,6,80.0,70,64,71,Low,1.6,No,None,0,0
ST05470,Lila Bhatt,TS003,Female,9,88.6,97,94,86,High,4.3,Yes,None,19,0
ST05471,Lekha Bedi,TS112,Female,6,91.9,92,87,88,Low,7.7,Yes,Secondary,20,1
ST05472,Unni Aurora,TS265,Female,8,96.1,85,90,83,Medium,2.1,Yes,Primary,0,0
ST05473,Quincy Saxena,TS413,Male,10,85.2,72,84,85,Medium,6.2,Yes,Secondary,22,0
ST05474,Prisha Seth,TS229,Female,8,68.9,70,57,77,Low,9.1,Yes,Secondary,8,1
ST05475,Udant Som,TS265,Female,7,47.4,51,47,46,Medium,3.8,Yes,Graduate,27,1
ST05476,Brinda Lad,TS018,Male,7,47.1,45,52,54,Low,0.7,Yes,None,8,1
ST05477,David Bajaj,TS305,Female,6,95.8,97,99,94,Medium,1.7,Yes,Graduate,16,0
ST05478,Mason Sood,TS404,Male,6,73.3,70,69,56,Low,11.5,No,Secondary,21,1
ST05479,Ojas Chakraborty,TS042,Male,10,66.0,66,66,62,Medium,6.3,Yes,Primary,7,0
ST05480,Tara Nazareth,TS124,Female,7,84.2,82,83,82,Low,10.7,No,Secondary,2,0
ST05481,Henry Dubey,TS392,Male,10,46.5,37,56,53,Medium,3.9,Yes,Secondary,28,1
ST05482,Abhimanyu Butala,TS139,Female,10,62.6,60,57,75,High,6.0,Yes,Primary,3,0
ST05483,Tripti Kaur,TS223,Female,8,54.2,56,40,51,Low,5.3,No,None,19,1
ST05484,Vrinda Bhakta,TS304,Male,6,89.3,76,80,93,Low,7.2,Yes,Primary,12,0
ST05485,Bhanumati Pandit,TS326,Male,8,62.8,70,55,70,Low,2.8,Yes,Graduate,9,1
ST05486,Ria Nagi,TS362,Male,9,50.9,56,46,44,Medium,9.3,Yes,Secondary,17,1
ST05487,Yagnesh Seshadri,TS116,Male,6,76.2,64,59,58,Low,8.4,No,Primary,9,0
ST05488,Qarin Bhatia,TS148,Female,10,70.7,70,62,66,Medium,11.3,Yes,Secondary,20,0
ST05489,Lila Sem,TS328,Female,6,83.1,70,88,74,Medium,10.8,Yes,None,16,0
ST05490,Gaurav Garde,TS444,Female,7,87.1,73,84,79,Medium,9.2,No,Primary,2,0
ST05491,Neel Kari,TS323,Male,6,86.7,83,82,89,Medium,9.4,Yes,Graduate,18,0
ST05492,Gabriel Bhatt,TS172,Male,6,66.0,69,63,54,Medium,6.3,Yes,Secondary,10,0
ST05493,Aryan Mital,TS499,Female,10,88.3,83,78,77,Low,9.5,No,None,7,0
ST05494,Dev Gaba,TS035,Female,10,89.7,84,75,87,Low,1.5,No,None,19,1
ST05495,Suhani Dora,TS107,Female,10,91.5,78,79,91,Low,3.8,Yes,Secondary,18,0
ST05496,Guneet Kurian,TS293,Male,6,59.8,59,59,58,Low,10.2,Yes,Secondary,5,1
ST05497,Kai Mane,TS102,Female,9,96.7,80,79,82,Low,2.8,No,Secondary,16,1
ST05498,Geetika Kala,TS128,Female,9,90.3,85,90,88,Low,3.4,Yes,Graduate,13,0
ST05499,Om Manne,TS096,Female,9,52.1,42,58,46,Low,3.1,Yes,Primary,16,1
ST05500,Chaman Tripathi,TS137,Male,9,74.0,63,68,63,Medium,3.4,No,Primary,21,0
ST05501,Dayita Loke,TS081,Male,6,74.6,69,74,76,Low,5.5,Yes,Primary,22,0
ST05502,Elijah Lalla,TS254,Male,6,55.1,64,60,53,Low,4.2,Yes,Primary,14,1
ST05503,Meghana Halder,TS460,Male,8,80.8,74,65,66,Low,8.8,No,Primary,16,1
ST05504,Patrick Kannan,TS102,Male,7,46.3,45,44,50,Low,4.6,No,Secondary,13,1
ST05505,Ekani Sachdeva,TS036,Female,9,60.6,63,60,66,Low,11.1,Yes,Primary,6,1
ST05506,Arin Kade,TS330,Female,6,91.7,87,86,81,High,8.4,No,None,26,0
ST05507,Kala Mandal,TS372,Male,10,74.7,75,77,78,Low,9.0,Yes,Primary,22,1
ST05508,Kavya Merchant,TS098,Male,6,63.6,56,71,66,Medium,11.7,Yes,Primary,21,1
ST05509,Guneet Ganguly,TS199,Male,7,59.9,54,60,63,Low,4.7,Yes,None,13,1
ST05510,Chatura Choudhary,TS472,Male,8,47.4,55,38,41,Low,6.2,Yes,None,19,1
ST05511,Jagdish Sankaran,TS092,Male,9,82.3,73,72,76,Medium,5.8,Yes,None,29,0
ST05512,Yadavi Buch,TS310,Female,7,48.4,41,39,48,Medium,5.8,Yes,None,9,1
ST05513,Brijesh Rama,TS104,Male,7,55.7,54,49,57,Low,9.7,No,Graduate,22,1
ST05514,Ojasvi Dugar,TS434,Female,10,68.1,64,68,68,Medium,6.6,Yes,None,12,0
ST05515,Ekaraj Suresh,TS026,Female,6,58.5,66,58,58,High,0.8,Yes,Secondary,18,1
ST05516,Shravya Choudhry,TS433,Female,9,69.2,67,57,59,Medium,5.2,Yes,Secondary,29,1
ST05517,Victor Naidu,TS464,Female,7,76.4,75,74,79,Low,2.4,Yes,Primary,16,0
ST05518,Zashil Dara,TS025,Male,6,54.6,51,56,49,Medium,5.2,No,Primary,10,0
ST05519,Abeer Shetty,TS145,Male,8,47.1,51,37,49,Medium,10.6,Yes,None,13,0
ST05520,Yamini Buch,TS276,Female,8,94.2,94,85,89,Medium,5.4,No,Secondary,23,0
ST05521,Theodore Sachar,TS380,Female,10,77.3,77,75,80,Medium,3.7,Yes,Primary,27,0
ST05522,Urvi Hans,TS328,Female,8,82.3,72,77,77,Medium,6.6,Yes,Primary,4,0
ST05523,Qadim Pant,TS047,Male,9,96.0,85,84,95,Medium,2.6,No,Secondary,12,0
ST05524,Ekiya Bahri,TS439,Male,10,57.2,62,48,65,Medium,8.6,Yes,Graduate,29,1
ST05525,Andrew Sankaran,TS378,Female,6,96.6,99,88,92,High,5.6,Yes,None,27,0
ST05526,Anusha Halder,TS473,Female,10,70.6,77,71,73,Medium,11.8,Yes,Secondary,12,0
ST05527,Pranit Mangal,TS488,Female,8,59.9,52,56,57,Low,1.3,Yes,Secondary,6,1
ST05528,Vrishti Sheth,TS045,Female,6,46.0,50,51,37,Medium,4.6,Yes,Secondary,27,1
ST05529,Vedhika Joshi,TS472,Female,10,95.4,97,93,90,Low,1.4,Yes,Primary,18,0
ST05530,Shravya Chauhan,TS256,Male,7,63.6,58,59,75,High,2.9,Yes,Secondary,19,1
ST05531,Chaman Lad,TS222,Male,7,71.3,66,60,70,Medium,6.7,Yes,None,17,0
ST05532,Chanakya Lala,TS458,Male,7,49.0,44,51,48,Medium,4.5,Yes,Primary,1,1
ST05533,Frado Sarin,TS458,Female,10,62.0,61,64,69,High,10.1,Yes,Secondary,0,0
ST05534,Urvi Devi,TS315,Female,8,50.5,49,45,50,Medium,6.9,Yes,Primary,16,1
ST05535,Manya Choudhary,TS164,Male,9,91.7,95,93,85,Low,3.8,Yes,Secondary,7,0
ST05536,Triveni Kade,TS344,Female,6,78.9,67,85,67,Low,8.3,Yes,Primary,11,0
ST05537,Radhika Nigam,TS044,Male,6,49.9,55,53,41,Low,11.6,Yes,Secondary,14,1
ST05538,Vanya Bose,TS242,Male,9,92.1,95,88,86,Medium,7.1,Yes,None,28,0
ST05539,Wishi Garg,TS145,Male,7,89.4,85,81,85,Low,3.6,No,Secondary,2,0
ST05540,Tanish Sibal,TS477,Female,8,69.4,74,57,58,Medium,4.5,Yes,Secondary,17,1
ST05541,Chatura Mistry,TS170,Female,9,56.1,49,62,53,Low,5.0,Yes,None,7,1
ST05542,Kritika Kohli,TS148,Male,6,78.5,70,66,61,Low,5.9,No,Secondary,20,1
ST05543,Nilima Chanda,TS422,Female,7,54.0,51,48,52,Low,5.1,Yes,Primary,26,1
ST05544,Lakshit Comar,TS012,Male,10,61.7,70,59,69,Medium,9.6,Yes,None,6,0
ST05545,Rohan Lad,TS216,Female,9,63.9,56,60,62,Low,7.3,Yes,Primary,17,1
ST05546,Jack Raman,TS470,Female,7,80.1,68,84,74,Low,0.5,Yes,Primary,15,0
ST05547,Frado Narain,TS127,Male,10,63.9,77,66,68,High,9.1,Yes,Secondary,3,0
ST05548,Neelima Bose,TS135,Male,9,75.3,75,69,74,Low,7.3,Yes,Primary,5,0
ST05549,Amruta Shan,TS005,Male,10,56.6,55,46,60,Low,4.5,No,Primary,23,1
ST05550,Ekapad Soni,TS124,Female,9,86.3,75,87,86,Medium,5.1,No,Secondary,22,0
ST05551,Gautami De,TS004,Male,6,70.5,68,61,59,Medium,7.0,Yes,Secondary,26,0
ST05552,Aishani Dara,TS144,Male,10,60.8,63,55,58,Medium,4.3,Yes,Primary,16,1
ST05553,Shravya Gara,TS132,Female,10,89.4,78,91,84,Low,6.1,Yes,Secondary,3,0
ST05554,Aahana Borde,TS474,Male,9,65.4,69,62,53,Medium,8.3,Yes,Secondary,27,1
ST05555,Omisha Chander,TS250,Female,8,58.7,51,61,53,Low,10.8,Yes,Primary,12,1
ST05556,Kashvi Batta,TS394,Male,10,51.4,36,50,56,Low,12.0,No,Graduate,15,1
ST05557,Aachal Palla,TS210,Male,9,81.5,77,87,72,Low,6.7,Yes,None,10,0
ST05558,Neha Kakar,TS137,Male,6,69.4,59,69,60,Low,11.2,No,Primary,30,1
ST05559,Yauvani Pall,TS151,Male,6,60.9,63,56,55,Low,10.7,Yes,Primary,7,1
ST05560,Jatin Dugar,TS101,Female,7,46.0,42,41,42,Low,5.3,Yes,Primary,13,1
ST05561,Robert Gulati,TS405,Female,9,58.1,48,51,57,Low,3.3,Yes,Primary,15,1
ST05562,Chatresh Krishnan,TS398,Female,9,45.1,47,51,52,Medium,3.7,Yes,Primary,11,0
ST05563,Warjas Krishna,TS381,Male,8,72.5,69,72,74,Medium,1.3,Yes,None,18,0
ST05564,Nitesh Khanna,TS273,Male,10,79.5,68,77,82,Medium,8.2,Yes,Secondary,3,0
ST05565,Januja Cherian,TS341,Female,8,72.8,69,78,73,Low,10.1,Yes,Graduate,18,1
ST05566,Om Mangat,TS285,Female,8,68.1,61,57,66,Low,1.6,No,Graduate,27,1
ST05567,Sai Lad,TS250,Female,6,66.7,61,73,74,High,10.2,Yes,Primary,23,1
ST05568,Jalsa Thaker,TS010,Female,9,75.1,80,62,76,Low,2.1,Yes,Primary,26,0
ST05569,Ganga Swamy,TS099,Male,8,87.0,73,80,79,Medium,11.7,Yes,Graduate,12,0
ST05570,Upkaar Sem,TS413,Male,8,67.6,70,59,64,Low,1.3,No,Secondary,17,1
ST05571,Advik Hans,TS383,Male,10,71.8,62,64,54,Medium,8.3,No,Primary,22,0
ST05572,Balhaar Dara,TS358,Female,6,86.7,89,74,74,Low,3.9,Yes,Graduate,12,0
ST05573,Kavya Parsa,TS365,Male,9,91.2,80,92,75,Low,8.3,No,Primary,28,1
ST05574,Thomas Loke,TS457,Female,8,55.2,60,47,52,Low,9.0,Yes,Graduate,7,1
ST05575,Hredhaan Borah,TS387,Female,9,63.2,52,65,67,Medium,1.9,Yes,None,14,0
ST05576,Chandani Krishnamurthy,TS422,Male,10,90.6,87,93,93,Medium,9.6,Yes,Primary,22,0
ST05577,Manan Pandit,TS292,Female,8,81.3,77,82,76,Medium,3.5,Yes,None,29,0
ST05578,Urishilla Walia,TS023,Female,8,96.9,92,99,99,High,4.1,Yes,Secondary,17,0
ST05579,Chaaya Mahajan,TS329,Female,7,62.2,62,59,66,Low,10.6,Yes,Secondary,4,1
ST05580,Januja Chana,TS497,Male,9,85.9,72,87,83,Low,11.4,Yes,Primary,14,0
ST05581,Ekaja Walia,TS470,Male,9,92.4,99,87,99,High,4.1,Yes,Primary,12,0
ST05582,Hritik Tailor,TS264,Male,6,86.7,68,78,81,Low,7.3,No,None,0,0
ST05583,Karan Kohli,TS061,Female,6,71.0,61,78,68,Medium,11.6,Yes,Secondary,16,0
ST05584,Ishwar Malhotra,TS361,Female,8,77.7,70,79,83,Medium,0.8,Yes,None,8,0
ST05585,Baghyawati Dalal,TS230,Male,10,47.5,44,44,42,Medium,6.5,No,Graduate,21,1
ST05586,Reyansh Krishnamurthy,TS083,Female,9,97.6,95,82,96,Low,11.6,No,Primary,27,1
ST05587,Watika Nagarajan,TS120,Male,7,92.7,80,84,94,Medium,1.8,Yes,None,2,0
ST05588,Samesh Tandon,TS273,Female,7,58.4,66,57,66,Low,8.4,Yes,None,10,1
ST05589,Quincy Nayar,TS364,Male,7,47.6,48,48,57,Medium,11.9,Yes,None,30,1
ST05590,Ranveer Nadig,TS442,Male,10,63.3,51,63,65,Low,9.3,Yes,Secondary,9,1
ST05591,Om Tripathi,TS280,Female,6,72.9,65,79,65,High,2.9,No,Primary,4,0
ST05592,Kevin Iyengar,TS153,Female,6,86.4,68,82,81,Low,4.6,No,Primary,13,0
ST05593,Upasna Keer,TS434,Female,10,72.7,61,71,72,Low,8.3,Yes,Secondary,10,0
ST05594,Zashil Mohan,TS317,Female,7,93.1,92,83,83,Medium,3.1,Yes,Secondary,1,0
ST05595,Nikita Iyer,TS244,Male,9,64.5,61,64,74,High,10.6,Yes,None,7,0
ST05596,Abha Korpal,TS422,Male,10,72.7,77,67,78,Medium,2.4,Yes,Graduate,7,0
ST05597,Neel Munshi,TS274,Male,6,89.2,92,90,99,High,8.8,Yes,None,11,0
ST05598,Aarini Jhaveri,TS472,Male,8,85.6,86,85,86,Low,8.5,Yes,Graduate,6,0
ST05599,Damyanti Aurora,TS227,Female,10,71.8,69,76,66,Medium,5.1,Yes,Secondary,26,0
ST05600,Zehaan Saini,TS488,Female,8,63.1,52,55,55,Low,12.0,Yes,Primary,13,1
ST05601,Gopal Oza,TS274,Female,9,68.3,58,75,67,Low,8.8,Yes,Secondary,6,1
ST05602,Chameli Sarna,TS346,Female,9,95.7,99,99,88,High,8.0,Yes,Primary,24,0
ST05603,Vansha Cheema,TS171,Male,10,45.7,43,58,51,High,8.3,Yes,Primary,23,1
ST05604,Gautam Venkatesh,TS155,Female,8,87.3,68,80,76,Low,8.0,No,None,24,1
ST05605,Osha Sunder,TS363,Male,9,89.4,72,90,75,Low,11.1,No,None,25,1
ST05606,Wyatt Magar,TS305,Female,10,86.0,86,83,80,Low,4.3,Yes,Secondary,8,0
ST05607,Bahadurjit Shanker,TS480,Female,10,56.3,54,47,53,Low,6.9,Yes,Secondary,10,1
ST05608,Charan Gupta,TS378,Male,10,91.6,97,84,97,Low,6.0,Yes,Secondary,27,0
ST05609,Abdul Tara,TS464,Female,9,55.2,48,54,45,Medium,11.9,Yes,Secondary,10,0
ST05610,Avni Pathak,TS260,Female,7,61.4,69,58,51,Low,11.9,Yes,Primary,14,1
ST05611,Victor Suresh,TS334,Male,10,84.5,86,91,85,Medium,1.3,Yes,Secondary,24,0
ST05612,Chandresh Jani,TS302,Male,7,95.0,94,85,82,Medium,7.3,No,None,23,0
ST05613,Ucchal Chaudhari,TS070,Male,9,81.0,69,64,70,Medium,5.8,No,Graduate,5,0
ST05614,Amaira Sagar,TS401,Female,6,52.4,50,49,52,Medium,2.9,Yes,Primary,20,1
ST05615,Dev Srivastava,TS348,Female,6,67.5,60,69,70,Low,11.5,Yes,Secondary,3,1
ST05616,Agastya Mallick,TS102,Female,9,59.9,58,59,66,Low,1.4,Yes,None,1,1
ST05617,Eshana Chauhan,TS422,Male,7,88.4,71,78,81,Low,5.9,No,Secondary,8,0
ST05618,Jhalak Palla,TS280,Female,8,63.0,66,53,58,Low,7.5,Yes,Graduate,10,1
ST05619,Patrick Sridhar,TS137,Male,7,49.3,42,53,55,Low,3.6,Yes,Secondary,0,1
ST05620,Netra Basu,TS406,Male,10,65.1,64,68,55,Medium,11.0,Yes,Secondary,17,1
ST05621,Vyanjana Shere,TS190,Male,9,60.2,57,50,47,Low,10.1,No,Graduate,12,1
ST05622,Lakshit Sahota,TS026,Male,9,73.6,77,69,62,Low,6.6,Yes,None,30,0
ST05623,Chaitanya Sule,TS445,Male,6,58.9,45,60,49,Low,3.7,No,Primary,7,1
ST05624,Saksham Parsa,TS383,Female,10,54.2,46,47,57,Low,8.0,Yes,Primary,22,1
ST05625,Suhani Deep,TS341,Male,8,66.2,68,66,68,Medium,5.4,Yes,Graduate,19,1
ST05626,Lajita Baral,TS463,Male,7,78.7,76,70,61,Medium,6.1,No,Secondary,30,0
ST05627,Sachi Mane,TS049,Female,9,84.7,84,76,89,High,1.5,Yes,Graduate,18,0
ST05628,Victor Tella,TS252,Male,10,64.8,59,60,61,Low,5.8,Yes,None,22,1
ST05629,Jasmit Kashyap,TS439,Female,9,89.4,80,78,86,Low,8.8,Yes,Primary,20,1
ST05630,Dipta Nanda,TS284,Male,10,55.4,49,47,54,Medium,2.8,Yes,Primary,18,1
ST05631,Varsha Mander,TS230,Female,10,56.7,59,60,62,High,2.9,Yes,None,7,0
ST05632,Ekansh Tank,TS278,Male,9,81.8,89,86,75,High,2.5,Yes,Secondary,16,0
ST05633,Ojas Thaker,TS089,Male,10,50.7,43,50,40,Low,2.7,Yes,Primary,2,1
ST05634,Chandresh Hora,TS326,Male,10,90.8,96,91,82,Low,5.8,Yes,Graduate,22,0
ST05635,Jalsa Bhatnagar,TS100,Male,10,66.6,61,76,76,High,7.7,Yes,Primary,15,0
ST05636,Teerth Bandi,TS475,Female,9,97.2,83,98,90,Low,1.2,Yes,Secondary,9,0
ST05637,Advay Sehgal,TS031,Male,9,89.1,87,86,75,Medium,5.6,Yes,Secondary,26,0
ST05638,Aadi Banik,TS254,Female,10,85.6,86,74,80,Low,6.7,Yes,Secondary,29,0
ST05639,Arya Ray,TS069,Male,8,53.7,53,66,51,High,10.8,Yes,None,3,0
ST05640,Nandini Nagarajan,TS155,Female,7,70.0,80,69,81,High,4.2,Yes,Primary,7,0
ST05641,Siya Bala,TS357,Male,7,45.5,38,43,42,Low,4.5,Yes,Graduate,23,1
ST05642,Mitesh Brahmbhatt,TS411,Female,9,48.9,53,49,58,Low,5.3,Yes,Secondary,1,1
ST05643,Lopa Bera,TS230,Male,9,75.7,80,67,71,Low,3.0,Yes,Secondary,17,0
ST05644,Saumya Contractor,TS224,Female,6,94.6,80,87,75,Medium,10.9,No,Graduate,30,0
ST05645,Jalsa Nadig,TS210,Female,9,60.0,66,70,64,High,7.1,Yes,Primary,7,0
ST05646,Aarna Konda,TS061,Male,8,50.5,50,35,53,Low,4.3,No,Primary,14,1
ST05647,Suhani Devi,TS397,Male,10,45.7,44,46,40,Low,10.0,Yes,Primary,6,1
ST05648,Avni Dubey,TS476,Female,8,90.2,76,85,73,Medium,8.9,No,Primary,23,0
ST05649,Ekanta Sankaran,TS176,Female,10,90.1,94,95,81,Low,2.5,Yes,None,13,0
ST05650,Chaaya Goel,TS499,Female,7,53.5,59,44,63,Low,8.5,Yes,Primary,23,1
ST05651,Leela Salvi,TS114,Female,9,84.6,91,88,84,Low,8.9,Yes,Graduate,13,0
ST05652,Leena Madan,TS021,Female,8,93.0,98,83,88,Medium,6.0,Yes,Secondary,16,0
ST05653,Harita Sehgal,TS066,Male,7,82.2,83,76,79,Medium,3.9,Yes,Secondary,20,0
ST05654,Gaurika Bhakta,TS404,Male,8,88.7,79,74,79,Medium,3.9,Yes,Secondary,6,0
ST05655,Chaaya Chaudhari,TS001,Female,9,69.9,61,62,75,Medium,8.1,Yes,Graduate,8,0
ST05656,Leela Chand,TS234,Male,9,45.7,41,50,39,Low,7.4,Yes,Secondary,26,1
ST05657,Isaiah Khosla,TS053,Male,7,77.9,73,72,89,High,11.2,Yes,Primary,13,0
ST05658,Ekani Uppal,TS047,Male,9,67.5,66,66,58,Medium,7.5,Yes,None,9,0
ST05659,Andrew Lal,TS461,Female,7,92.9,90,78,86,Medium,6.6,Yes,None,6,0
ST05660,Maya Kamdar,TS294,Male,9,68.1,62,80,66,High,11.7,Yes,Primary,13,0
ST05661,Urmi Sandhu,TS447,Female,8,76.9,70,76,84,High,3.9,Yes,Secondary,13,0
ST05662,Varenya Prabhakar,TS038,Male,9,90.8,84,90,90,Medium,9.6,No,None,21,0
ST05663,Bakhshi Naidu,TS428,Female,8,64.6,48,49,68,Low,9.0,No,Primary,7,1
ST05664,Vrishti Desai,TS453,Male,8,68.9,76,64,71,Low,2.0,Yes,Primary,12,1
ST05665,Bahadurjit Sant,TS214,Female,10,75.4,75,70,64,Low,1.7,No,Graduate,1,0
ST05666,Nicholas More,TS329,Male,9,72.4,74,61,69,Low,11.1,Yes,Graduate,14,0
ST05667,Chanakya Zachariah,TS373,Female,10,57.2,53,49,47,Low,11.3,Yes,None,9,1
ST05668,Ekalinga Chopra,TS288,Male,6,61.3,59,54,57,Low,11.7,Yes,Graduate,3,1
ST05669,Omya Venkataraman,TS294,Female,7,73.4,78,73,66,High,7.1,No,Secondary,17,0
ST05670,Harish Choudhary,TS208,Female,8,62.8,55,55,70,Medium,4.2,Yes,Secondary,6,0
ST05671,Adweta Bala,TS321,Female,8,51.0,60,46,41,Low,9.7,Yes,Secondary,9,1
ST05672,Kashish Kapoor,TS173,Female,8,86.6,84,88,75,Low,3.9,Yes,Primary,24,0
ST05673,Amol Wason,TS377,Female,8,92.8,80,90,86,Low,11.2,No,Secondary,22,1
ST05674,Vasatika Choudhury,TS336,Male,6,70.0,63,69,58,Medium,8.5,Yes,None,26,0
ST05675,Darpan Sahni,TS034,Male,7,68.3,58,67,58,Low,7.2,Yes,Secondary,22,1
ST05676,Girik Gill,TS045,Female,6,63.5,68,69,61,Medium,10.1,Yes,None,4,0
ST05677,Qarin Kurian,TS061,Female,7,95.7,99,88,99,Low,3.9,Yes,None,5,0
ST05678,Ayaan Mitter,TS145,Male,8,52.9,61,48,50,Medium,1.7,Yes,Secondary,1,0
ST05679,Forum Sodhi,TS118,Male,8,88.9,76,81,80,Medium,0.5,Yes,Primary,20,0
ST05680,Rachit Madan,TS250,Female,6,73.2,63,62,64,Low,8.8,Yes,Graduate,20,1
ST05681,Chasmum Varghese,TS277,Female,10,92.9,93,82,74,Low,7.8,No,None,7,0
ST05682,Aradhana Sridhar,TS035,Female,9,98.0,91,93,88,Low,9.0,Yes,Graduate,14,0
ST05683,Mason Chopra,TS465,Female,6,59.1,50,57,62,Low,6.9,Yes,Secondary,30,1
ST05684,Kamala Ram,TS464,Female,10,85.0,67,70,75,Low,0.9,No,Primary,6,0
ST05685,Ryan Chana,TS412,Male,7,53.7,49,52,53,High,8.4,Yes,Primary,27,1
ST05686,Alka Arya,TS209,Female,10,73.1,80,67,78,Low,2.3,Yes,Primary,19,0
ST05687,Rudra Bose,TS437,Male,8,96.3,91,99,86,High,6.2,Yes,Primary,9,0
ST05688,Qadim Sangha,TS367,Female,8,73.6,74,72,72,High,9.9,No,Secondary,11,0
ST05689,Amara Khalsa,TS114,Male,7,91.8,94,81,93,Low,2.2,Yes,Primary,27,0
ST05690,Tripti Merchant,TS077,Female,6,59.3,56,50,45,Medium,9.5,No,Primary,21,1
ST05691,Barkha Sinha,TS196,Male,6,91.8,86,86,93,Medium,11.7,Yes,Primary,19,0
ST05692,Harsh Chada,TS225,Female,10,89.0,89,71,75,Medium,8.7,No,Secondary,17,0
ST05693,Udarsh Sidhu,TS372,Male,6,94.0,94,99,99,High,9.6,Yes,Secondary,1,0
ST05694,Xalak Kapadia,TS479,Male,8,83.4,82,77,88,High,4.7,Yes,Primary,28,0
ST05695,Ekavir Varghese,TS420,Female,6,92.9,77,76,81,Medium,3.8,No,Primary,23,0
ST05696,Ladli Bhat,TS270,Female,10,75.1,71,84,81,High,7.0,Yes,Graduate,25,0
ST05697,Eesha Som,TS159,Female,7,72.8,61,73,70,Low,2.5,Yes,Secondary,18,0
ST05698,Maya Karan,TS483,Female,9,59.0,50,56,57,Low,6.8,No,Secondary,11,1
ST05699,Teerth Ramakrishnan,TS045,Female,9,81.4,71,71,67,Medium,7.9,No,None,14,0
ST05700,Alexander Tailor,TS198,Female,9,78.0,67,66,75,Low,5.4,Yes,Secondary,14,0
ST05701,Dalbir Sathe,TS086,Male,7,52.7,62,59,47,Medium,5.7,Yes,Graduate,2,0
ST05702,Indrajit Lall,TS443,Male,7,47.7,56,39,55,Low,11.4,Yes,Primary,16,1
ST05703,Charvi Jayaraman,TS278,Male,10,51.5,38,45,40,Medium,2.9,No,Primary,13,1
ST05704,Manthan Dani,TS327,Male,10,53.5,49,60,56,Low,3.2,Yes,None,26,1
ST05705,Chakradhar Choudhury,TS327,Female,8,73.6,74,65,64,Low,7.4,Yes,Primary,2,0
ST05706,Abdul Choudhry,TS082,Female,9,51.1,46,48,46,Medium,10.0,Yes,Secondary,6,0
ST05707,Kritika Patel,TS230,Male,9,95.0,97,82,83,Low,1.7,Yes,Primary,15,0
ST05708,Chatresh Raju,TS346,Female,6,97.1,80,84,88,Medium,6.3,No,Secondary,28,0
ST05709,Maanas Tella,TS369,Male,8,96.3,93,86,91,Low,4.4,No,Primary,18,1
ST05710,Ganga Vala,TS500,Female,10,53.4,54,57,60,High,5.1,Yes,Primary,24,1
ST05711,Dayita Goda,TS465,Male,10,66.8,67,68,66,Medium,4.6,Yes,Secondary,27,1
ST05712,Gaurika Chaudhuri,TS438,Male,8,66.5,73,61,62,Medium,7.8,Yes,Secondary,25,1
ST05713,Hemal Sandhu,TS466,Male,7,83.9,83,85,80,Low,0.5,Yes,Graduate,11,0
ST05714,Ethan Barman,TS328,Male,6,96.7,82,87,94,Low,1.0,No,Graduate,26,1
ST05715,Balhaar Sinha,TS279,Male,7,49.0,53,54,48,Low,7.2,Yes,Secondary,0,1
ST05716,Watika Patla,TS391,Female,8,73.3,81,76,70,High,11.6,Yes,Secondary,1,0
ST05717,Darpan Singh,TS105,Female,6,69.4,76,70,75,Low,4.2,Yes,Primary,8,1
ST05718,Mohini Purohit,TS373,Male,8,64.0,66,59,64,Medium,11.4,Yes,Secondary,16,1
ST05719,Daksh Butala,TS093,Male,9,46.8,55,44,49,Medium,3.6,Yes,None,3,0
ST05720,Dalbir Ratti,TS347,Female,10,64.2,63,55,56,Medium,6.9,No,Primary,5,0
ST05721,Avni Upadhyay,TS303,Male,9,88.9,79,73,89,Medium,11.3,No,Graduate,0,0
ST05722,Orinder Subramanian,TS152,Female,8,77.1,72,70,82,High,6.0,Yes,Primary,24,0
ST05723,Nisha Bal,TS140,Male,8,49.0,51,39,37,Low,5.6,No,Secondary,21,1
ST05724,Libni Singhal,TS245,Female,9,76.0,77,68,81,Low,10.2,Yes,Primary,24,1
ST05725,Aarnav Varghese,TS260,Male,10,78.7,77,65,80,Low,7.7,Yes,Graduate,11,0
ST05726,Lucky Bhardwaj,TS048,Male,9,95.3,90,96,82,Low,10.9,Yes,Secondary,7,0
ST05727,Vansha Sinha,TS269,Male,9,75.6,64,71,67,Medium,11.1,Yes,Primary,14,0
ST05728,Hardik Sharaf,TS384,Male,6,95.7,83,87,90,Medium,9.0,Yes,Secondary,20,0
ST05729,Ekaraj Chatterjee,TS134,Female,7,48.1,56,54,58,High,1.9,Yes,Graduate,27,1
ST05730,Ekansh Lala,TS168,Male,8,62.0,55,54,64,Low,11.1,Yes,Secondary,0,1
ST05731,Meera Venkatesh,TS041,Male,7,84.5,82,86,85,Medium,1.5,Yes,Secondary,27,0
ST05732,Riya Bobal,TS377,Male,8,89.8,93,82,94,Low,7.3,Yes,Secondary,26,1
ST05733,Qushi Sagar,TS245,Female,7,70.0,62,58,72,Low,8.1,Yes,Primary,23,1
ST05734,Tripti Sarma,TS444,Female,6,46.4,35,40,36,Low,4.7,No,Graduate,22,1
ST05735,Hemangini Nazareth,TS112,Female,6,77.0,70,79,82,Medium,9.7,Yes,Primary,21,0
ST05736,Falak Gill,TS484,Male,8,90.0,84,74,76,Medium,7.7,No,Secondary,18,0
ST05737,Yutika Dash,TS395,Female,8,47.8,56,58,49,Low,9.2,Yes,None,28,1
ST05738,Gabriel Pall,TS303,Male,10,62.6,69,66,59,Low,3.0,Yes,Primary,30,1
ST05739,Dalbir Misra,TS489,Female,10,73.7,69,61,64,Low,5.8,No,Secondary,11,0
ST05740,Vihaan Bahri,TS283,Female,7,74.2,64,67,72,Low,11.1,Yes,Secondary,27,1
ST05741,Benjamin Subramaniam,TS051,Female,10,82.0,87,69,74,Low,2.4,Yes,Secondary,16,0
ST05742,Gautami Sen,TS279,Male,8,64.7,49,66,64,Low,11.7,No,Primary,27,1
ST05743,Chakradev Palla,TS473,Female,7,94.9,87,93,83,Medium,2.6,Yes,Primary,9,0
ST05744,Siddharth Dugar,TS005,Male,7,93.8,89,96,94,Low,8.0,Yes,Primary,7,0
ST05745,Gaurangi Rajan,TS195,Female,8,57.7,56,52,64,High,8.5,No,None,17,1
ST05746,Sachi Bhattacharyya,TS431,Male,6,72.0,73,74,72,Low,8.5,Yes,Secondary,19,1
ST05747,Saanvi Munshi,TS090,Female,8,60.7,50,64,54,Medium,9.2,No,Secondary,22,1
ST05748,Daksh Biswas,TS022,Male,10,86.1,90,92,81,High,9.6,Yes,None,14,0
ST05749,Henry Mangal,TS122,Male,9,88.2,89,85,85,Low,11.4,Yes,Secondary,1,0
ST05750,Advay Devan,TS397,Female,10,92.4,84,93,93,Low,7.3,Yes,None,20,1
ST05751,Advaith Pandya,TS175,Male,10,66.9,59,69,66,Medium,1.3,Yes,Graduate,14,0
ST05752,Chaman Kohli,TS103,Male,10,97.0,97,96,86,High,2.9,No,Graduate,23,0
ST05753,Harini Sami,TS101,Female,8,59.9,65,63,64,Low,5.9,Yes,Secondary,17,1
ST05754,Oeshi Solanki,TS480,Female,10,74.7,83,69,72,High,11.9,Yes,Primary,24,0
ST05755,Vritti Balasubramanian,TS019,Male,9,77.4,77,69,71,Medium,10.5,Yes,Primary,16,0
ST05756,Samaksh Venkatesh,TS426,Male,9,46.9,55,47,45,Medium,9.0,Yes,Primary,29,1
ST05757,Yashawini Wable,TS466,Male,8,47.9,56,46,55,Low,8.9,Yes,Graduate,15,1
ST05758,Nicholas Khatri,TS173,Female,6,55.2,62,46,47,Low,4.6,Yes,Secondary,29,1
ST05759,Devika Agarwal,TS241,Female,10,89.0,87,81,75,Low,4.3,No,Primary,22,1
ST05760,Hredhaan Raju,TS059,Male,9,67.1,74,63,74,Low,9.0,Yes,Secondary,25,1
ST05761,Finn Subramaniam,TS320,Female,9,56.6,54,45,50,Medium,0.8,No,Primary,29,1
ST05762,Bhanumati Mammen,TS412,Female,8,61.1,65,65,68,High,1.0,Yes,Secondary,17,1
ST05763,Warda Din,TS233,Male,9,58.5,64,67,57,High,4.5,No,Secondary,8,0
ST05764,Vidhi Walla,TS144,Female,7,50.9,46,35,45,Low,1.7,No,Primary,14,1
ST05765,Naveen Vyas,TS154,Female,7,55.0,52,51,64,High,12.0,Yes,None,0,0
ST05766,Hitesh Gour,TS445,Male,9,78.1,75,69,76,Low,2.6,Yes,Secondary,18,0
ST05767,Ekta Barad,TS242,Female,8,52.1,48,57,44,High,0.9,No,Secondary,0,0
ST05768,Patrick Edwin,TS095,Male,6,92.7,94,96,82,Low,6.8,Yes,Secondary,0,0
ST05769,Ayush Grover,TS255,Female,9,64.1,75,58,61,High,1.7,Yes,Secondary,30,1
ST05770,Xalak Trivedi,TS049,Female,10,97.8,88,99,95,High,2.9,Yes,None,24,0
ST05771,Champak Sathe,TS328,Male,9,92.2,81,79,84,Low,8.0,Yes,Secondary,2,0
ST05772,Hemang Munshi,TS279,Male,8,62.0,59,70,68,Medium,1.8,Yes,Primary,24,1
ST05773,Anay Rana,TS442,Male,7,45.3,50,55,41,Medium,9.8,Yes,Primary,6,0
ST05774,Urvi Dara,TS406,Female,8,75.9,70,72,76,Medium,1.6,Yes,Secondary,4,0
ST05775,Nathaniel Singh,TS269,Male,7,74.6,64,70,77,Low,7.6,No,Primary,22,1
ST05776,Logan D’Alia,TS335,Female,9,64.6,55,62,64,Medium,4.5,Yes,Secondary,9,0
ST05777,Warda Palan,TS453,Female,6,93.2,78,81,88,Medium,4.5,Yes,Primary,16,0
ST05778,Diya Dara,TS311,Female,7,77.3,71,84,78,Medium,1.1,Yes,Primary,17,0
ST05779,Turvi Handa,TS223,Female,9,84.1,70,82,86,Medium,3.8,Yes,Secondary,29,0
ST05780,Panini Talwar,TS022,Female,10,84.7,75,77,77,Low,2.7,Yes,Primary,11,0
ST05781,Ojas Nath,TS378,Female,8,85.9,88,81,80,Low,11.2,Yes,Graduate,20,1
ST05782,Vasana Sidhu,TS370,Male,7,53.3,52,39,40,Low,5.6,No,Secondary,24,1
ST05783,Matthew Basu,TS309,Female,10,84.4,71,83,90,Low,11.5,Yes,Primary,7,0
ST05784,Shivansh Rege,TS371,Male,10,78.5,67,79,76,High,7.1,No,Secondary,28,0
ST05785,Vedika Char,TS261,Male,7,93.4,87,98,87,Low,2.1,Yes,Primary,23,0
ST05786,Pallavi Karnik,TS469,Male,6,97.9,99,99,88,High,9.3,Yes,Primary,9,0
ST05787,Kevin Din,TS426,Female,8,89.5,75,85,87,Low,10.8,Yes,Primary,18,1
ST05788,Hredhaan Baral,TS025,Male,10,66.8,60,64,62,Medium,4.4,Yes,Graduate,24,1
ST05789,Forum Rama,TS130,Female,9,49.3,36,34,52,Low,10.7,No,Graduate,20,1
ST05790,Yash Purohit,TS325,Male,9,74.6,82,66,69,Low,8.3,Yes,Primary,16,1
ST05791,Aachal Memon,TS207,Male,10,75.7,64,64,77,Low,1.3,Yes,Primary,29,0
ST05792,Advik Krish,TS198,Male,7,60.6,60,52,69,High,8.8,No,None,21,1
ST05793,Yachana Thakur,TS492,Male,7,96.5,86,92,90,Medium,8.9,No,Primary,28,0
ST05794,Bishakha Dada,TS233,Male,7,61.9,54,59,58,Low,4.7,Yes,Graduate,10,1
ST05795,Frederick Guha,TS043,Female,6,84.7,74,71,79,High,2.1,No,Primary,2,0
ST05796,Lajita Joshi,TS025,Male,6,59.9,53,43,61,Medium,2.6,No,Primary,6,0
ST05797,Jalsa Ramanathan,TS418,Male,10,50.4,53,41,48,Low,3.6,Yes,Primary,13,1
ST05798,Yashica Pal,TS097,Female,7,65.3,55,54,61,Medium,1.9,No,Primary,2,0
ST05799,Lucky Nadkarni,TS435,Female,8,70.2,82,82,82,High,8.2,Yes,Graduate,9,0
ST05800,William Dey,TS409,Male,7,86.2,72,83,88,Medium,2.9,Yes,Secondary,12,0
ST05801,Bhavna Nayak,TS253,Male,9,75.2,69,58,63,Low,11.5,No,Secondary,23,1
ST05802,Harshil Baral,TS212,Male,10,69.6,66,66,66,Low,3.3,Yes,Secondary,20,1
ST05803,Raagini Kale,TS113,Female,7,70.0,77,68,70,High,3.1,Yes,None,20,0
ST05804,Hredhaan Lata,TS138,Female,7,66.9,71,58,68,Medium,1.7,Yes,Primary,0,0
ST05805,Falan Kapoor,TS312,Female,9,66.0,59,73,63,Medium,10.2,Yes,Secondary,17,1
ST05806,Tanay Thaman,TS413,Female,7,86.3,81,94,82,High,9.3,Yes,Secondary,28,0
ST05807,Maanas Kakar,TS192,Male,8,58.3,57,62,64,Medium,1.0,Yes,None,16,1
ST05808,Indali Doshi,TS401,Male,10,86.2,73,89,84,Medium,2.3,Yes,Graduate,12,0
ST05809,Leena Walia,TS367,Male,8,95.0,82,94,95,Low,8.7,Yes,Primary,10,0
ST05810,Xalak Yohannan,TS335,Female,10,78.4,72,78,63,Medium,11.7,No,Secondary,24,0
ST05811,Urmi Bhandari,TS497,Male,7,85.2,72,73,76,Medium,1.5,Yes,Primary,1,0
ST05812,Omisha Manda,TS183,Female,6,58.4,56,63,52,High,0.8,No,Primary,26,1
ST05813,Wakeeta Sura,TS165,Male,7,52.7,39,54,53,Medium,6.5,No,Primary,27,1
ST05814,Hiral Karnik,TS167,Male,8,61.5,50,56,53,Low,11.4,No,None,26,1
ST05815,Parth Nayak,TS308,Female,7,85.2,72,74,86,Low,6.5,Yes,Primary,23,0
ST05816,Aashi Lanka,TS196,Female,6,51.7,40,53,55,Medium,9.6,No,Primary,17,1
ST05817,Jeevika Trivedi,TS456,Male,10,67.2,56,66,67,Medium,8.0,Yes,None,4,0
ST05818,Ekansh Srinivas,TS076,Male,6,91.8,77,91,77,Low,10.6,Yes,Graduate,9,0
ST05819,Ladli Mane,TS043,Female,6,69.2,66,72,62,High,11.0,Yes,Secondary,11,0
ST05820,Chakradhar Pau,TS293,Female,8,83.0,79,70,83,Medium,8.9,No,Graduate,1,0
ST05821,Bhavini Devan,TS189,Female,9,46.0,36,39,43,Low,10.2,Yes,Secondary,19,1
ST05822,Falak Radhakrishnan,TS015,Male,9,79.5,64,75,67,Low,5.6,No,Secondary,14,0
ST05823,Qabil Ravel,TS034,Male,10,75.5,71,68,74,Medium,8.7,Yes,Secondary,2,0
ST05824,Ekalinga Nagi,TS466,Male,7,58.3,63,65,60,Low,7.8,Yes,Primary,3,1
ST05825,Charita Patla,TS343,Male,8,52.0,42,54,56,Low,1.6,Yes,Secondary,10,1
ST05826,Jagat Wable,TS370,Male,7,77.3,72,69,67,Low,9.6,Yes,None,2,0
ST05827,Kabir Kara,TS393,Female,10,72.7,72,64,56,Medium,9.0,No,Graduate,2,0
ST05828,Vanya Choudhry,TS414,Male,7,92.7,91,79,97,Low,0.7,Yes,None,20,0
ST05829,Orinder Raju,TS002,Male,7,62.1,60,55,53,Medium,7.5,Yes,Primary,27,1
ST05830,Siya Khurana,TS362,Male,9,56.1,52,48,60,Low,2.4,Yes,Primary,16,1
ST05831,Laksh Karnik,TS130,Female,8,79.3,84,77,82,Low,11.0,Yes,Secondary,19,1
ST05832,Elijah Kadakia,TS043,Male,9,79.4,84,84,79,Low,7.6,Yes,Secondary,27,1
ST05833,Faqid Barad,TS161,Male,10,78.0,76,85,81,Medium,9.3,Yes,None,14,0
ST05834,Urmi Sandhu,TS200,Female,10,82.6,75,72,69,Low,9.4,Yes,Primary,23,1
ST05835,Gayathri Mann,TS093,Male,9,60.6,52,51,51,Low,6.8,Yes,Primary,9,1
ST05836,Mugdha Padmanabhan,TS200,Male,7,80.7,79,78,87,Medium,10.7,Yes,None,13,0
ST05837,Divya Sagar,TS144,Male,9,96.0,88,85,99,Low,1.3,Yes,Primary,20,0
ST05838,Girik Singh,TS122,Male,8,68.1,70,71,62,Medium,4.4,Yes,None,26,1
ST05839,Maya Pingle,TS453,Female,8,46.1,42,46,46,Low,8.5,Yes,Secondary,1,1
ST05840,Maanav Kohli,TS273,Female,6,66.9,68,63,60,Medium,8.4,Yes,Secondary,2,0
ST05841,Yochana Modi,TS149,Female,9,65.2,70,61,54,Medium,5.4,Yes,None,11,0
ST05842,Vyanjana Handa,TS111,Female,10,49.3,50,56,54,High,9.0,Yes,None,2,0
ST05843,Ayaan Yogi,TS497,Female,7,83.8,77,78,80,Low,6.2,Yes,Secondary,28,0
ST05844,Kevin Chandran,TS495,Male,10,67.6,66,70,75,Medium,2.8,Yes,Primary,28,1
ST05845,Farhan Nagarajan,TS204,Male,8,59.9,60,51,68,Low,5.4,Yes,None,8,1
ST05846,Ishani Khurana,TS002,Female,7,94.7,99,83,95,Medium,6.8,Yes,None,5,0
ST05847,Jack Bansal,TS010,Male,8,88.3,89,83,76,Medium,5.1,Yes,Secondary,24,0
ST05848,Victor Kulkarni,TS359,Female,9,85.7,77,91,75,Medium,10.8,Yes,None,22,0
ST05849,Geetika Bhagat,TS015,Female,7,81.8,84,87,85,Medium,1.1,Yes,Secondary,18,0
ST05850,Hemangini Johal,TS488,Male,10,95.1,99,91,99,Medium,5.3,Yes,Secondary,3,0
ST05851,Imaran Bajaj,TS322,Male,10,53.2,44,50,55,Medium,11.9,No,None,7,1
ST05852,Gautam Barad,TS032,Male,6,82.2,86,73,79,Medium,1.4,Yes,Graduate,10,0
ST05853,Jagdish Mitra,TS392,Female,9,95.4,87,85,94,Medium,5.4,Yes,Secondary,17,0
ST05854,Jeevika Yadav,TS354,Female,9,95.5,99,88,98,High,4.1,Yes,Primary,17,0
ST05855,Caleb Sankar,TS042,Female,9,66.3,55,62,62,Low,6.4,Yes,Graduate,21,1
ST05856,Udyati Sagar,TS259,Female,6,51.1,46,46,47,Medium,0.9,Yes,Graduate,27,1
ST05857,Champak Khare,TS078,Female,6,53.9,44,47,52,Low,5.4,Yes,Primary,11,1
ST05858,Nitesh Sanghvi,TS481,Female,10,91.5,87,82,93,Low,6.4,Yes,Secondary,12,0
ST05859,Joshua Soman,TS225,Male,7,70.5,78,59,65,Medium,9.8,Yes,Secondary,23,0
ST05860,Mekhala Ganesh,TS005,Male,7,78.5,79,73,81,Low,7.0,Yes,Graduate,3,0
ST05861,Ira Sahota,TS223,Male,6,75.3,65,67,71,Low,3.2,Yes,Primary,2,0
ST05862,Odika Biswas,TS037,Male,8,91.3,87,76,83,Medium,5.2,No,Graduate,14,0
ST05863,Ranveer Murty,TS235,Male,10,62.6,51,62,51,Low,2.8,Yes,Primary,27,1
ST05864,Chakradev Gala,TS269,Male,8,51.6,49,56,53,Low,2.3,No,Primary,27,1
ST05865,Ethan Sen,TS250,Male,9,74.4,72,77,81,Low,4.9,Yes,Secondary,12,0
ST05866,Manbir Kota,TS277,Female,8,96.0,89,96,91,Low,1.2,Yes,Secondary,27,0
ST05867,Ira Bobal,TS480,Female,10,70.7,68,62,66,Low,9.4,No,Primary,13,0
ST05868,Chasmum Arora,TS233,Female,8,74.5,65,76,75,Low,4.6,Yes,Secondary,9,0
ST05869,Onkar Sur,TS272,Male,8,73.6,73,74,81,Medium,4.2,Yes,Secondary,26,0
ST05870,Idika Murthy,TS168,Male,7,70.6,67,73,63,Medium,11.4,Yes,Secondary,22,0
ST05871,Chatresh Shenoy,TS131,Female,6,80.3,90,80,92,High,3.3,Yes,Secondary,9,0
ST05872,Amara Natarajan,TS175,Male,8,48.9,44,51,41,Low,4.7,Yes,Graduate,25,1
ST05873,Chaitaly Samra,TS062,Male,7,80.5,84,87,71,Low,7.3,Yes,Graduate,25,1
ST05874,Kamya Yogi,TS313,Female,9,87.8,79,90,78,Medium,7.9,Yes,Primary,25,0
ST05875,Balvan Andra,TS120,Male,9,66.7,70,56,69,Low,11.1,Yes,Primary,13,1
ST05876,Logan Mann,TS449,Female,6,96.8,87,88,94,Low,8.4,Yes,Graduate,2,0
ST05877,Lucky Dubey,TS127,Female,6,58.7,64,56,50,Medium,2.4,Yes,Secondary,26,1
ST05878,Madhav Raman,TS365,Female,8,56.6,64,62,54,Medium,5.8,Yes,Secondary,13,0
ST05879,Ucchal Karpe,TS496,Female,9,76.0,72,73,76,Medium,4.9,Yes,Secondary,20,0
ST05880,Suhani Roy,TS171,Male,8,47.6,37,39,57,High,0.7,No,None,7,1
ST05881,Falan Amble,TS453,Male,7,53.9,46,57,47,Low,1.8,Yes,Primary,22,1
ST05882,Widisha Handa,TS211,Male,6,85.7,77,79,82,Low,7.5,Yes,Primary,24,1
ST05883,Anmol Johal,TS004,Male,10,56.0,47,46,52,Low,3.5,Yes,Primary,3,1
ST05884,Azad Master,TS055,Female,6,80.7,69,68,69,Low,7.8,Yes,Primary,29,1
ST05885,Zaid Panchal,TS083,Female,10,60.4,63,61,53,Low,9.7,Yes,Secondary,9,1
ST05886,Amruta Purohit,TS247,Female,6,90.5,78,88,76,Low,9.6,Yes,Primary,15,0
ST05887,Bhavani Ghosh,TS188,Male,7,94.3,84,93,80,Low,6.3,Yes,Secondary,14,0
ST05888,Kashvi Madan,TS052,Male,6,60.5,65,60,67,Medium,10.1,Yes,Secondary,3,0
ST05889,Faris Gandhi,TS330,Male,7,66.2,70,61,55,Low,7.4,Yes,Secondary,2,1
ST05890,Vedant Dhawan,TS005,Male,7,92.3,92,97,87,Medium,0.9,Yes,Primary,1,0
ST05891,Rudra Pingle,TS321,Male,9,70.3,65,61,68,Low,4.5,Yes,None,10,0
ST05892,Chanakya Dalal,TS235,Male,7,57.1,54,51,54,Low,5.7,Yes,Secondary,22,1
ST05893,Divya Bains,TS239,Female,10,46.6,51,42,51,Low,3.8,No,Primary,15,1
ST05894,Januja Narasimhan,TS417,Male,6,91.2,84,84,87,Low,9.0,Yes,Primary,2,0
ST05895,Kavya Setty,TS441,Female,8,48.0,55,45,52,Medium,11.3,Yes,Primary,28,1
ST05896,Daniel Dewan,TS189,Female,8,58.2,64,64,63,High,1.8,Yes,Primary,19,1
ST05897,Ekapad Upadhyay,TS288,Female,9,63.8,57,68,63,Medium,3.6,Yes,Secondary,19,1
ST05898,Ryan Badami,TS007,Female,9,69.7,64,65,71,High,9.0,No,Primary,29,1
ST05899,Bhanumati Chatterjee,TS387,Male,9,83.2,70,71,77,Low,5.5,No,Primary,29,1
ST05900,Watika Bhasin,TS105,Female,6,81.6,81,78,87,Low,3.2,Yes,Graduate,29,0
ST05901,Xiti Behl,TS073,Female,7,76.4,65,67,65,Medium,4.7,Yes,Graduate,30,0
ST05902,Raghav Kala,TS044,Female,10,52.8,53,40,51,Low,11.7,No,Secondary,30,1
ST05903,Urvashi Nayar,TS446,Male,10,83.6,73,81,81,Medium,6.5,No,Secondary,1,0
ST05904,Isaac Krishna,TS077,Male,9,64.7,65,58,70,Low,11.4,Yes,Graduate,11,1
ST05905,Yashvi Choudhary,TS247,Male,6,56.1,59,46,56,Medium,2.2,Yes,Primary,14,0
ST05906,Chakradhar Agrawal,TS233,Female,6,73.7,63,81,74,Low,3.1,Yes,Secondary,15,0
ST05907,Chavvi Manda,TS332,Male,6,54.3,60,59,60,Low,6.1,Yes,Secondary,22,1
ST05908,Sanya Savant,TS096,Female,8,51.4,47,43,56,Medium,7.4,Yes,Secondary,16,1
ST05909,Jagvi Kata,TS356,Male,8,81.4,71,86,80,Low,2.9,Yes,Secondary,20,0
ST05910,Sneha Issac,TS201,Male,7,81.7,69,70,84,Low,11.2,Yes,Graduate,29,1
ST05911,Mitesh Sengupta,TS091,Female,8,67.7,60,67,71,High,10.8,Yes,None,21,1
ST05912,Qushi Loke,TS318,Male,9,80.9,87,82,86,Medium,7.8,Yes,Primary,26,0
ST05913,Gaurang Nayak,TS258,Female,8,67.3,70,56,62,Low,10.1,No,Secondary,16,1
ST05914,Rachit Tak,TS121,Female,6,70.9,75,74,69,Low,3.3,Yes,Secondary,19,0
ST05915,Orinder Parikh,TS095,Female,6,65.3,67,62,68,Medium,5.7,Yes,None,16,1
ST05916,Zashil Sur,TS240,Female,8,64.8,59,71,60,Medium,8.7,Yes,Primary,9,0
ST05917,Champak Chakrabarti,TS038,Female,6,89.4,95,81,86,High,5.9,No,Secondary,7,0
ST05918,Sai Sarkar,TS251,Female,10,63.2,54,70,56,Medium,7.0,Yes,None,25,1
ST05919,Kavya Sem,TS279,Female,8,85.1,71,73,74,Low,6.0,No,Primary,23,1
ST05920,Nirja Gole,TS024,Male,10,56.2,58,65,48,Medium,11.2,Yes,Primary,15,0
ST05921,Ayushman Bajaj,TS316,Female,8,89.4,90,86,86,Medium,5.7,Yes,None,16,0
ST05922,Kevin Wadhwa,TS234,Female,8,89.9,89,85,75,Low,8.8,Yes,Secondary,13,0
ST05923,William Dugal,TS389,Male,7,84.6,73,73,91,Medium,2.1,Yes,Primary,16,0
ST05924,Zayan Kala,TS291,Male,7,53.2,58,42,58,Low,1.3,Yes,Secondary,8,1
ST05925,Divya Mammen,TS079,Female,6,46.4,46,48,38,Medium,6.7,Yes,Secondary,0,0
ST05926,Veer Sangha,TS423,Male,9,96.2,99,84,83,Medium,0.6,Yes,Secondary,25,0
ST05927,Vidhi Bawa,TS055,Male,10,73.2,66,75,74,Low,11.0,Yes,Secondary,7,0
ST05928,Ekavir Balasubramanian,TS348,Male,10,84.7,76,77,90,Medium,10.0,Yes,None,4,0
ST05929,Rachita Uppal,TS374,Male,6,67.0,64,54,51,Low,1.9,No,Graduate,5,1
ST05930,Triya Shukla,TS131,Male,10,80.5,77,92,81,High,10.8,Yes,Secondary,24,0
ST05931,Chaitaly Jaggi,TS054,Female,10,65.5,72,61,59,Low,0.8,Yes,Primary,1,1
ST05932,Reva Das,TS184,Male,6,67.2,73,70,56,Low,7.3,Yes,None,17,1
ST05933,Saanvi Patil,TS321,Male,7,54.9,61,45,46,Medium,9.7,Yes,Primary,27,1
ST05934,Jatin Natt,TS069,Female,6,70.0,70,78,72,Medium,8.3,Yes,Secondary,7,0
ST05935,Xiti Khare,TS105,Male,8,89.3,73,89,81,Low,6.5,No,Graduate,30,1
ST05936,Abhimanyu Kapur,TS314,Male,10,49.8,50,50,48,Medium,6.7,Yes,Primary,21,1
ST05937,Wridesh Gill,TS228,Female,10,65.9,54,64,68,Low,11.2,Yes,Primary,15,1
ST05938,Chandresh Manne,TS100,Female,8,71.8,73,70,73,Low,5.9,Yes,Primary,24,0
ST05939,Yatin Peri,TS148,Male,8,48.3,49,34,38,Medium,5.2,No,Secondary,26,1
ST05940,Harini Choudhry,TS284,Male,8,83.5,83,86,81,Low,1.8,Yes,Primary,2,0
ST05941,Meera Ramakrishnan,TS242,Female,6,46.2,39,41,48,Low,7.5,No,Primary,30,1
ST05942,Teerth Badal,TS328,Male,6,81.9,80,73,87,High,4.2,Yes,Secondary,12,0
ST05943,Owen Soman,TS111,Male,10,57.6,56,63,61,Low,11.1,Yes,Primary,26,1
ST05944,Zaid Bansal,TS169,Male,10,45.6,42,36,40,Low,6.1,Yes,Graduate,12,1
ST05945,Tamanna Karan,TS348,Male,8,57.2,55,47,57,Low,2.6,Yes,Primary,28,1
ST05946,Mohammed Chauhan,TS484,Male,10,80.7,77,71,77,Low,2.7,Yes,Secondary,1,0
ST05947,Rajata Misra,TS065,Female,8,78.2,75,80,77,Low,5.2,No,None,1,0
ST05948,Rehaan Rege,TS202,Female,8,69.2,62,70,60,Low,11.1,No,Primary,7,1
ST05949,Aayush Sarma,TS377,Female,10,77.6,73,69,76,Medium,3.1,No,Graduate,19,0
ST05950,Abhimanyu Barad,TS440,Female,10,75.0,70,66,72,Low,2.7,No,Primary,15,0
ST05951,Shivansh Jhaveri,TS258,Female,6,81.1,78,74,70,Low,10.4,Yes,Secondary,18,1
ST05952,Madhav Venkatesh,TS289,Male,10,45.7,49,39,48,Medium,5.1,Yes,Primary,16,1
ST05953,Rachana Banerjee,TS152,Male,6,92.0,85,78,76,Low,8.0,No,None,15,0
ST05954,Amol Lal,TS218,Female,9,68.7,70,69,64,High,1.9,Yes,None,11,0
ST05955,Mahika Dash,TS275,Female,9,75.9,74,79,78,Medium,5.4,Yes,Primary,24,0
ST05956,Azaan Balakrishnan,TS474,Male,9,86.3,84,78,92,Low,3.3,Yes,Secondary,27,0
ST05957,Eshana Deol,TS484,Male,10,95.7,93,97,88,High,8.3,No,Primary,30,0
ST05958,Timothy Sura,TS496,Male,9,82.4,83,69,80,Medium,2.1,No,Secondary,28,0
ST05959,Nitara Om,TS186,Male,7,87.8,81,69,76,Medium,7.2,No,Secondary,9,0
ST05960,Yadavi Dhawan,TS390,Female,9,70.8,59,76,61,Medium,0.7,Yes,Secondary,23,0
ST05961,Ranbir Balay,TS405,Female,6,70.2,66,71,65,Low,4.0,Yes,Primary,17,0
ST05962,Vedant Golla,TS485,Male,6,77.8,65,83,82,Medium,4.8,Yes,Secondary,26,0
ST05963,Dayita Chauhan,TS429,Male,9,58.4,62,56,65,Low,7.1,Yes,None,14,1
ST05964,Jonathan Sampath,TS074,Male,8,74.6,80,82,64,Low,4.5,Yes,Secondary,15,0
ST05965,Jason Sagar,TS210,Female,10,53.8,51,44,52,Low,3.5,Yes,Graduate,29,1
ST05966,Omya Patil,TS083,Male,7,77.0,78,73,80,Medium,9.8,Yes,Secondary,24,0
ST05967,Ikbal Vala,TS302,Female,10,81.2,84,77,92,High,3.0,Yes,Graduate,12,0
ST05968,Tara Chaudhari,TS041,Male,9,67.3,60,64,64,Low,9.9,Yes,Secondary,26,1
ST05969,Wahab Rajagopalan,TS250,Female,10,59.9,63,59,65,Medium,4.6,Yes,Secondary,15,0
ST05970,Ekani Sodhi,TS012,Female,9,91.0,86,90,85,Medium,9.0,No,Secondary,26,0
ST05971,Orinder Choudhry,TS298,Female,8,77.7,65,63,67,Low,2.7,No,Graduate,8,0
ST05972,Netra Chopra,TS243,Female,10,83.3,75,88,77,Low,5.2,Yes,Primary,19,0
ST05973,Gaurika Sagar,TS203,Female,10,78.6,71,67,80,Medium,2.6,No,Primary,23,0
ST05974,Rishi Bahl,TS024,Female,8,53.8,60,53,56,Medium,7.1,Yes,None,28,1
ST05975,Ucchal Soni,TS030,Male,9,64.6,65,62,72,Medium,9.9,Yes,None,2,0
ST05976,Bhavini Naidu,TS438,Female,6,95.7,85,96,97,High,4.4,No,Graduate,11,0
ST05977,Girik Mangat,TS303,Male,7,49.3,42,55,47,Medium,2.1,Yes,Secondary,29,1
ST05978,Kashvi Boase,TS173,Female,10,53.2,42,47,38,Medium,3.7,No,Secondary,7,1
ST05979,Jagdish Mitter,TS303,Female,9,92.4,88,99,86,High,8.2,Yes,Secondary,14,0
ST05980,Advaith Taneja,TS317,Female,10,86.8,98,85,98,High,8.1,Yes,Primary,7,0
ST05981,Kevin Rajagopal,TS095,Male,7,53.6,43,58,44,Low,4.9,Yes,Primary,22,1
ST05982,Bhavini Bhatt,TS311,Female,6,73.6,77,67,64,Medium,7.8,Yes,Primary,25,0
ST05983,Faqid Om,TS347,Female,6,80.3,73,75,86,Medium,11.6,Yes,Primary,0,0
ST05984,Lipika Mall,TS011,Female,9,67.0,63,63,63,Low,7.3,Yes,Secondary,27,1
ST05985,Chaaya Kar,TS052,Male,10,45.6,51,44,43,Medium,10.7,Yes,Primary,27,1
ST05986,Lavanya Ramaswamy,TS399,Male,7,77.0,80,78,68,Low,1.3,Yes,Secondary,0,0
ST05987,Anika Prashad,TS054,Male,7,45.5,35,55,36,Medium,1.1,Yes,Graduate,13,1
ST05988,Yahvi Dayal,TS037,Male,6,76.2,70,68,73,Medium,5.4,No,Primary,26,0
ST05989,Onveer Kale,TS353,Female,7,59.1,71,64,69,High,9.4,Yes,None,24,1
ST05990,Ekapad Deep,TS233,Female,10,64.0,70,64,72,Medium,7.9,Yes,Secondary,0,0
ST05991,Mekhala Apte,TS082,Male,10,86.3,71,81,83,Low,7.0,No,Secondary,5,0
ST05992,Chakradhar Mohan,TS465,Female,7,85.1,89,87,87,Medium,1.3,Yes,Primary,9,0
ST05993,Jack Cheema,TS093,Female,10,67.2,61,55,64,Medium,4.1,No,Secondary,11,0
ST05994,Pranav Sabharwal,TS353,Female,10,50.3,49,54,56,Medium,7.5,Yes,Primary,8,0
ST05995,Faqid Dutt,TS248,Male,10,90.4,79,85,76,High,6.2,No,Graduate,20,0
ST05996,Praneel Ghose,TS147,Female,6,86.9,92,92,84,Medium,4.4,Yes,Primary,13,0
ST05997,Hitesh Sandal,TS143,Male,9,72.6,74,69,69,Low,9.1,Yes,Primary,2,0
ST05998,Baghyawati Merchant,TS076,Male,10,95.5,80,84,98,Medium,4.8,Yes,Secondary,8,0
ST05999,Shaurya Sarma,TS210,Male,6,78.5,74,77,72,Low,10.7,Yes,Primary,16,1
ST06000,Vidhi Manne,TS010,Female,9,87.6,84,75,75,Low,3.1,Yes,Primary,24,0
ST06001,Ronith Issac,TS137,Male,9,84.1,81,88,77,Low,8.0,Yes,Primary,19,1
ST06002,Triveni Kadakia,TS195,Female,6,50.3,50,43,44,Medium,2.6,No,Primary,29,1
ST06003,Janya Memon,TS425,Male,9,90.7,80,85,87,Low,4.0,No,None,9,0
ST06004,Falak Ravi,TS289,Male,6,93.4,90,94,90,Medium,4.9,Yes,Secondary,24,0
ST06005,Kavya Sahota,TS377,Female,7,97.1,93,92,89,Low,0.7,Yes,Secondary,30,0
ST06006,Tejas Warrior,TS343,Male,8,97.5,79,81,91,Medium,2.1,No,Primary,5,0
ST06007,Shivansh Baria,TS355,Female,6,97.5,99,89,99,High,2.5,Yes,Primary,6,0
ST06008,Bimala Sarma,TS377,Male,8,76.0,70,60,60,Low,1.0,No,Secondary,2,0
ST06009,Irya Vaidya,TS352,Male,8,84.8,91,77,87,Medium,2.0,Yes,Primary,12,0
ST06010,Bhavani Morar,TS405,Male,9,83.0,83,84,76,Low,0.9,No,None,25,1
ST06011,Radhika Gaba,TS187,Female,9,93.5,85,95,91,Medium,8.6,Yes,Secondary,1,0
ST06012,Amara Swaminathan,TS111,Female,8,53.3,51,55,53,Medium,4.3,Yes,Secondary,21,1
ST06013,Arunima Gole,TS414,Female,9,93.3,89,96,90,Low,3.8,Yes,Graduate,22,0
ST06014,Chaman Garg,TS322,Male,7,74.9,77,78,81,Medium,9.6,Yes,Primary,16,0
ST06015,Manya Murty,TS251,Female,8,96.1,95,99,89,Low,11.6,Yes,Secondary,26,1
ST06016,Mohammed Zacharia,TS219,Female,9,48.6,40,44,47,Medium,4.4,Yes,Primary,5,1
ST06017,Harrison Boase,TS267,Female,7,50.0,58,60,47,Low,4.4,Yes,Primary,29,1
ST06018,Diya Behl,TS116,Female,10,95.5,89,82,91,Low,9.9,Yes,Secondary,4,0
ST06019,Tanvi Ramaswamy,TS293,Female,7,68.7,76,60,66,Low,9.0,Yes,Secondary,6,1
ST06020,Nachiket Srinivasan,TS262,Male,9,93.7,84,85,94,High,9.4,Yes,Primary,2,0
ST06021,Ayush Gulati,TS101,Male,8,66.9,64,59,58,Low,5.5,No,Primary,18,1
ST06022,Rohan Nath,TS257,Female,7,80.0,74,86,81,Low,3.5,Yes,Secondary,28,0
ST06023,Finn Nadig,TS500,Male,7,92.9,91,91,86,Medium,10.1,Yes,Secondary,14,0
ST06024,Yashoda Karan,TS500,Female,9,51.2,53,56,37,Medium,10.2,No,Primary,17,1
ST06025,Pranit Dhar,TS380,Female,7,85.9,83,84,77,High,10.0,Yes,Primary,4,0
ST06026,Naksh Atwal,TS245,Male,10,95.6,93,87,99,Low,7.1,Yes,Secondary,19,1
ST06027,Jasmit Sibal,TS360,Male,10,51.9,47,57,61,Low,8.4,Yes,Secondary,21,1
ST06028,Ikbal Bera,TS335,Female,9,62.0,61,61,50,Low,8.6,Yes,None,18,1
ST06029,Avni Tripathi,TS219,Female,8,46.9,39,50,50,Low,1.2,Yes,Graduate,17,1
ST06030,Ladli Vyas,TS432,Male,10,62.0,60,68,63,Low,2.5,Yes,Secondary,16,1
ST06031,Tamanna Oza,TS166,Female,6,89.8,91,82,79,Medium,7.3,Yes,Secondary,14,0
ST06032,Neha Edwin,TS220,Male,7,48.1,61,48,47,High,7.9,Yes,Graduate,17,1
ST06033,Raksha Sha,TS422,Female,7,94.6,94,95,81,Medium,2.7,Yes,None,3,0
ST06034,Triya Deshpande,TS115,Female,8,80.6,78,74,81,High,9.0,Yes,Primary,9,0
ST06035,Zilmil Karnik,TS429,Female,10,95.9,99,92,88,Medium,2.4,Yes,Primary,24,0
ST06036,Isaac Sood,TS453,Male,8,58.3,51,62,53,Medium,3.0,Yes,Primary,6,0
ST06037,Kevin Chhabra,TS150,Female,9,85.7,80,75,85,Low,8.1,Yes,Primary,0,0
ST06038,Zinal Kibe,TS116,Male,9,96.1,81,83,99,Low,2.5,Yes,Secondary,8,0
ST06039,Isaiah Gokhale,TS060,Female,10,89.9,84,88,80,Medium,0.6,Yes,None,19,0
ST06040,Ikbal Bhalla,TS419,Female,8,68.0,71,57,74,Medium,8.4,Yes,Primary,18,1
ST06041,Aditya Bal,TS209,Female,7,66.4,66,74,61,Medium,7.0,Yes,Secondary,14,0
ST06042,Nihal Setty,TS448,Female,7,79.9,80,67,84,Medium,9.0,Yes,Graduate,21,0
ST06043,Falak Raju,TS500,Male,10,57.4,46,52,56,Low,8.5,Yes,Secondary,28,1
ST06044,Yadavi More,TS325,Male,9,89.6,92,87,81,Medium,3.2,Yes,Graduate,13,0
ST06045,Abdul D’Alia,TS208,Male,8,47.6,38,50,42,Medium,6.7,Yes,Primary,3,1
ST06046,Anay Chakrabarti,TS116,Female,9,66.4,72,54,59,Medium,10.0,Yes,Secondary,19,1
ST06047,Aachal Lall,TS426,Female,10,58.7,55,66,68,High,11.6,Yes,None,2,0
ST06048,Yutika Korpal,TS476,Female,6,46.7,42,47,50,Medium,1.3,Yes,Primary,29,1
ST06049,Gavin Bhatnagar,TS005,Male,8,89.7,92,92,86,Low,6.3,Yes,Secondary,18,0
ST06050,Harini Sekhon,TS245,Female,10,56.1,57,56,47,Medium,3.3,Yes,Secondary,25,1
ST06051,Sudiksha Thakkar,TS280,Male,9,46.9,45,57,44,Medium,5.2,Yes,Primary,22,1
ST06052,Harish Baral,TS323,Female,10,51.1,52,47,46,Medium,6.9,Yes,Primary,15,0
ST06053,Robert Chokshi,TS012,Female,7,78.6,77,76,76,Low,4.3,No,Primary,6,0
ST06054,Xiti Aurora,TS200,Female,6,68.0,67,61,62,Low,4.7,Yes,Secondary,19,1
ST06055,Qadim Ramaswamy,TS227,Female,6,53.1,56,57,46,Low,4.9,Yes,Primary,26,1
ST06056,Yadavi Mangal,TS063,Female,7,58.3,62,67,59,Medium,0.6,Yes,Primary,1,0
ST06057,Ekalinga Dhawan,TS179,Male,10,63.7,57,55,58,Low,2.3,Yes,None,11,1
ST06058,Ridhi Karpe,TS019,Male,8,46.0,46,36,48,Low,8.6,No,None,1,1
ST06059,Hemang Bath,TS422,Male,10,89.2,84,75,84,Medium,1.6,No,Secondary,15,0
ST06060,Harish Grover,TS075,Male,10,66.7,77,61,62,High,8.9,Yes,Primary,12,0
ST06061,Vasana Gandhi,TS393,Male,7,80.2,67,78,87,Medium,3.3,Yes,Secondary,0,0
ST06062,Vaishnavi Sinha,TS166,Male,8,79.8,66,73,68,Low,5.1,Yes,Primary,22,0
ST06063,Urmi Srivastava,TS380,Female,10,55.5,55,51,57,Medium,9.4,Yes,Primary,17,1
ST06064,Anay Ramesh,TS033,Female,6,69.6,71,63,68,Low,9.3,Yes,None,16,1
ST06065,Yagnesh Ravi,TS026,Male,7,77.6,79,80,78,Medium,1.9,Yes,None,23,0
ST06066,William Chatterjee,TS374,Female,10,70.9,64,77,71,Low,4.7,Yes,Primary,13,0
ST06067,Anusha Bali,TS428,Female,8,61.6,59,67,59,Low,8.1,Yes,Primary,14,1
ST06068,Samuel Pradhan,TS344,Female,8,52.5,43,51,54,Low,5.1,Yes,Secondary,27,1
ST06069,Champak Goyal,TS290,Female,6,62.2,70,54,63,Medium,8.4,Yes,Secondary,15,0
ST06070,Advay Mistry,TS386,Male,10,87.3,73,86,77,Low,6.7,No,Primary,12,0
ST06071,Rachana Oza,TS204,Male,7,97.5,82,88,83,Low,10.3,Yes,Graduate,4,0
ST06072,Yoshita Chand,TS216,Female,9,57.6,66,60,65,Medium,5.5,Yes,Primary,24,1
ST06073,Oliver Ramaswamy,TS250,Female,7,54.2,51,63,46,Low,11.8,Yes,Secondary,1,1
ST06074,Atharv Hari,TS128,Female,6,59.8,68,56,68,Low,7.1,Yes,Secondary,25,1
ST06075,Anvi Prashad,TS425,Female,10,91.7,78,81,79,Medium,6.4,No,Primary,29,0
ST06076,Xiti Mistry,TS121,Male,6,57.9,49,60,66,Low,8.4,Yes,Graduate,17,1
ST06077,Harini Rege,TS087,Female,6,51.4,46,48,59,Medium,4.1,Yes,Primary,1,0
ST06078,Praneel Saraf,TS354,Female,6,95.9,90,91,87,High,8.1,No,Primary,27,0
ST06079,Dhriti Raval,TS067,Male,6,88.7,82,80,89,Medium,9.7,No,Primary,16,0
ST06080,Jeremiah Oza,TS185,Male,6,96.4,94,99,91,High,4.5,Yes,Graduate,13,0
ST06081,Ikshita Chacko,TS071,Female,8,73.5,71,79,75,Low,7.9,Yes,Primary,24,1
ST06082,Amruta Devi,TS331,Male,9,91.9,96,92,93,Medium,6.5,Yes,Secondary,3,0
ST06083,Aarav Keer,TS458,Male,6,92.5,86,83,78,Medium,8.6,Yes,None,21,0
ST06084,Zashil Rama,TS227,Female,6,72.6,66,73,63,Medium,4.8,Yes,Primary,14,0
ST06085,Vritti Loke,TS129,Female,7,66.7,71,68,66,Low,0.8,Yes,Primary,28,1
ST06086,Isaiah Shere,TS239,Male,6,93.8,84,98,81,Low,9.5,Yes,Secondary,8,0
ST06087,Abha Bal,TS107,Female,8,93.0,88,78,86,Low,1.1,Yes,None,10,0
ST06088,Jatin Apte,TS416,Female,8,45.3,44,47,54,Medium,4.2,Yes,Primary,26,1
ST06089,Upadhriti Pandya,TS195,Male,10,56.4,58,56,64,Low,0.6,Yes,Secondary,19,1
ST06090,Gunbir Kapur,TS497,Female,8,92.9,93,92,86,Medium,5.1,Yes,None,17,0
ST06091,Frederick Loyal,TS390,Female,10,89.6,94,77,87,Low,10.6,Yes,None,25,1
ST06092,Leela Buch,TS319,Female,8,79.6,86,67,86,Medium,2.7,Yes,Secondary,25,0
ST06093,Forum Aurora,TS309,Female,10,68.4,66,52,70,Low,1.7,No,Primary,5,1
ST06094,Yashica Bhattacharyya,TS145,Male,8,78.2,69,79,74,Medium,1.2,Yes,Graduate,17,0
ST06095,Shaurya Chokshi,TS308,Male,10,93.8,89,80,81,Low,8.4,Yes,Primary,11,0
ST06096,Henry Bose,TS210,Male,7,76.0,66,76,83,Low,11.3,Yes,None,5,0
ST06097,Naveen Manne,TS428,Male,8,79.8,66,70,83,Low,9.2,Yes,Primary,8,0
ST06098,Gauri Chadha,TS016,Male,10,79.2,62,74,77,Low,4.9,No,Graduate,18,1
ST06099,Robert Pillai,TS210,Male,9,57.3,45,44,53,Low,5.7,No,Secondary,20,1
ST06100,Balendra Pandit,TS134,Female,6,87.2,81,73,88,Low,6.5,No,None,0,0
ST06101,Ayushman Bansal,TS062,Female,10,71.0,55,63,62,Medium,1.5,No,Primary,0,0
ST06102,Lavanya Mand,TS219,Male,8,87.6,76,74,83,Low,11.2,Yes,Graduate,25,1
ST06103,Tara Goel,TS291,Female,10,72.2,59,79,69,High,7.2,No,Primary,23,0
ST06104,Ojasvi Sule,TS433,Female,6,78.7,78,71,62,Low,2.4,No,Primary,8,0
ST06105,Sneha Oommen,TS343,Female,9,62.1,64,60,61,Medium,2.6,No,None,8,0
ST06106,Thomas Rau,TS251,Male,8,49.3,44,61,63,High,11.5,Yes,Primary,19,1
ST06107,Harsh Chaudhary,TS380,Male,8,63.9,60,57,57,Low,9.3,Yes,Primary,25,1
ST06108,Yug Krishnan,TS272,Female,10,67.7,64,77,76,High,6.9,Yes,Primary,14,0
ST06109,Benjamin Kaur,TS435,Male,9,45.7,40,50,45,Low,5.6,Yes,None,7,1
ST06110,Manbir Korpal,TS145,Male,8,70.7,70,78,70,Low,4.4,Yes,Graduate,3,0
ST06111,Pavani Hans,TS394,Male,9,78.1,69,80,84,Medium,2.4,Yes,Secondary,21,0
ST06112,Fitan Kadakia,TS361,Female,8,57.2,50,46,64,Low,3.9,Yes,Primary,23,1
ST06113,Radha Sahota,TS149,Female,7,97.7,84,91,84,Low,8.7,Yes,Graduate,22,1
ST06114,Dev Nagy,TS353,Female,9,87.4,87,79,83,Medium,7.3,Yes,Secondary,17,0
ST06115,Tripti Sama,TS353,Female,8,76.7,66,64,70,Low,2.6,No,Primary,25,1
ST06116,Vansha Saha,TS187,Male,9,83.0,91,83,77,High,8.6,Yes,Primary,21,0
ST06117,Vinaya Dhaliwal,TS297,Male,6,63.1,57,60,69,Medium,2.6,Yes,Secondary,0,0
ST06118,Gavin Vala,TS385,Male,6,78.9,81,84,84,Low,2.3,Yes,Primary,15,0
ST06119,Ekapad Patel,TS269,Female,8,56.2,56,57,54,Medium,9.9,Yes,Secondary,20,1
ST06120,Meghana Kalita,TS102,Female,9,85.9,84,82,86,High,4.8,Yes,Primary,3,0
ST06121,Ikshita Chana,TS419,Male,7,94.0,86,85,96,Low,11.5,Yes,Primary,24,1
ST06122,Ucchal Taneja,TS058,Male,6,87.5,86,91,89,Medium,7.6,Yes,Secondary,23,0
ST06123,Aishani Khurana,TS365,Male,9,69.2,76,75,71,High,9.0,Yes,Secondary,26,1
ST06124,Manya Gole,TS077,Male,8,70.1,73,71,64,Low,3.7,Yes,Graduate,22,0
ST06125,Wishi Patla,TS202,Male,7,73.8,74,64,67,Medium,10.5,Yes,Secondary,2,0
ST06126,Rachana Kata,TS487,Male,8,52.1,43,58,46,Low,8.6,Yes,None,9,1
ST06127,Amruta Swamy,TS413,Male,8,61.1,64,62,67,Medium,3.9,Yes,Secondary,24,1
ST06128,Ethan Mital,TS203,Male,10,93.0,80,90,80,Medium,12.0,Yes,Secondary,30,0
ST06129,Veda Goel,TS100,Female,10,68.4,60,73,76,Low,4.0,Yes,None,28,1
ST06130,Reva Lad,TS401,Female,8,50.8,46,45,58,Medium,9.2,Yes,Secondary,30,1
ST06131,Shivansh Gara,TS287,Female,10,75.0,77,80,66,Medium,1.4,Yes,Primary,18,0
ST06132,Gunbir Natarajan,TS314,Female,7,58.9,62,49,63,Low,6.8,Yes,Primary,27,1
ST06133,Nitesh Gour,TS114,Male,6,70.5,68,71,59,Low,3.9,No,Graduate,12,0
ST06134,Joshua Dhawan,TS338,Female,8,76.3,67,76,70,Medium,6.7,Yes,Primary,8,0
ST06135,Varsha Savant,TS478,Female,7,72.1,62,59,68,Low,10.3,Yes,Primary,10,0
ST06136,Amrita Tank,TS088,Female,7,94.8,78,88,78,Medium,11.0,No,Graduate,27,0
ST06137,Nathaniel Parekh,TS500,Male,7,55.5,60,50,48,Low,3.4,Yes,Secondary,1,1
ST06138,Pavani Prashad,TS319,Female,6,51.1,38,38,46,Low,0.5,No,Primary,2,1
ST06139,Benjamin Dugar,TS472,Female,8,71.1,61,56,62,Low,6.3,No,Graduate,21,1
ST06140,Ayush Sagar,TS314,Female,6,83.7,76,77,86,Low,9.6,Yes,Primary,10,0
ST06141,Balhaar Sem,TS023,Male,6,53.6,45,38,42,Medium,9.0,No,None,26,1
ST06142,Nirja Shetty,TS313,Male,9,68.6,56,69,62,High,6.5,No,Secondary,14,0
ST06143,Vamakshi Sur,TS159,Female,10,94.4,89,89,92,Low,0.9,Yes,Secondary,12,0
ST06144,Ishaan Mohanty,TS029,Female,8,87.4,87,80,92,Medium,5.5,Yes,Secondary,1,0
ST06145,Samarth Vaidya,TS042,Female,6,55.2,58,52,45,Medium,10.1,Yes,Primary,17,1
ST06146,Watika Cheema,TS148,Female,6,79.7,73,84,80,Low,10.4,Yes,Primary,10,0
ST06147,Upadhriti Goda,TS279,Male,7,56.7,61,59,46,Medium,3.6,No,None,14,0
ST06148,Megha Ghose,TS324,Female,10,61.9,53,60,59,Medium,7.7,Yes,Secondary,1,0
ST06149,Pavani Bal,TS495,Female,10,72.3,62,64,76,Medium,8.0,Yes,Primary,3,0
ST06150,Fitan Nazareth,TS032,Male,6,68.2,64,73,56,Low,3.7,Yes,Primary,4,1
ST06151,Dhruv Sodhi,TS372,Female,8,49.1,44,64,58,High,0.6,Yes,Secondary,1,1
ST06152,Xavier Dada,TS177,Male,6,71.5,68,69,64,Medium,9.8,Yes,None,10,0
ST06153,Yachana Khare,TS127,Male,8,60.9,57,63,52,Medium,2.7,Yes,Secondary,5,0
ST06154,Adya Mohanty,TS188,Female,8,84.4,91,95,80,High,2.2,Yes,Graduate,19,0
ST06155,Geetika Sahota,TS004,Male,8,70.9,56,54,53,Low,5.7,No,Primary,6,0
ST06156,Lakshit Malhotra,TS218,Male,9,75.3,74,78,77,Low,4.4,Yes,Primary,3,0
ST06157,Sneha Om,TS335,Female,9,64.4,54,53,66,Low,11.2,Yes,Secondary,27,1
ST06158,Vanya Parsa,TS116,Male,6,87.7,79,98,86,High,10.6,Yes,Secondary,3,0
ST06159,Gopal Nayak,TS380,Male,10,68.0,59,57,64,Low,2.1,Yes,Primary,21,1
ST06160,Ekaja Srinivasan,TS040,Female,7,66.3,60,63,62,Medium,2.2,Yes,Primary,17,1
ST06161,Ria Bajaj,TS144,Male,7,71.6,65,72,68,Low,7.0,Yes,None,17,0
ST06162,Triveni Devi,TS199,Female,8,46.5,42,46,54,High,8.7,No,Primary,30,1
ST06163,Kabir Pant,TS313,Female,8,93.3,84,80,83,Low,4.1,Yes,None,25,0
ST06164,Gauri Krish,TS198,Male,8,52.2,53,38,51,Low,8.5,No,Primary,29,1
ST06165,Balhaar Brahmbhatt,TS046,Male,8,85.1,90,90,85,High,3.5,No,Secondary,13,0
ST06166,Samesh Zachariah,TS252,Female,8,48.6,53,58,59,High,2.0,Yes,Graduate,26,1
ST06167,Nathan Borde,TS162,Female,8,74.8,57,57,66,Medium,5.8,No,Primary,2,0
ST06168,Logan Edwin,TS081,Male,10,71.4,75,64,76,Medium,3.7,Yes,Primary,22,0
ST06169,Chandran Sangha,TS029,Female,7,59.3,56,48,47,Low,3.2,No,None,16,1
ST06170,Eesha Choudhry,TS380,Male,8,67.9,71,80,81,High,2.3,Yes,None,6,0
ST06171,Yashasvi Seth,TS217,Male,9,80.5,67,87,80,Medium,8.4,Yes,Primary,30,0
ST06172,Adweta Pal,TS109,Female,9,74.1,63,76,67,High,2.0,No,Primary,10,0
ST06173,Kamala Aggarwal,TS082,Female,8,78.3,85,68,82,Low,9.0,Yes,Primary,17,1
ST06174,Amrita Bala,TS391,Male,7,81.8,70,83,64,Medium,11.2,No,Secondary,16,0
ST06175,Kashvi Soni,TS001,Male,9,55.1,45,40,39,Medium,4.0,No,Graduate,12,0
ST06176,Ekta Sen,TS237,Female,10,61.2,58,53,56,Low,3.1,Yes,Graduate,27,1
ST06177,Arin Ravi,TS198,Male,9,60.5,55,68,58,High,8.7,No,Secondary,20,1
ST06178,Lakshit Char,TS014,Female,10,76.0,64,81,70,Medium,2.5,Yes,Secondary,1,0
ST06179,Arunima Mall,TS187,Male,6,77.4,72,66,78,Medium,3.1,Yes,Secondary,29,0
ST06180,Pallavi Narain,TS186,Male,7,90.2,79,94,81,Low,6.5,Yes,Graduate,16,0
ST06181,Sara Dhar,TS360,Female,9,61.9,56,56,60,Medium,5.0,No,None,25,1
ST06182,Yachana Chawla,TS219,Female,6,56.4,49,58,51,Medium,8.1,Yes,None,28,1
ST06183,Neelima Maharaj,TS402,Female,8,78.1,72,72,83,Medium,7.8,Yes,Secondary,10,0
ST06184,Tanvi Bala,TS194,Male,7,67.8,81,63,72,High,6.4,Yes,Primary,17,1
ST06185,Pahal Rout,TS426,Female,8,75.1,66,69,65,Low,2.9,Yes,Secondary,1,0
ST06186,Abdul Choudhry,TS214,Male,10,87.2,87,89,93,Low,10.7,Yes,Secondary,29,1
ST06187,Finn Maharaj,TS371,Male,9,54.5,57,51,56,Medium,11.9,Yes,Primary,23,1
ST06188,Advay Gala,TS286,Female,9,49.9,52,45,49,High,4.6,Yes,Secondary,25,1
ST06189,Xalak Chana,TS115,Male,9,65.9,61,65,56,Medium,6.7,Yes,Graduate,20,1
ST06190,Hemani Bhandari,TS266,Male,9,97.8,94,86,86,Medium,11.2,Yes,Graduate,2,0
ST06191,Mahika Basu,TS388,Female,9,85.4,76,76,73,Medium,8.6,Yes,Primary,7,0
ST06192,Ronith Ramakrishnan,TS126,Male,8,83.4,76,77,73,Low,2.7,Yes,None,28,0
ST06193,Waida Yadav,TS156,Male,6,93.9,92,83,80,Medium,2.6,Yes,Secondary,22,0
ST06194,Xavier Atwal,TS346,Male,10,73.1,65,64,60,Medium,6.4,Yes,Primary,22,0
ST06195,Kiaan Kaur,TS343,Male,7,88.0,88,86,77,Low,8.5,Yes,Primary,8,0
ST06196,Aadhya Sodhi,TS140,Male,7,66.2,57,55,70,Medium,0.8,Yes,Primary,25,1
ST06197,Kiaan Mani,TS469,Male,6,49.4,51,51,59,Medium,9.6,Yes,Primary,11,0
ST06198,Tejas Bumb,TS354,Female,10,90.4,80,79,83,Medium,4.5,No,Graduate,29,0
ST06199,Gayathri Buch,TS243,Male,7,54.6,47,50,57,Low,8.8,Yes,None,23,1
ST06200,Prisha Boase,TS401,Male,10,70.3,77,64,72,High,5.2,Yes,None,24,0
ST06201,Ganga Madan,TS470,Male,10,52.9,44,53,48,Medium,8.1,No,Graduate,30,1
ST06202,Chatresh Bir,TS082,Female,8,45.2,52,40,47,Low,10.3,Yes,None,5,1
ST06203,Oviya Salvi,TS311,Male,10,96.9,83,99,99,Medium,3.9,Yes,Secondary,3,0
ST06204,Anvi Sahni,TS079,Male,9,52.1,49,55,44,Medium,1.9,No,Secondary,29,1
ST06205,Abeer Bobal,TS299,Male,6,52.3,41,49,37,Medium,0.7,No,Secondary,18,1
ST06206,Yashodhara Sampath,TS020,Male,6,61.9,64,63,68,Medium,4.8,Yes,Secondary,1,0
ST06207,Rachana Magar,TS382,Female,8,88.3,91,79,77,Low,11.6,Yes,Primary,19,1
ST06208,David Kar,TS455,Female,9,52.1,60,61,61,Low,9.2,Yes,Primary,17,1
ST06209,Netra Kapoor,TS255,Female,7,60.6,53,55,45,Low,8.0,No,Graduate,17,1
ST06210,Sathvik Mangat,TS087,Male,8,79.3,72,63,69,Medium,10.3,No,Primary,22,0
ST06211,Arjun Korpal,TS433,Male,6,64.0,64,55,55,Low,2.7,Yes,None,21,1
ST06212,Yashasvi Parmar,TS094,Female,6,84.0,89,85,74,Low,10.0,Yes,Graduate,21,1
ST06213,Laksh Chandran,TS453,Female,8,54.0,66,63,68,High,9.9,Yes,Secondary,30,1
ST06214,Chakradev Konda,TS224,Female,8,87.1,85,88,74,Medium,11.4,Yes,Secondary,18,0
ST06215,Wyatt Samra,TS400,Female,10,83.6,66,76,84,Medium,4.5,No,Graduate,8,0
ST06216,Chatura Khosla,TS477,Female,9,85.8,73,67,80,Low,1.5,No,Secondary,22,1
ST06217,Unni Wali,TS382,Female,6,75.1,78,69,62,Low,1.8,Yes,Secondary,18,0
ST06218,Teerth Jhaveri,TS138,Female,8,91.5,84,83,81,Low,5.0,Yes,Graduate,26,0
ST06219,Maya Gara,TS358,Male,7,76.3,76,76,84,High,7.7,Yes,Primary,8,0
ST06220,Qushi Bala,TS072,Female,9,81.0,82,82,63,Medium,4.7,No,Graduate,25,0
ST06221,Girish Sharaf,TS027,Female,6,86.4,91,94,91,High,3.9,Yes,Primary,28,0
ST06222,Indira Wali,TS107,Female,9,93.3,85,79,93,Medium,3.5,Yes,Primary,28,0
ST06223,Onveer Natt,TS432,Female,6,91.4,86,97,84,Low,1.7,Yes,Secondary,15,0
ST06224,Chanakya Devan,TS065,Female,7,56.2,52,50,49,Medium,12.0,Yes,Secondary,30,1
ST06225,Nikita Lad,TS456,Female,7,88.4,88,88,74,Low,9.9,Yes,Primary,12,0
ST06226,Libni Ghose,TS129,Female,10,62.2,56,68,69,Low,11.8,Yes,Primary,8,1
ST06227,Sarthak Nagi,TS251,Male,8,88.8,70,82,83,Low,11.2,No,Secondary,11,0
ST06228,Guneet Dar,TS223,Female,7,60.5,49,66,54,Low,5.2,Yes,Graduate,20,1
ST06229,Nisha Kunda,TS276,Female,8,61.5,62,51,57,Low,8.3,Yes,Secondary,23,1
ST06230,Barkha Lanka,TS284,Male,7,92.5,89,77,78,Medium,11.0,No,Primary,11,0
ST06231,Waida Dara,TS285,Female,8,90.3,87,87,76,Low,8.6,Yes,Primary,7,0
ST06232,Raagini Borra,TS115,Male,7,53.7,55,45,49,Medium,10.0,Yes,Primary,10,0
ST06233,Netra Thaman,TS453,Male,8,83.6,70,75,79,High,2.4,No,Primary,30,0
ST06234,Gauri Jain,TS416,Male,7,78.4,78,83,85,Low,4.3,Yes,Secondary,20,0
ST06235,Yutika Sangha,TS070,Male,9,58.6,63,59,55,High,3.2,Yes,Graduate,3,0
ST06236,Rushil Subramanian,TS104,Male,9,58.0,47,49,64,Low,1.6,Yes,Primary,15,1
ST06237,Henry Bhattacharyya,TS039,Male,10,83.1,71,71,73,Low,11.8,Yes,Primary,13,0
ST06238,Varsha Hans,TS182,Male,6,64.0,71,54,60,Low,11.7,Yes,Primary,15,1
ST06239,Harinakshi Dhar,TS342,Male,6,75.2,76,57,69,Low,6.0,No,None,27,1
ST06240,Chakradev Dube,TS035,Male,10,97.9,90,99,93,High,11.2,No,Primary,19,0
ST06241,Pranav Pal,TS174,Male,9,47.6,54,47,52,Low,7.6,Yes,Graduate,9,1
ST06242,Vasudha Goda,TS171,Male,8,52.1,46,47,45,Medium,10.9,Yes,Secondary,15,0
ST06243,Nihal Toor,TS017,Male,7,50.5,42,50,48,Low,10.8,Yes,None,10,1
ST06244,Tarak Dewan,TS214,Female,9,53.3,45,60,51,Low,5.8,Yes,None,18,1
ST06245,Amol Hans,TS395,Female,7,81.2,83,73,88,High,1.9,Yes,Secondary,2,0
ST06246,Charan Chada,TS271,Female,10,82.1,78,77,79,Low,4.2,Yes,Secondary,25,0
ST06247,Nimrat Parsa,TS212,Female,9,97.7,85,82,90,High,10.5,No,None,10,0
ST06248,Ekaja Narang,TS298,Male,9,63.7,60,63,65,Medium,7.8,No,Primary,9,1
ST06249,Alka Baria,TS121,Male,9,55.6,45,60,47,Medium,1.7,Yes,Primary,17,1
ST06250,Jason Shan,TS445,Male,7,83.3,85,80,84,High,6.2,Yes,None,10,0
ST06251,Nachiket Sagar,TS437,Male,7,65.5,71,61,68,Low,3.1,Yes,Graduate,0,1
ST06252,Rishi Parmer,TS379,Male,9,84.8,82,86,75,Medium,10.1,Yes,Secondary,30,0
ST06253,Kashish Walla,TS171,Female,10,55.6,58,46,61,Low,7.9,Yes,Secondary,1,1
ST06254,Girindra Luthra,TS296,Female,8,74.1,63,61,70,Low,8.8,Yes,Secondary,8,0
ST06255,Bakhshi Taneja,TS320,Female,9,56.8,56,46,60,Low,11.8,Yes,Primary,3,1
ST06256,Liam Doshi,TS305,Female,7,88.9,80,95,94,Low,7.0,Yes,Primary,19,0
ST06257,Arya Virk,TS305,Female,7,45.3,36,42,45,Low,9.2,No,Secondary,21,1
ST06258,Nimrat Sen,TS226,Male,7,80.0,72,77,77,Medium,2.9,Yes,None,26,0
ST06259,Gagan Setty,TS045,Male,7,55.8,55,56,43,Low,11.5,No,Secondary,12,1
ST06260,Yochana Shukla,TS341,Male,8,45.2,42,41,54,High,9.5,Yes,None,27,1
ST06261,Abhimanyu Ganesan,TS208,Male,10,46.9,40,37,36,Medium,11.9,No,Graduate,24,1
ST06262,Amruta Mistry,TS478,Female,8,55.4,56,54,69,High,6.9,Yes,Secondary,12,0
ST06263,Aadi Atwal,TS313,Female,10,60.8,45,56,62,Medium,9.4,No,Primary,4,1
ST06264,Hemani Lata,TS489,Female,9,96.4,86,85,81,Medium,3.0,No,Primary,30,0
ST06265,Eta Thaman,TS198,Male,7,67.6,68,78,63,High,3.1,Yes,Graduate,21,1
ST06266,Naveen Agarwal,TS054,Male,10,56.0,60,66,60,High,10.8,Yes,None,22,1
ST06267,Jagat Garde,TS289,Female,7,56.9,66,46,55,Medium,4.8,Yes,Secondary,18,1
ST06268,Ayushman Tara,TS094,Male,9,47.3,54,43,46,High,7.0,No,Primary,6,0
ST06269,Guneet Banik,TS195,Female,10,47.9,43,57,49,Medium,9.1,Yes,None,27,1
ST06270,Gopal Bala,TS305,Male,6,77.8,67,77,64,Low,10.0,No,None,15,0
ST06271,Oliver Borah,TS483,Male,10,55.5,69,58,65,High,8.4,Yes,Secondary,25,1
ST06272,Ishanvi Lal,TS392,Female,10,73.8,69,68,64,Medium,0.8,Yes,Primary,8,0
ST06273,Frado Sem,TS129,Male,10,55.5,45,48,61,Low,9.6,Yes,Graduate,25,1
ST06274,Advik Kar,TS156,Male,7,70.2,62,66,60,Medium,2.0,No,Secondary,15,0
ST06275,Avni Dixit,TS468,Male,6,54.3,59,52,45,Low,10.6,Yes,Secondary,14,1
ST06276,Agastya Jha,TS009,Female,6,80.1,89,91,74,High,10.1,Yes,Primary,3,0
ST06277,Ranbir Wagle,TS371,Female,7,54.8,64,45,59,Low,4.8,Yes,Primary,19,1
ST06278,Chatura Bora,TS225,Female,8,59.6,50,51,52,Medium,1.1,Yes,Secondary,28,1
ST06279,Ishaan Pandya,TS154,Male,6,94.8,84,94,95,Medium,1.5,No,None,29,0
ST06280,Kritika Natarajan,TS437,Female,6,85.3,84,75,78,High,2.8,No,Graduate,19,0
ST06281,Keya Om,TS154,Male,7,54.1,62,48,46,Medium,6.0,Yes,None,0,0
ST06282,Nitara Mallick,TS001,Female,6,48.7,51,43,35,Low,11.7,No,None,30,1
ST06283,Falak Naidu,TS283,Male,6,55.0,45,61,59,Low,2.4,Yes,Secondary,22,1
ST06284,Chaitaly Lala,TS398,Female,10,49.1,41,59,46,Medium,2.0,Yes,Primary,26,1
ST06285,Yatin Raju,TS387,Female,7,72.4,79,76,78,Medium,4.0,Yes,Primary,17,0
ST06286,Gautami Purohit,TS262,Male,8,82.4,75,84,65,Medium,8.1,No,Secondary,19,0
ST06287,Hemani Badami,TS006,Female,9,50.8,55,42,48,Medium,10.5,Yes,Primary,11,0
ST06288,Advik Menon,TS158,Female,10,76.8,74,80,81,Medium,10.7,Yes,Secondary,4,0
ST06289,Anmol Bali,TS033,Male,10,93.5,80,88,79,Low,7.2,Yes,None,27,1
ST06290,Urvashi Bakshi,TS259,Female,9,93.2,82,82,75,Low,6.6,No,None,5,0
ST06291,Aashi Deep,TS469,Male,7,70.0,75,59,65,Medium,2.6,Yes,Graduate,10,0
ST06292,Yauvani Sharma,TS351,Male,10,47.8,40,48,40,Medium,9.1,Yes,Secondary,13,1
ST06293,Bhavika Baria,TS424,Female,9,81.1,69,75,86,Medium,5.1,Yes,Graduate,30,0
ST06294,Anmol Khatri,TS181,Male,6,75.2,87,86,76,High,9.5,Yes,Secondary,8,0
ST06295,Reyansh Chaudhuri,TS119,Male,8,97.9,89,96,99,Low,8.6,Yes,Primary,25,1
ST06296,Yauvani Rau,TS480,Male,9,77.9,74,74,71,Medium,5.7,Yes,Secondary,14,0
ST06297,Qarin Din,TS329,Male,7,97.4,93,94,79,Medium,3.4,No,Primary,2,0
ST06298,Max Rege,TS283,Female,10,68.5,60,76,66,Low,8.8,Yes,Primary,4,1
ST06299,Hamsini Sabharwal,TS073,Female,8,64.9,64,63,60,Low,10.9,No,Primary,11,1
ST06300,Daksha Kothari,TS213,Male,9,64.8,61,61,64,Low,8.8,Yes,Graduate,9,1
ST06301,Ansh Sibal,TS028,Female,10,57.3,66,65,69,High,9.8,Yes,Secondary,4,0
ST06302,Oliver Swamy,TS485,Male,7,69.9,69,76,74,Medium,9.7,Yes,None,22,1
ST06303,Varsha Rama,TS071,Male,6,47.1,33,50,42,Medium,2.2,No,Primary,0,1
ST06304,Omisha Mane,TS360,Male,6,94.9,91,94,83,Low,10.8,Yes,Graduate,19,1
ST06305,Vedhika Krish,TS076,Male,6,63.7,61,68,63,Medium,10.5,Yes,Graduate,2,0
ST06306,Oliver Bhandari,TS481,Male,10,97.4,84,84,96,Medium,2.8,No,Primary,2,0
ST06307,Mitali Parsa,TS424,Female,6,60.0,52,66,59,Low,4.3,Yes,None,12,1
ST06308,Udant Kashyap,TS180,Male,8,60.9,48,54,49,Low,4.0,No,Primary,23,1
ST06309,Fiyaz More,TS150,Male,10,63.7,66,68,63,High,2.3,Yes,Secondary,26,1
ST06310,Eesha Issac,TS471,Female,6,58.7,53,52,51,Medium,5.3,Yes,Secondary,28,1
ST06311,Dakshesh Gade,TS089,Male,6,58.1,56,51,47,Medium,10.8,Yes,Secondary,26,1
ST06312,Oliver Dugal,TS350,Female,7,59.4,68,48,54,Medium,6.7,Yes,None,14,0
ST06313,Caleb Narasimhan,TS432,Female,6,52.3,56,37,46,Medium,0.7,No,Graduate,0,0
ST06314,Jairaj Kala,TS182,Male,9,55.2,63,57,55,Medium,1.7,Yes,Secondary,0,0
ST06315,Falan Shan,TS366,Male,10,63.0,53,61,69,Low,9.7,Yes,Secondary,0,1
ST06316,Om Kala,TS422,Female,7,87.8,79,87,74,Low,11.2,Yes,Secondary,29,1
ST06317,Jason Bail,TS462,Male,8,57.0,56,53,55,Low,9.4,No,Graduate,14,1
ST06318,Yashoda Sankar,TS342,Male,9,93.2,96,94,84,Low,1.0,Yes,Secondary,25,0
ST06319,Ubika Sampath,TS279,Male,6,73.6,64,71,73,Low,5.2,No,Primary,2,0
ST06320,Qushi Ranganathan,TS018,Female,7,90.1,87,86,86,Low,9.7,Yes,Secondary,8,0
ST06321,Pooja Khare,TS418,Female,7,73.2,80,76,76,Low,3.8,Yes,Secondary,9,0
ST06322,Mason Korpal,TS459,Male,6,45.5,38,45,35,Medium,8.3,No,Primary,24,1
ST06323,Diya Verma,TS252,Female,9,65.4,59,57,68,High,6.8,No,Secondary,8,0
ST06324,Radha Bhatti,TS251,Male,8,84.2,86,89,91,High,6.3,Yes,Primary,4,0
ST06325,Arunima Batra,TS060,Female,9,75.0,75,69,59,Low,11.7,No,Primary,14,0
ST06326,Yashvi Goswami,TS338,Female,8,71.0,68,72,65,Low,3.5,Yes,Primary,18,0
ST06327,Hardik Shetty,TS499,Female,8,66.5,52,63,69,Medium,5.3,No,Primary,25,1
ST06328,Warinder Kadakia,TS453,Female,8,53.0,56,62,57,Medium,9.9,Yes,Primary,21,1
ST06329,Jacob Swaminathan,TS183,Male,9,87.4,83,84,85,Medium,6.2,Yes,Secondary,15,0
ST06330,Varsha Agarwal,TS115,Male,6,74.5,70,81,73,Low,10.2,Yes,Secondary,25,1
ST06331,Edhitha Parikh,TS102,Female,9,82.4,79,76,75,Medium,9.7,Yes,Secondary,9,0
ST06332,Jeremiah Sharaf,TS014,Male,7,97.5,87,87,93,Low,6.6,No,Graduate,7,0
ST06333,Januja Iyengar,TS402,Male,7,97.1,95,78,83,Medium,7.7,No,Graduate,2,0
ST06334,Parth Talwar,TS047,Male,7,63.4,53,55,64,Medium,10.8,Yes,Primary,28,1
ST06335,Amara Verma,TS300,Female,7,83.6,89,82,74,Medium,11.9,Yes,Secondary,6,0
ST06336,Onkar Lala,TS473,Female,10,92.7,95,90,86,Low,6.2,Yes,Graduate,19,0
ST06337,Sai Bhardwaj,TS173,Female,6,67.5,61,73,73,Medium,7.5,Yes,Secondary,16,1
ST06338,Barkha Chandra,TS244,Female,8,58.4,63,60,61,Low,5.8,Yes,Secondary,27,1
ST06339,Nitara Mody,TS080,Male,7,64.1,70,69,58,Low,3.4,Yes,Secondary,12,1
ST06340,Farhan Thaker,TS142,Female,9,86.6,83,83,86,Medium,2.4,Yes,Secondary,30,0
ST06341,Harish Vyas,TS192,Male,7,55.2,45,59,61,Medium,1.2,Yes,Secondary,9,0
ST06342,Omya Sharaf,TS293,Female,8,65.3,55,63,58,Medium,2.4,No,Graduate,21,1
ST06343,Kamala Borde,TS177,Male,9,66.1,59,64,69,Medium,3.4,No,Primary,25,1
ST06344,Unnati Krish,TS207,Female,7,74.2,78,75,79,Low,9.3,Yes,Graduate,20,1
ST06345,Shaurya Doctor,TS199,Male,10,65.1,56,52,63,Medium,6.1,No,None,20,1
ST06346,Charita Barad,TS036,Female,8,64.1,71,68,63,Low,10.3,Yes,Secondary,25,1
ST06347,Arya Dar,TS281,Male,10,97.3,96,90,87,Low,8.2,No,None,16,1
ST06348,Widisha Chopra,TS015,Female,7,66.7,60,66,75,Low,0.9,Yes,Primary,2,1
ST06349,Harshil Gole,TS080,Male,10,61.6,54,60,52,Low,2.8,Yes,Secondary,23,1
ST06350,Rohan Comar,TS270,Male,9,91.2,88,80,81,Low,5.0,Yes,None,25,0
ST06351,Manthan Shan,TS274,Male,8,63.8,68,59,57,High,7.8,Yes,Graduate,10,0
ST06352,Bina Sarraf,TS135,Female,6,63.6,71,60,60,Low,9.9,Yes,Graduate,24,1
ST06353,Ekansh Mann,TS047,Female,7,69.6,75,70,66,Low,8.4,Yes,Primary,23,1
ST06354,Pavani Merchant,TS344,Female,8,55.4,47,48,53,Medium,0.8,Yes,Graduate,1,0
ST06355,Tanish Memon,TS024,Female,9,60.7,58,56,45,Medium,5.9,No,Secondary,11,0
ST06356,Vaishnavi Luthra,TS292,Female,8,87.1,78,78,92,Medium,2.7,Yes,Primary,4,0
ST06357,Agastya Pandya,TS344,Male,8,46.7,53,54,41,Low,5.0,Yes,None,30,1
ST06358,Ekansh Sunder,TS419,Female,10,62.9,48,52,61,Medium,4.9,No,Primary,26,1
ST06359,Radha Wason,TS160,Female,10,81.8,75,78,76,Low,4.3,Yes,Primary,26,0
ST06360,Sudiksha Chander,TS495,Female,6,75.6,75,79,67,High,8.2,No,Primary,22,0
ST06361,Gopal Padmanabhan,TS230,Male,8,61.5,56,51,70,High,7.2,No,Secondary,29,1
ST06362,Chatura Bahri,TS475,Male,8,79.3,75,78,74,Low,0.8,Yes,Secondary,19,0
ST06363,Chameli Deep,TS262,Female,10,67.5,71,74,55,Medium,5.1,Yes,Primary,29,1
ST06364,Utkarsh Sangha,TS390,Female,6,63.6,71,53,70,Medium,7.2,Yes,None,12,0
ST06365,Urmi Dhillon,TS386,Male,6,88.3,82,86,79,Low,5.4,Yes,Graduate,19,0
ST06366,Advika Pall,TS105,Male,8,85.0,86,74,90,Low,4.1,Yes,Secondary,2,0
ST06367,Jagrati Subramaniam,TS153,Male,6,64.2,68,59,61,Medium,2.5,Yes,Secondary,20,1
ST06368,Warhi Puri,TS242,Male,7,78.0,75,66,71,Medium,7.2,Yes,None,24,0
ST06369,Eshana Sengupta,TS449,Male,7,85.3,75,76,75,Low,11.7,Yes,Primary,18,1
ST06370,Triveni Goda,TS497,Male,10,78.5,71,89,90,High,7.0,Yes,Primary,1,0
ST06371,Sai Choudhury,TS062,Female,10,88.0,74,70,84,Medium,7.9,No,None,2,0
ST06372,Advay Nigam,TS159,Male,8,76.0,62,76,66,Medium,1.6,No,Graduate,1,0
ST06373,Aradhana Edwin,TS257,Male,10,45.0,35,38,31,Low,1.4,No,None,25,1
ST06374,Saanvi Lanka,TS115,Male,10,93.7,97,89,88,Low,8.9,Yes,Primary,25,1
ST06375,Onveer Naik,TS107,Female,10,47.7,33,39,44,Low,8.5,No,Graduate,18,1
ST06376,Bakhshi Wadhwa,TS148,Female,8,93.4,97,93,95,Medium,6.9,Yes,None,0,0
ST06377,Chandresh Narang,TS404,Male,9,73.9,84,78,83,High,3.7,Yes,Secondary,8,0
ST06378,Avni Sachdev,TS123,Female,9,46.2,56,52,48,Low,0.5,Yes,Graduate,12,1
ST06379,Warjas Jain,TS142,Male,9,59.6,56,66,53,Low,10.9,Yes,Graduate,27,1
ST06380,Kashvi Raja,TS426,Male,9,83.0,70,89,69,Low,4.8,Yes,Primary,19,0
ST06381,Luke Solanki,TS236,Female,10,46.3,48,44,43,Low,4.4,Yes,Primary,10,1
ST06382,Gaurika Sehgal,TS352,Female,9,83.2,86,78,81,Low,4.8,Yes,Primary,20,0
ST06383,Hritik Sachar,TS275,Female,6,74.3,79,61,63,Medium,1.0,Yes,Primary,6,0
ST06384,Kala Kothari,TS305,Female,9,58.4,63,58,67,Low,5.8,Yes,Secondary,7,1
ST06385,Qabil Vasa,TS230,Female,9,48.6,52,47,45,Low,4.1,Yes,Secondary,17,1
ST06386,Ekaja Sant,TS224,Male,6,50.2,38,40,43,Low,11.4,No,Primary,0,1
ST06387,Niharika Toor,TS167,Female,9,80.9,77,79,80,Medium,6.6,Yes,Primary,13,0
ST06388,Meghana Karpe,TS448,Female,7,54.0,44,59,57,Low,6.6,Yes,Primary,10,1
ST06389,Charles Sehgal,TS171,Female,10,88.3,82,90,82,Medium,9.8,Yes,Primary,14,0
ST06390,Ekapad Ramaswamy,TS230,Female,10,60.4,64,72,74,High,11.4,Yes,None,13,0
ST06391,Upkaar Devi,TS466,Female,7,97.8,87,97,88,Medium,8.6,Yes,Graduate,23,0
ST06392,Harish Kala,TS246,Male,7,63.4,68,71,64,Low,11.6,Yes,Secondary,25,1
ST06393,Naksh Viswanathan,TS068,Female,10,82.9,86,78,85,Low,9.6,Yes,Primary,12,0
ST06394,Omisha Sen,TS338,Female,9,74.9,73,69,63,Low,2.2,Yes,None,15,0
ST06395,Timothy Patla,TS338,Female,9,45.9,53,38,45,Medium,1.7,Yes,Graduate,20,1
ST06396,Chameli Nigam,TS462,Male,6,89.0,78,77,76,Medium,10.1,Yes,None,1,0
ST06397,Wriddhish Bal,TS171,Male,9,54.1,51,57,44,Low,2.3,No,Primary,9,1
ST06398,Falak Sankar,TS395,Male,9,65.1,71,66,72,Medium,2.3,Yes,Secondary,1,0
ST06399,Meera Murthy,TS096,Female,10,79.3,67,76,73,Medium,0.8,Yes,Primary,17,0
ST06400,Ridhi Edwin,TS173,Male,7,65.7,56,59,53,Medium,5.3,No,Secondary,0,0
ST06401,Vanya Ganesan,TS289,Male,6,96.6,92,86,82,Medium,11.4,No,None,10,0
ST06402,Madhavi Krish,TS479,Female,8,67.0,70,59,62,Low,2.2,No,Graduate,6,1
ST06403,Ishwar Subramaniam,TS376,Female,8,76.8,81,67,67,Medium,7.1,Yes,None,6,0
ST06404,Fiyaz Ganesan,TS233,Female,7,77.5,80,72,82,Low,1.4,Yes,Secondary,13,0
ST06405,Tanay Gole,TS058,Male,8,53.0,55,56,48,Low,10.6,No,None,4,1
ST06406,Fitan Sood,TS331,Male,7,66.0,67,62,72,High,1.2,Yes,Secondary,24,1
ST06407,Saanvi Oza,TS358,Female,8,46.7,38,50,53,Medium,2.6,Yes,Secondary,0,1
ST06408,Gayathri Sankar,TS013,Male,6,45.2,31,49,43,Medium,5.2,No,Primary,19,1
ST06409,Ladli Sangha,TS049,Female,9,79.8,88,82,82,High,11.2,Yes,Graduate,2,0
ST06410,Ucchal Ravel,TS477,Male,6,66.5,60,50,63,Low,8.8,No,Primary,0,1
ST06411,Jeevika Modi,TS152,Male,6,90.4,86,76,93,Medium,9.8,Yes,Primary,29,0
ST06412,Lopa Kothari,TS414,Female,9,53.3,58,42,57,Medium,4.7,Yes,Secondary,28,1
ST06413,Gagan Bahri,TS218,Female,9,91.8,78,77,91,Medium,3.6,No,Primary,13,0
ST06414,Anika Pandit,TS463,Male,8,87.9,93,85,84,Low,8.0,Yes,None,8,0
ST06415,Ekantika Kapur,TS387,Male,8,59.7,71,56,65,High,9.8,Yes,Secondary,28,1
ST06416,Kamya Maharaj,TS261,Male,7,50.9,47,36,44,Medium,7.9,No,Secondary,16,1
ST06417,Forum Ramakrishnan,TS444,Female,8,72.0,80,81,72,High,5.2,Yes,Secondary,23,0
ST06418,Nilima Gade,TS444,Female,8,65.4,57,60,50,Low,4.1,No,Primary,16,1
ST06419,Idika Vaidya,TS489,Female,8,70.7,73,72,68,Low,10.9,Yes,Primary,1,0
ST06420,Hritik Deshmukh,TS348,Male,10,89.6,78,78,77,Low,11.4,No,Graduate,25,1
ST06421,Utkarsh Garde,TS174,Female,6,64.5,68,70,68,Medium,11.7,Yes,Primary,13,0
ST06422,Peter Bose,TS108,Male,7,95.8,82,96,86,Low,3.2,Yes,Primary,28,0
ST06423,Samesh Dube,TS045,Female,10,90.5,94,76,79,Low,11.0,Yes,Graduate,7,0
ST06424,Siya Parsa,TS241,Male,9,64.0,63,76,64,High,7.9,Yes,Secondary,3,0
ST06425,Faris Reddy,TS059,Female,8,45.5,35,54,48,Medium,6.5,Yes,None,10,1
ST06426,Ojasvi Kata,TS493,Female,9,70.6,55,61,72,Low,7.8,No,Secondary,2,0
ST06427,Dhriti Saran,TS171,Male,9,69.5,70,77,77,Medium,8.6,Yes,Primary,16,1
ST06428,Darpan Nadkarni,TS132,Female,9,58.9,55,56,57,Low,8.8,No,None,15,1
ST06429,Fariq Bhargava,TS078,Male,9,70.2,64,69,66,Low,10.2,No,Primary,23,1
ST06430,Agastya Khalsa,TS182,Male,6,50.2,56,55,58,Low,3.2,Yes,None,17,1
ST06431,Logan Joshi,TS005,Male,6,79.8,80,81,78,Medium,4.9,Yes,None,10,0
ST06432,Neha Dhar,TS364,Male,10,54.7,42,41,57,Medium,10.8,No,Primary,11,1
ST06433,Abdul Ghose,TS466,Male,9,70.5,58,74,76,Low,9.1,Yes,Graduate,23,1
ST06434,Pallavi Sahni,TS255,Male,9,45.3,53,35,42,Medium,8.3,Yes,None,16,1
ST06435,Krisha Mittal,TS145,Female,10,46.7,51,38,53,Medium,11.9,Yes,None,29,1
ST06436,Maanav Agrawal,TS241,Male,6,89.0,75,82,84,Medium,1.1,No,Primary,15,0
ST06437,Nilima Bath,TS238,Male,8,86.8,86,75,93,Low,11.5,Yes,Secondary,8,0
ST06438,Aditya Mistry,TS001,Female,10,84.2,87,75,78,Low,5.3,Yes,Primary,18,0
ST06439,Libni Rai,TS214,Male,10,84.5,78,89,80,Medium,3.2,Yes,Primary,21,0
ST06440,Maanav Malhotra,TS073,Female,8,88.1,86,82,94,Medium,1.6,Yes,Graduate,14,0
ST06441,Nandini Divan,TS036,Female,9,57.7,46,60,64,Low,9.8,Yes,Primary,23,1
ST06442,Rachita Ganesan,TS265,Male,8,68.8,73,60,59,Low,2.0,Yes,Secondary,1,1
ST06443,Leela Nath,TS344,Female,8,64.7,58,57,61,Low,5.0,No,Secondary,21,1
ST06444,Zehaan De,TS094,Male,6,68.3,62,61,76,Medium,6.1,Yes,Secondary,6,0
ST06445,Eshana Keer,TS001,Female,7,93.1,95,84,85,Low,7.4,Yes,Secondary,13,0
ST06446,Upma Nayar,TS339,Male,8,92.1,89,92,86,Low,4.1,Yes,Graduate,17,0
ST06447,Dev Butala,TS320,Female,6,72.9,65,72,66,Medium,0.6,Yes,Primary,13,0
ST06448,Nisha Dhar,TS383,Female,8,58.2,62,59,64,Medium,7.2,Yes,Graduate,2,0
ST06449,Atharv Mani,TS018,Female,9,96.1,87,93,85,Low,4.6,Yes,Secondary,3,0
ST06450,Noah Dhingra,TS461,Male,10,80.2,82,82,73,Medium,3.1,Yes,Primary,6,0
ST06451,Oeshi Prakash,TS093,Female,6,75.1,70,72,73,Low,10.3,Yes,None,8,0
ST06452,Oni Munshi,TS422,Male,8,66.6,55,66,65,Medium,5.7,Yes,Primary,24,1
ST06453,Gagan Kalla,TS008,Male,9,49.8,47,47,40,Low,4.9,Yes,Secondary,10,1
ST06454,Garima Nagar,TS093,Male,6,46.1,55,54,50,Medium,7.9,Yes,Primary,26,1
ST06455,Mohini Puri,TS230,Female,9,48.5,62,46,50,High,4.5,Yes,Primary,13,0
ST06456,Parth Hegde,TS053,Female,8,50.3,44,56,55,Medium,9.0,Yes,Secondary,27,1
ST06457,Upkaar Shetty,TS115,Female,7,54.6,58,66,64,High,5.7,Yes,Primary,26,1
ST06458,Bachittar Malhotra,TS427,Female,8,97.7,88,78,79,Medium,5.3,No,Secondary,3,0
ST06459,Azaan Issac,TS251,Male,9,92.7,95,96,98,Medium,4.9,Yes,None,2,0
ST06460,Aachal Chhabra,TS491,Female,7,70.2,59,77,69,Low,3.7,Yes,Primary,21,0
ST06461,Atharv Chauhan,TS329,Male,6,68.8,62,66,57,Medium,1.7,No,Graduate,28,1
ST06462,Oscar Tripathi,TS413,Female,9,94.4,91,96,79,Low,7.3,Yes,Primary,14,0
ST06463,Jagat Gaba,TS457,Male,6,56.7,55,60,46,Low,2.5,Yes,Secondary,11,1
ST06464,Saanvi Raj,TS320,Female,9,54.3,55,46,43,Medium,8.7,Yes,Primary,6,0
ST06465,Azaan Swamy,TS014,Female,8,79.5,83,72,70,Low,3.4,Yes,Secondary,28,0
ST06466,Pavani Bajwa,TS338,Female,9,48.6,44,46,36,Medium,6.4,No,Secondary,2,1
ST06467,Hiral Chaudhry,TS200,Male,8,78.6,76,73,70,Medium,8.6,No,Primary,23,0
ST06468,Raksha Puri,TS466,Male,7,62.6,52,53,65,Low,0.6,Yes,None,26,1
ST06469,Pratyush Upadhyay,TS454,Female,6,69.1,53,61,70,Medium,6.1,No,None,26,1
ST06470,Isaiah Samra,TS091,Male,6,66.6,73,63,54,Medium,0.5,Yes,Graduate,2,0
ST06471,Ryan Gupta,TS302,Male,6,56.1,51,65,52,Low,4.7,Yes,Secondary,24,1
ST06472,Advika Mandal,TS341,Male,10,80.2,81,71,87,Low,7.2,Yes,None,30,1
ST06473,Rudra Master,TS204,Male,8,66.4,59,69,65,Medium,5.3,Yes,Graduate,9,0
ST06474,Lajita Bava,TS490,Male,9,74.1,66,66,68,Medium,10.4,Yes,None,13,0
ST06475,Gautami Rajan,TS088,Female,6,94.1,88,98,85,Low,9.1,Yes,Graduate,25,1
ST06476,Oliver Narula,TS230,Male,10,84.5,86,89,77,Medium,4.0,Yes,Secondary,30,0
ST06477,Isaac Arya,TS254,Female,6,82.8,82,67,68,Medium,11.8,No,Secondary,28,0
ST06478,Inaya Chhabra,TS114,Male,6,58.5,60,56,62,Medium,1.7,Yes,Graduate,24,1
ST06479,Rachana Sunder,TS307,Female,8,69.7,58,60,69,Medium,2.2,Yes,Primary,0,0
ST06480,Advika Iyer,TS134,Female,9,75.5,67,68,75,Medium,8.9,No,Primary,5,0
ST06481,Azad Chand,TS186,Female,6,53.3,47,53,53,Medium,0.6,Yes,Graduate,18,1
ST06482,Advaith Solanki,TS495,Female,7,67.5,64,60,63,Medium,11.6,No,Secondary,29,1
ST06483,Ishwar D’Alia,TS408,Male,10,84.5,80,82,95,High,1.1,Yes,None,11,0
ST06484,Vasudha Khatri,TS066,Female,9,57.2,48,46,56,Low,9.7,Yes,None,4,1
ST06485,Neel Kala,TS173,Female,7,88.5,86,88,87,High,7.6,Yes,Primary,4,0
ST06486,Manbir Virk,TS067,Female,10,65.9,72,64,65,Low,8.4,Yes,None,28,1
ST06487,Bhavani Shetty,TS026,Female,10,56.4,52,50,57,Medium,6.5,No,Graduate,18,1
ST06488,Bhavani Kohli,TS044,Male,10,68.7,70,63,70,Medium,8.1,Yes,Secondary,19,1
ST06489,Quincy Rattan,TS005,Male,7,83.4,81,88,76,Low,11.2,Yes,Graduate,2,0
ST06490,Hemangini Venkataraman,TS477,Male,8,75.7,63,78,67,Low,6.1,No,Secondary,8,0
ST06491,Amrita Naidu,TS125,Male,9,53.3,52,61,59,Low,3.2,Yes,Secondary,10,1
ST06492,Teerth Master,TS371,Female,6,59.2,64,48,56,Low,7.0,Yes,Secondary,10,1
ST06493,Noah Solanki,TS319,Male,7,89.6,83,89,77,High,2.4,No,Secondary,28,0
ST06494,Arin Lall,TS403,Female,10,46.8,42,44,51,High,5.6,Yes,Graduate,28,1
ST06495,Yashvi Behl,TS062,Female,9,79.3,70,75,80,Low,8.6,Yes,Primary,17,1
ST06496,Amaira Kumer,TS391,Female,6,77.4,72,78,89,High,11.9,Yes,Graduate,18,0
ST06497,Upasna Suri,TS180,Male,8,52.4,48,57,44,Medium,7.8,No,Primary,17,1
ST06498,Jalsa Jayaraman,TS110,Male,7,84.2,74,78,85,Medium,6.2,No,Primary,6,0
ST06499,Priya Sankaran,TS441,Male,10,57.2,49,42,43,Low,3.0,No,Graduate,15,1
ST06500,Vedika Sule,TS127,Male,7,90.7,80,82,90,Medium,7.9,Yes,Graduate,1,0
ST06501,Ekani Bedi,TS163,Male,10,97.4,89,88,85,Medium,6.4,No,None,6,0
ST06502,Aayush Minhas,TS035,Female,7,93.6,82,89,90,Medium,11.9,Yes,Primary,27,0
ST06503,Qushi Kibe,TS328,Female,7,54.7,62,57,56,Medium,7.9,Yes,Secondary,5,0
ST06504,Yachana Bhagat,TS354,Female,7,56.4,58,55,59,High,11.2,Yes,Graduate,1,0
ST06505,Charita Wason,TS401,Male,8,55.5,55,45,48,Low,3.7,Yes,Primary,16,1
ST06506,Nidhi Naik,TS251,Male,10,84.4,78,84,70,Low,9.8,No,None,27,1
ST06507,Chakrika Doshi,TS064,Male,10,59.9,67,58,63,High,9.8,Yes,Primary,1,0
ST06508,Aarna Kuruvilla,TS463,Male,8,92.7,89,77,84,Medium,0.9,No,None,13,0
ST06509,Megha Setty,TS087,Female,10,62.0,62,70,58,Low,11.0,Yes,Primary,25,1
ST06510,Azaan Tripathi,TS222,Female,7,79.1,75,71,82,Medium,8.1,Yes,Secondary,26,0
ST06511,Amruta Sangha,TS141,Male,10,96.9,88,79,91,Medium,8.9,No,Primary,8,0
ST06512,Tripti Sridhar,TS077,Male,10,73.7,65,74,70,Medium,7.5,Yes,Secondary,17,0
ST06513,Jonathan Goel,TS239,Male,7,91.9,93,96,78,Medium,11.4,Yes,Secondary,8,0
ST06514,Chaitanya Bose,TS407,Male,7,83.2,80,76,80,Medium,10.1,No,Secondary,7,0
ST06515,Ira Palan,TS073,Male,7,52.1,57,56,52,High,1.5,Yes,Secondary,19,1
ST06516,Ekantika Prabhu,TS307,Female,9,49.1,54,53,40,Low,5.1,Yes,Graduate,29,1
ST06517,Geetika Modi,TS084,Female,7,94.9,88,83,87,Low,4.0,Yes,Primary,8,0
ST06518,Mitali Hayer,TS130,Female,9,67.9,60,57,53,Medium,10.6,No,Primary,30,1
ST06519,George Sunder,TS479,Male,10,62.3,60,52,70,Low,4.8,Yes,Secondary,17,1
ST06520,Oliver Magar,TS495,Male,9,68.4,76,66,74,Low,4.9,Yes,Primary,16,1
ST06521,Chanchal Jhaveri,TS152,Female,10,78.8,68,71,69,Medium,1.5,Yes,Secondary,19,0
ST06522,Banjeet Kothari,TS218,Female,7,67.3,55,65,72,Low,5.2,Yes,Secondary,15,1
ST06523,Christopher Kurian,TS407,Female,8,46.2,48,52,38,Medium,7.1,Yes,Primary,8,0
ST06524,Ishaan Deol,TS324,Female,6,89.8,88,89,91,Medium,10.7,Yes,Primary,3,0
ST06525,Jacob Chander,TS442,Female,10,57.8,62,56,54,Low,1.3,Yes,Primary,19,1
ST06526,Zashil Bora,TS202,Female,7,79.1,70,61,73,Medium,2.4,No,Secondary,9,0
ST06527,Damyanti Vig,TS286,Female,9,89.5,81,93,93,Medium,3.4,Yes,Primary,15,0
ST06528,Rajeshri Sinha,TS401,Male,9,88.8,73,78,73,Medium,10.9,No,None,28,0
ST06529,Aarav Garde,TS334,Female,10,45.6,55,56,48,High,3.3,No,None,28,1
ST06530,Shivani Sharma,TS217,Female,8,69.1,70,75,67,High,0.5,Yes,Secondary,3,0
ST06531,Anjali Sandal,TS247,Male,6,68.1,64,57,75,Medium,1.5,Yes,Graduate,9,0
ST06532,Chatura Varghese,TS082,Male,9,88.3,82,90,88,High,11.3,Yes,Secondary,13,0
ST06533,Darika Vohra,TS205,Male,6,88.5,92,85,75,Medium,6.5,Yes,Primary,27,0
ST06534,Raksha Mitter,TS443,Male,7,62.5,51,59,63,Medium,1.4,Yes,Secondary,30,1
ST06535,Deepa Khalsa,TS293,Female,10,95.7,97,99,99,High,9.2,Yes,Secondary,6,0
ST06536,Ijaya Chana,TS385,Male,7,95.4,87,85,84,Low,5.9,No,Graduate,17,1
ST06537,Sudiksha Dhar,TS225,Male,10,94.8,83,86,88,Low,4.9,Yes,Primary,29,0
ST06538,William Patil,TS366,Female,10,54.1,43,43,44,Low,7.5,Yes,Graduate,16,1
ST06539,David Bumb,TS329,Female,7,50.5,50,50,57,Medium,0.6,Yes,Primary,0,0
ST06540,Yuvraj Parekh,TS301,Female,10,79.0,66,67,67,Low,4.4,Yes,Graduate,18,0
ST06541,Yasti Sen,TS371,Male,6,55.0,58,49,45,Low,3.9,Yes,Primary,13,1
ST06542,Turvi Bandi,TS287,Female,6,84.0,95,87,94,High,8.5,Yes,Secondary,23,0
ST06543,Warda Tella,TS003,Female,10,95.9,89,89,98,Low,7.9,Yes,None,3,0
ST06544,Unni Krishnan,TS417,Female,7,62.2,50,56,67,Low,10.0,Yes,Secondary,10,1
ST06545,Yatan Dani,TS118,Female,10,61.9,68,58,73,High,4.0,Yes,Primary,11,0
ST06546,Kai Palan,TS052,Male,7,55.7,62,53,63,Low,10.5,Yes,None,15,1
ST06547,Ekalinga Modi,TS462,Male,9,47.9,37,53,53,Low,2.7,No,Secondary,22,1
ST06548,Yug Patla,TS244,Female,7,48.5,43,45,52,High,6.3,Yes,Graduate,3,1
ST06549,Quincy Bhatnagar,TS326,Male,9,81.7,69,86,72,Low,0.7,Yes,Secondary,12,0
ST06550,Om Dugar,TS002,Male,6,52.1,39,36,53,Medium,8.7,No,Primary,7,1
ST06551,Chatura Lal,TS326,Male,10,60.5,66,55,65,Low,11.7,Yes,Primary,11,1
ST06552,Sathvik Gulati,TS139,Male,10,50.0,57,51,47,Medium,3.9,Yes,Secondary,4,0
ST06553,Darpan Prakash,TS137,Male,9,66.8,52,59,69,Low,3.2,No,Primary,2,1
ST06554,Vasatika Bera,TS439,Male,8,86.8,79,73,86,Low,7.7,Yes,Secondary,28,1
ST06555,Qushi Buch,TS482,Female,7,53.3,60,60,52,Medium,1.3,Yes,None,1,0
ST06556,Hredhaan Jha,TS268,Female,7,96.0,95,85,86,Medium,2.8,No,Primary,21,0
ST06557,Lila Talwar,TS459,Male,8,60.0,64,58,60,Medium,6.9,Yes,Primary,22,1
ST06558,Bina Ravel,TS021,Male,10,71.0,81,73,79,High,11.2,Yes,Primary,21,0
ST06559,Mugdha Seshadri,TS106,Male,8,70.4,73,78,65,Medium,8.9,Yes,Secondary,7,0
ST06560,Parth Basu,TS342,Female,7,81.1,75,83,75,Medium,5.1,Yes,Primary,29,0
ST06561,Warhi Narayanan,TS027,Female,7,47.9,39,49,55,Low,4.8,Yes,Graduate,5,1
ST06562,Oliver Johal,TS012,Female,8,83.6,94,82,91,High,4.3,Yes,Primary,10,0
ST06563,Daksha Kulkarni,TS439,Male,7,73.5,74,78,62,Low,10.0,Yes,Primary,13,0
ST06564,Orinder Krishnan,TS219,Male,7,51.9,58,61,56,High,11.8,Yes,None,30,1
ST06565,Rishi Mishra,TS071,Female,6,59.2,55,59,61,Medium,10.3,No,Secondary,2,1
ST06566,Jairaj Pant,TS137,Female,8,49.2,41,49,53,Medium,0.7,Yes,None,30,1
ST06567,Nimrat Lanka,TS126,Female,9,70.1,74,73,62,Medium,9.0,Yes,Graduate,25,0
ST06568,Upkaar Kumar,TS077,Female,7,87.7,80,87,86,Medium,1.8,Yes,Primary,27,0
ST06569,Madhavi Dave,TS229,Male,9,55.0,60,58,59,Medium,10.1,Yes,Secondary,5,0
ST06570,Inaya Dugar,TS474,Male,7,78.8,60,77,77,Low,3.3,No,Secondary,6,0
ST06571,Zaid Mahal,TS283,Male,8,68.1,72,62,57,Low,10.0,Yes,Secondary,25,1
ST06572,Chatura Suri,TS181,Female,9,80.6,72,87,86,Medium,3.4,Yes,Secondary,2,0
ST06573,Sara Tiwari,TS311,Female,8,74.5,64,77,70,Medium,3.7,Yes,Secondary,6,0
ST06574,Yashvi Gera,TS365,Male,7,75.9,81,81,70,Low,3.2,Yes,Primary,22,0
ST06575,Yamini Barad,TS317,Male,7,47.0,41,42,42,Medium,7.5,Yes,Primary,3,1
ST06576,Ishaan Magar,TS371,Female,8,69.1,62,66,58,Medium,4.1,Yes,Primary,10,0
ST06577,Jagrati Tailor,TS155,Female,9,55.2,39,54,42,Medium,5.7,No,Primary,11,1
ST06578,Widisha Vyas,TS232,Female,8,70.6,78,77,64,Medium,0.7,Yes,Primary,1,0
ST06579,Ranveer Dyal,TS472,Male,8,47.5,40,43,38,Medium,1.9,No,Graduate,10,1
ST06580,Andrew Bhasin,TS328,Male,6,53.5,58,53,51,Medium,5.4,Yes,Primary,14,0
ST06581,Onkar Ghose,TS240,Female,8,74.5,63,71,81,Medium,2.9,Yes,Secondary,16,0
ST06582,Mohammed Grewal,TS123,Female,9,86.1,74,76,83,Medium,1.0,No,Primary,29,0
ST06583,Harish Sachdev,TS232,Female,8,47.8,52,51,51,High,5.0,Yes,Secondary,2,0
ST06584,Ekaraj Dewan,TS489,Male,8,97.9,95,85,83,Medium,4.0,No,Secondary,20,0
ST06585,Advika Mangal,TS012,Male,8,76.6,70,73,67,Low,9.7,No,None,30,1
ST06586,Akshay Minhas,TS114,Male,8,54.7,40,50,47,Medium,2.9,No,Primary,18,1
ST06587,Harish Wali,TS276,Male,8,74.9,80,69,76,Low,7.0,Yes,Primary,4,0
ST06588,Jonathan Chacko,TS142,Female,10,72.7,59,65,58,Low,3.9,No,Primary,27,1
ST06589,Ekta Nazareth,TS072,Male,9,88.4,93,93,94,High,4.7,Yes,Secondary,23,0
ST06590,Aarush Das,TS227,Male,6,48.2,45,48,52,Medium,8.8,Yes,Secondary,15,0
ST06591,Yachana Ahuja,TS477,Male,10,76.9,73,83,75,Low,6.1,Yes,Secondary,24,0
ST06592,Anita Memon,TS350,Female,9,74.3,59,72,76,Medium,10.0,No,Secondary,10,0
ST06593,Reyansh Bhalla,TS396,Female,9,78.4,81,73,73,High,3.7,No,Secondary,18,0
ST06594,Chandran Garde,TS482,Male,7,70.4,56,72,59,Low,6.7,No,Primary,0,0
ST06595,Falak Ghose,TS343,Male,6,77.1,77,78,82,Low,3.2,Yes,Primary,6,0
ST06596,Girish Randhawa,TS249,Male,10,94.8,92,94,94,Medium,3.0,Yes,Primary,13,0
ST06597,Charan Bhasin,TS164,Female,6,64.2,62,54,63,Medium,3.0,Yes,None,10,0
ST06598,Vasudha Grover,TS114,Male,10,94.9,91,95,83,Low,7.9,Yes,Secondary,11,0
ST06599,Advay Ben,TS017,Female,8,51.3,52,47,49,Low,0.8,No,Graduate,11,1
ST06600,Tripti Ramaswamy,TS253,Female,8,67.0,56,59,69,Medium,9.0,Yes,Secondary,18,1
ST06601,Nidra Bhatia,TS491,Female,6,95.1,83,95,99,Medium,9.8,Yes,Primary,6,0
ST06602,Sanya Mani,TS455,Female,8,65.2,63,56,64,Medium,1.1,Yes,Primary,12,0
ST06603,Christopher Sheth,TS154,Male,6,62.8,65,76,58,High,11.5,Yes,Primary,24,1
ST06604,Arya Ghose,TS403,Male,8,93.6,94,92,84,Low,5.8,No,Secondary,19,1
ST06605,Bahadurjit Sha,TS171,Female,7,73.2,61,72,71,Medium,2.3,No,None,26,0
ST06606,Jeremiah Ganesan,TS435,Female,6,54.0,51,48,57,Low,10.2,No,Secondary,18,1
ST06607,Nicholas Bera,TS457,Male,9,86.5,83,84,80,Low,7.4,Yes,Graduate,26,1
ST06608,Ucchal Oommen,TS335,Female,10,51.5,52,49,58,Low,8.2,Yes,Secondary,22,1
ST06609,Bishakha Sami,TS277,Female,6,83.7,77,85,80,Low,9.3,Yes,Primary,15,0
ST06610,Kiaan Tripathi,TS005,Male,9,61.2,61,57,64,Low,0.9,Yes,Secondary,9,1
ST06611,Tamanna Dara,TS252,Male,6,64.5,69,53,71,Medium,7.4,Yes,None,29,1
ST06612,Lopa Brahmbhatt,TS203,Female,7,90.3,96,77,81,Low,7.5,Yes,Primary,30,1
ST06613,Rachit Chopra,TS467,Male,10,62.2,56,51,54,Medium,11.5,Yes,Primary,25,1
ST06614,Andrew Kaur,TS043,Male,8,49.9,55,47,42,Low,0.7,Yes,Primary,17,1
ST06615,Jagvi Randhawa,TS097,Female,7,95.7,83,89,89,Low,6.2,No,Primary,12,0
ST06616,Onkar Kashyap,TS360,Female,10,73.3,78,75,69,Low,6.4,Yes,None,24,0
ST06617,Falan Aggarwal,TS322,Male,8,62.6,75,66,73,High,3.7,Yes,Primary,5,0
ST06618,Abeer Morar,TS486,Male,9,55.8,52,55,61,High,8.0,Yes,None,4,0
ST06619,Tristan Kalla,TS184,Female,8,50.7,38,52,37,Medium,6.7,No,Primary,23,1
ST06620,Lakshit Brar,TS135,Female,6,52.4,54,54,55,Low,3.9,Yes,Secondary,24,1
ST06621,Chakrika Warrior,TS189,Male,6,89.3,79,83,84,Medium,9.1,Yes,Primary,8,0
ST06622,Ekta Sankaran,TS240,Female,9,67.4,74,73,67,Low,3.1,Yes,Secondary,20,1
ST06623,Reyansh Varughese,TS032,Male,6,60.0,61,63,60,Medium,1.9,Yes,Secondary,25,1
ST06624,Gauri Naidu,TS302,Male,7,89.1,82,82,79,Medium,1.8,Yes,Primary,20,0
ST06625,Nikita Pandya,TS079,Male,7,57.2,63,63,64,Medium,9.1,Yes,Graduate,15,0
ST06626,Ayushman Johal,TS453,Female,7,80.1,81,77,85,Medium,11.9,Yes,None,5,0
ST06627,Urmi Sodhi,TS109,Male,6,70.9,65,56,68,Low,2.6,No,Primary,1,0
ST06628,Zehaan Vora,TS293,Male,6,68.6,68,65,79,High,3.0,Yes,Secondary,9,0
ST06629,Ranbir Bala,TS118,Male,8,91.5,95,90,92,High,1.3,Yes,Primary,17,0
ST06630,Tejas Bail,TS125,Female,6,55.5,58,55,49,Medium,9.4,Yes,Primary,11,0
ST06631,Varsha Mander,TS297,Male,8,93.7,90,81,80,Medium,10.9,Yes,Secondary,20,0
ST06632,Ranbir Kala,TS121,Female,9,54.9,63,64,57,Medium,9.5,Yes,Secondary,16,1
ST06633,Abeer Deshpande,TS363,Female,7,61.3,62,56,59,Medium,3.0,Yes,Primary,10,0
ST06634,Bimala Zachariah,TS318,Female,7,70.9,76,77,70,Low,9.8,Yes,Secondary,22,1
ST06635,Sara Taneja,TS046,Female,9,57.6,60,53,47,Medium,0.7,No,Primary,7,0
ST06636,Reva Chakrabarti,TS060,Male,6,66.5,71,66,67,Low,11.8,Yes,None,18,1
ST06637,Ikbal Rau,TS107,Male,10,75.3,71,75,76,Low,0.9,Yes,Primary,5,0
ST06638,Faraj Biswas,TS344,Male,7,78.7,83,89,81,High,4.2,Yes,Secondary,16,0
ST06639,Girish Bala,TS021,Male,6,93.4,96,97,99,High,1.2,Yes,Secondary,15,0
ST06640,Pahal Suri,TS373,Male,7,58.1,48,59,62,Medium,3.9,Yes,Secondary,7,0
ST06641,Anay Om,TS224,Male,9,75.9,77,75,64,Medium,6.7,Yes,None,12,0
ST06642,Yatin Chaudhari,TS450,Female,10,92.8,82,95,90,Medium,9.8,Yes,Primary,13,0
ST06643,Pooja Bajaj,TS090,Female,9,69.6,60,61,74,Low,7.8,Yes,Secondary,2,1
ST06644,Aarini Mody,TS254,Male,9,64.2,53,53,52,Low,7.5,Yes,None,30,1
ST06645,Chasmum Dasgupta,TS364,Male,6,89.7,94,79,90,Low,1.3,Yes,Graduate,17,0
ST06646,Yoshita Minhas,TS122,Male,7,68.7,63,76,58,Low,12.0,Yes,None,4,1
ST06647,Balvan Borah,TS336,Female,6,77.0,77,72,74,Medium,2.7,No,Primary,22,0
ST06648,Ansh Rama,TS169,Male,10,68.4,57,56,70,Medium,7.2,Yes,Graduate,8,0
ST06649,Anthony Loyal,TS286,Male,8,59.5,55,51,49,Low,6.4,Yes,Primary,8,1
ST06650,Baljiwan Kale,TS456,Male,10,94.1,99,99,84,Low,10.4,Yes,Primary,20,1
ST06651,Tristan Chaudry,TS499,Male,7,55.0,57,64,57,Low,6.5,Yes,None,11,1
ST06652,Nimrat Arora,TS115,Male,8,75.0,75,57,66,Medium,0.8,No,Primary,25,0
ST06653,Anthony Bhatti,TS024,Female,6,81.3,86,86,88,Low,9.6,Yes,Secondary,30,1
ST06654,Dayamai Mandal,TS308,Female,6,67.8,60,70,66,Low,8.9,Yes,Graduate,20,1
ST06655,Ekapad Balasubramanian,TS133,Male,6,63.2,52,55,60,Medium,2.0,Yes,None,2,0
ST06656,Yuvraj Kohli,TS111,Male,10,48.2,47,48,34,Low,5.5,No,Secondary,22,1
ST06657,Matthew Koshy,TS126,Female,10,77.4,82,70,84,Low,9.2,Yes,Secondary,1,0
ST06658,Pallavi Sanghvi,TS437,Male,8,65.0,57,60,68,High,8.6,No,Secondary,19,1
ST06659,Qadim Sridhar,TS143,Female,8,55.4,62,58,54,High,10.5,Yes,Primary,30,1
ST06660,Zashil Dugal,TS126,Female,8,77.4,79,61,68,Medium,10.9,No,None,3,0
ST06661,Dev Warrior,TS201,Female,10,90.9,84,84,81,Medium,6.1,No,Graduate,1,0
ST06662,Kai Dar,TS354,Female,6,57.1,61,51,49,Low,1.1,Yes,Primary,15,1
ST06663,Jack Ahuja,TS220,Female,6,88.4,93,84,83,Low,9.0,Yes,Secondary,20,1
ST06664,Ojasvi Parikh,TS215,Female,6,69.3,61,75,70,Medium,4.5,Yes,Graduate,6,0
ST06665,Ishanvi Rastogi,TS469,Male,9,96.3,98,91,86,High,5.2,No,Primary,18,0
ST06666,Kavya Ravel,TS355,Female,9,77.6,84,73,73,Low,8.1,Yes,Secondary,29,1
ST06667,Upkaar Tandon,TS478,Female,10,71.6,62,57,65,Medium,2.9,No,Graduate,25,0
ST06668,Yoshita Tank,TS156,Male,10,72.7,69,69,64,Low,11.2,Yes,Primary,0,0
ST06669,Joshua Pandit,TS439,Male,9,78.1,85,65,82,Medium,5.5,Yes,Primary,21,0
ST06670,Bishakha Sood,TS073,Male,6,86.6,92,87,83,Medium,3.4,Yes,None,26,0
ST06671,Ira Thakur,TS289,Male,8,82.3,86,75,86,Low,4.0,Yes,Secondary,15,0
ST06672,Yashawini Samra,TS266,Male,10,86.3,76,76,72,Medium,5.7,No,Secondary,12,0
ST06673,Zarna Deol,TS366,Male,9,69.5,57,63,66,Medium,2.9,Yes,Graduate,26,1
ST06674,Sanaya Nazareth,TS498,Male,10,89.0,92,84,87,Medium,3.9,Yes,Secondary,29,0
ST06675,Advika Kaul,TS012,Female,6,80.9,74,79,77,Low,5.8,Yes,Graduate,13,0
ST06676,Farhan Kata,TS134,Female,6,62.6,61,51,63,Medium,7.8,Yes,Primary,6,0
ST06677,Yochana Shah,TS040,Female,10,79.0,81,84,82,Low,3.5,Yes,Secondary,1,0
ST06678,Falguni Bava,TS263,Female,9,52.9,47,48,56,Low,6.5,Yes,Primary,25,1
ST06679,Januja Kumer,TS034,Female,8,73.6,68,71,64,Low,1.1,No,Graduate,9,0
ST06680,Yahvi Gola,TS111,Male,8,95.0,94,97,91,Low,6.8,Yes,Secondary,30,0
ST06681,Deepa Reddy,TS388,Male,6,66.8,67,70,72,Medium,11.5,Yes,None,21,1
ST06682,William Samra,TS059,Male,6,92.6,98,92,82,Medium,10.0,Yes,Secondary,30,0
ST06683,Madhav Nagy,TS021,Female,6,58.3,60,61,64,Medium,2.9,Yes,Graduate,9,0
ST06684,Isaac Hayre,TS462,Male,6,95.6,95,94,91,High,6.6,Yes,None,1,0
ST06685,Ira Kala,TS358,Female,6,51.3,49,43,43,High,3.7,No,Primary,3,0
ST06686,Charan Kala,TS043,Female,10,86.4,80,79,89,Medium,9.5,Yes,Primary,15,0
ST06687,Tarak Konda,TS251,Male,8,55.9,49,64,51,Low,1.3,Yes,Secondary,14,1
ST06688,Lakshmi Randhawa,TS350,Female,9,59.3,66,54,58,Medium,11.3,Yes,Graduate,24,1
ST06689,Balveer Bala,TS346,Male,10,73.2,61,73,74,Medium,1.1,Yes,Graduate,11,0
ST06690,Utkarsh Din,TS135,Female,8,66.7,71,60,57,Low,7.8,Yes,None,12,1
ST06691,Qushi Sawhney,TS101,Female,9,75.8,59,63,71,Low,4.0,No,Secondary,5,0
ST06692,Rudra Badami,TS168,Female,9,50.5,42,42,51,Low,9.3,No,Graduate,6,1
ST06693,Jairaj Bose,TS464,Female,8,89.5,84,81,89,High,8.3,Yes,Graduate,3,0
ST06694,Ryan D’Alia,TS344,Male,8,77.7,75,72,68,Low,4.3,Yes,Secondary,17,0
ST06695,Kai Kata,TS187,Female,10,84.9,85,76,91,Medium,1.8,Yes,Primary,26,0
ST06696,Unnati Varma,TS331,Female,8,48.3,53,42,39,Medium,3.6,Yes,Primary,4,0
ST06697,Nimrat Jaggi,TS072,Female,9,80.0,71,75,72,Low,7.0,Yes,Primary,28,0
ST06698,Pavani Chahal,TS053,Male,10,64.2,59,64,52,Medium,10.1,Yes,Primary,16,1
ST06699,Panini Narasimhan,TS071,Female,8,73.6,83,67,77,High,3.8,Yes,Secondary,26,0
ST06700,Mugdha Kota,TS301,Female,8,95.8,78,87,87,Medium,6.1,No,Secondary,21,0
ST06701,Faras Wagle,TS255,Female,10,67.0,70,77,77,High,3.2,Yes,None,27,1
ST06702,Nimrat Wali,TS412,Male,9,61.9,69,60,70,Low,9.0,Yes,Secondary,13,1
ST06703,Wridesh Sant,TS424,Male,9,56.2,55,52,56,Medium,6.1,Yes,None,14,0
ST06704,Gaurav Modi,TS335,Male,6,52.0,58,44,58,Medium,9.1,Yes,Secondary,14,0
ST06705,Henry Memon,TS218,Female,9,91.8,87,93,81,Low,4.0,Yes,Secondary,19,0
ST06706,Ishanvi Tella,TS127,Female,7,51.5,47,57,55,Medium,5.4,Yes,Primary,26,1
ST06707,Chakrika Vasa,TS106,Female,7,60.7,55,54,67,Low,11.9,Yes,Graduate,12,1
ST06708,Jatin Gopal,TS450,Female,8,51.5,44,55,56,Low,6.4,Yes,None,19,1
ST06709,Siya Baria,TS113,Female,10,80.8,69,85,67,Medium,1.9,Yes,Secondary,19,0
ST06710,Zarna Khatri,TS474,Female,6,74.1,62,63,79,Low,3.8,Yes,Graduate,1,0
ST06711,Aarush Hans,TS050,Female,7,85.0,79,82,84,Low,11.1,Yes,None,2,0
ST06712,Fiyaz Sahota,TS246,Female,7,84.6,78,78,67,Medium,10.1,No,None,25,0
ST06713,Ishanvi Loyal,TS017,Female,6,97.4,95,92,99,Low,4.1,Yes,Primary,4,0
ST06714,Ekanta Zacharia,TS027,Male,6,75.6,81,74,76,Low,6.3,Yes,Primary,25,0
ST06715,Meghana Sundaram,TS382,Female,7,95.0,88,81,83,Low,5.0,Yes,Secondary,24,0
ST06716,Amrita Chadha,TS229,Female,8,67.8,61,71,57,Medium,4.6,Yes,Graduate,17,1
ST06717,Chaman Narayanan,TS103,Female,9,97.4,91,99,92,High,2.7,No,Primary,11,0
ST06718,Alexander Mittal,TS290,Male,7,91.4,95,80,85,High,3.8,No,Primary,16,0
ST06719,Ayushman Lanka,TS455,Female,10,90.0,86,85,85,Medium,10.1,Yes,None,13,0
ST06720,Ishwar Subramaniam,TS283,Female,6,53.0,50,42,61,Medium,8.0,Yes,Graduate,15,0
ST06721,Imaran Shah,TS198,Male,10,46.0,55,53,43,Low,7.4,Yes,Primary,30,1
ST06722,Ekaja Mangal,TS439,Female,9,62.5,62,74,60,High,2.6,Yes,Primary,7,0
ST06723,Samaksh Pal,TS166,Female,8,70.9,68,56,64,Low,11.8,No,Primary,1,0
ST06724,Upadhriti Vig,TS349,Male,9,62.0,63,68,51,Low,7.7,Yes,Secondary,2,1
ST06725,Shivani Dayal,TS208,Female,10,89.2,80,83,75,Low,2.5,No,Secondary,9,0
ST06726,Charvi Wason,TS069,Female,8,51.8,49,61,58,Low,7.1,Yes,Secondary,25,1
ST06727,Omkaar Hari,TS114,Male,10,91.3,79,74,86,Medium,11.1,No,Primary,2,0
ST06728,Yashvi Kamdar,TS264,Female,10,79.5,73,68,68,Low,4.0,Yes,Secondary,23,0
ST06729,Harini Ratti,TS160,Female,9,61.1,55,65,54,High,6.0,Yes,Secondary,6,0
ST06730,Aarna Ratta,TS379,Female,8,78.5,72,85,80,High,1.9,No,Graduate,11,0
ST06731,Peter Mital,TS121,Female,10,88.6,75,93,77,Medium,6.8,Yes,Primary,13,0
ST06732,Anirudh Sem,TS252,Female,8,81.1,80,77,71,Medium,9.6,Yes,Primary,15,0
ST06733,Faras Basu,TS236,Female,7,55.7,47,57,47,High,8.1,No,Primary,11,1
ST06734,Finn Walia,TS265,Female,7,76.7,61,68,78,Medium,10.9,No,None,0,0
ST06735,Ayaan Parmer,TS072,Female,7,57.4,49,58,61,Low,4.8,No,Secondary,5,1
ST06736,Vyanjana Thakur,TS275,Female,8,73.0,77,79,68,Low,11.3,Yes,Graduate,9,0
ST06737,Gaurav Nair,TS129,Male,8,71.7,69,72,74,Low,3.4,No,Graduate,12,0
ST06738,Charvi Venkataraman,TS329,Female,9,45.9,39,47,41,Low,2.0,Yes,None,10,1
ST06739,Barkha Modi,TS454,Female,6,68.8,60,74,68,Medium,9.8,Yes,Primary,19,1
ST06740,Niharika Narain,TS164,Male,7,61.6,53,54,63,Medium,8.3,Yes,Primary,28,1
ST06741,Yagnesh Sabharwal,TS125,Male,10,81.9,77,74,73,Medium,2.2,No,Primary,0,0
ST06742,Kashish Ghose,TS169,Female,6,77.2,69,64,71,Medium,4.1,Yes,Graduate,14,0
ST06743,Ishani Grover,TS477,Female,10,58.1,58,53,52,High,3.7,Yes,Primary,2,0
ST06744,Bina Pall,TS398,Male,6,72.4,63,68,76,High,11.3,No,Graduate,3,0
ST06745,Advaith Basak,TS098,Male,8,48.2,43,58,55,Low,10.6,Yes,Graduate,24,1
ST06746,Kevin Pathak,TS404,Female,6,88.2,71,79,78,Medium,9.9,No,Primary,16,0
ST06747,Anjali Edwin,TS318,Female,8,68.3,67,53,64,Low,6.8,No,Primary,12,1
ST06748,Vivaan Natt,TS132,Male,9,83.8,81,77,78,High,11.4,No,None,16,0
ST06749,Gaurika Sethi,TS037,Male,7,83.9,80,84,85,Low,4.6,Yes,Primary,7,0
ST06750,Avni Palla,TS233,Female,8,77.4,81,70,83,Low,3.8,Yes,Graduate,20,0
ST06751,Oni Pingle,TS499,Male,7,77.9,78,64,66,Medium,2.4,No,Secondary,19,0
ST06752,Gayathri Kar,TS129,Female,7,73.1,66,64,67,Low,10.5,Yes,Primary,22,1
ST06753,Nakul Grover,TS110,Female,9,46.3,39,36,37,Medium,8.0,Yes,Primary,9,1
ST06754,Gautam Sant,TS417,Male,8,60.9,69,71,70,High,2.8,Yes,Secondary,15,0
ST06755,Oeshi Ramanathan,TS348,Male,8,69.9,59,59,76,Medium,9.2,Yes,Secondary,2,0
ST06756,Udyati Majumdar,TS261,Male,6,65.3,71,57,69,High,9.8,No,Primary,19,1
ST06757,Chakradev Kar,TS274,Female,10,78.4,69,75,82,Low,7.1,Yes,Primary,4,0
ST06758,Aadi Sachdev,TS444,Male,9,74.6,79,73,72,Medium,7.1,Yes,Primary,18,0
ST06759,Chandani Gaba,TS084,Female,8,47.6,50,46,49,Low,1.5,Yes,Primary,9,1
ST06760,Ayush Maharaj,TS241,Male,9,82.4,82,87,69,Medium,8.0,Yes,Graduate,13,0
ST06761,Ethan Pau,TS235,Female,6,71.4,65,60,74,Low,3.8,Yes,Primary,16,0
ST06762,Odika Srinivasan,TS047,Male,6,80.2,84,81,72,Low,6.8,Yes,Primary,17,0
ST06763,Abhiram Chad,TS096,Female,7,56.4,63,51,64,Medium,9.4,Yes,Secondary,28,1
ST06764,Aahana Wason,TS387,Female,8,55.6,40,47,40,Low,6.9,No,Primary,19,1
ST06765,Gautami Sarna,TS335,Female,10,45.1,48,58,44,High,7.3,Yes,Primary,8,0
ST06766,Pranit Kale,TS017,Male,8,90.3,88,96,85,Medium,0.9,Yes,Secondary,25,0
ST06767,Krishna Tailor,TS079,Male,7,67.3,66,70,66,Low,11.3,Yes,None,15,1
ST06768,Omkaar Rastogi,TS111,Male,10,54.3,56,58,62,Medium,10.0,Yes,Graduate,10,0
ST06769,Orinder Jain,TS402,Female,9,60.9,58,57,66,Medium,7.7,Yes,Secondary,1,0
ST06770,Yachana Kannan,TS496,Female,10,75.3,79,70,68,Low,2.3,Yes,Secondary,11,0
ST06771,Yadavi Bahri,TS166,Female,7,67.9,65,57,64,Low,11.3,Yes,Primary,20,1
ST06772,Watika Kumer,TS448,Female,7,48.2,52,52,62,High,7.2,Yes,Graduate,4,0
ST06773,Meghana Batra,TS232,Female,8,81.4,67,63,63,Medium,6.2,No,Primary,19,0
ST06774,Deepa Bali,TS114,Male,10,67.3,70,61,60,High,6.9,No,Primary,2,0
ST06775,Vivaan Mammen,TS347,Female,8,49.6,56,50,58,Low,4.1,Yes,Primary,28,1
ST06776,Dhruv Buch,TS354,Female,9,45.6,50,38,38,Low,11.4,Yes,Secondary,10,1
ST06777,Yoshita Thakur,TS229,Female,7,96.5,95,99,94,Low,3.2,Yes,Secondary,23,0
ST06778,Logan Wagle,TS179,Male,10,74.9,76,66,64,Low,5.6,Yes,Primary,2,0
ST06779,Amara Rajan,TS195,Female,7,73.6,61,80,70,Low,3.8,Yes,Primary,27,0
ST06780,Girindra Kaul,TS062,Female,8,66.1,66,70,61,Low,9.7,Yes,Secondary,2,1
ST06781,David Sarin,TS097,Male,10,96.2,84,92,99,High,7.7,No,Primary,29,0
ST06782,Urishilla Bora,TS250,Female,7,78.0,78,68,76,Medium,11.1,No,Primary,16,0
ST06783,Udyati Murthy,TS430,Male,8,57.3,58,65,51,Medium,2.4,Yes,Secondary,15,0
ST06784,Maanas Gade,TS203,Male,7,74.9,80,79,72,Low,4.6,Yes,Graduate,5,0
ST06785,Simon Dhaliwal,TS140,Male,8,79.9,66,66,84,Medium,5.9,Yes,None,11,0
ST06786,Abha Buch,TS388,Female,6,73.6,62,75,74,Medium,11.8,Yes,Secondary,23,0
ST06787,Baghyawati Misra,TS070,Male,10,65.9,71,65,62,Medium,1.4,Yes,Primary,18,1
ST06788,Charles Patil,TS426,Male,10,70.7,54,59,64,Low,1.5,No,Primary,27,1
ST06789,Isaiah Verma,TS141,Female,10,66.5,61,62,69,Low,4.5,Yes,Secondary,26,1
ST06790,Janaki Kaur,TS023,Female,6,53.8,67,66,55,High,4.7,Yes,Primary,8,0
ST06791,Hredhaan Raman,TS078,Female,8,88.6,91,76,82,Medium,9.9,Yes,Secondary,29,0
ST06792,Chatura Kohli,TS107,Female,10,74.5,67,77,67,Medium,10.0,Yes,Primary,3,0
ST06793,Qushi Thaker,TS322,Female,8,52.8,54,53,55,Low,3.3,Yes,Graduate,18,1
ST06794,Azaan Shanker,TS462,Female,6,57.4,60,47,63,Medium,11.9,Yes,Primary,25,1
ST06795,Nidhi Yadav,TS252,Female,9,71.0,74,60,65,Low,7.5,Yes,Secondary,14,0
ST06796,Jonathan Balasubramanian,TS356,Female,9,67.9,69,55,54,Low,7.6,No,Primary,3,1
ST06797,Siddharth Lala,TS431,Male,7,85.4,72,83,88,Medium,1.3,Yes,Primary,3,0
ST06798,Ansh Shukla,TS177,Male,9,79.7,77,65,79,Low,9.7,No,None,14,0
ST06799,Shaurya Dutta,TS152,Female,9,77.2,64,72,77,Medium,1.0,Yes,Primary,4,0
ST06800,Bakhshi Ganguly,TS152,Male,7,54.8,63,56,45,Medium,2.8,Yes,Graduate,18,1
ST06801,Tanish Mander,TS254,Male,9,59.3,52,68,49,Medium,8.9,Yes,Primary,11,0
ST06802,Manan Rajagopal,TS411,Male,10,64.1,63,69,57,Medium,5.5,Yes,Secondary,8,0
ST06803,Vedika Memon,TS026,Female,8,51.2,51,51,41,Low,0.7,Yes,Secondary,23,1
ST06804,Rajeshri Varghese,TS500,Male,9,68.3,68,61,73,Medium,1.4,Yes,Secondary,26,1
ST06805,Jatin Sodhi,TS334,Female,8,54.6,49,46,50,Medium,1.9,No,Secondary,15,0
ST06806,Nitesh Tailor,TS091,Male,6,85.5,70,83,82,Low,1.9,No,Graduate,17,1
ST06807,Daksh Apte,TS132,Male,9,63.5,73,63,68,High,7.0,Yes,None,17,1
ST06808,Samuel Tiwari,TS183,Female,9,46.6,54,45,56,Medium,6.0,Yes,Primary,12,0
ST06809,Qasim Prashad,TS054,Female,6,80.5,65,66,64,Medium,6.1,No,Primary,17,0
ST06810,Udyati Sami,TS255,Male,9,47.0,46,38,42,High,8.7,No,Primary,15,1
ST06811,Ekantika Rajagopalan,TS239,Female,7,53.9,45,50,45,High,2.8,No,Primary,24,1
ST06812,Ekanta Ranganathan,TS234,Male,7,46.3,54,58,48,High,2.3,Yes,Graduate,21,1
ST06813,Bakhshi Sharma,TS081,Female,7,65.3,61,64,66,Low,11.5,No,Primary,23,1
ST06814,Ojas Buch,TS405,Male,6,58.2,66,55,66,Medium,11.4,Yes,Secondary,16,1
ST06815,Ikshita Kumer,TS262,Female,7,73.0,67,71,75,Low,1.9,No,Primary,11,0
ST06816,Yashodhara Sura,TS481,Male,9,83.3,82,82,73,Medium,11.8,Yes,Primary,29,0
ST06817,Sachi Muni,TS328,Female,7,62.9,70,61,74,High,8.2,Yes,None,11,0
ST06818,Imaran Lad,TS006,Female,10,81.0,77,67,67,Medium,7.8,Yes,Graduate,9,0
ST06819,Hema Hayer,TS092,Male,7,53.8,47,53,53,High,9.1,No,Primary,20,1
ST06820,Om Dara,TS416,Male,6,70.5,58,71,62,Low,8.8,Yes,None,27,1
ST06821,Bhavika Sandal,TS364,Male,7,77.4,66,69,64,Low,4.7,Yes,Primary,25,0
ST06822,Raksha Varghese,TS367,Male,6,60.1,54,63,58,Medium,0.8,Yes,Graduate,20,1
ST06823,Lohit Narayan,TS343,Female,9,75.9,78,61,62,Medium,2.0,No,None,28,0
ST06824,Tarak Sachdeva,TS298,Female,10,76.4,68,82,78,Low,5.1,Yes,Secondary,0,0
ST06825,Girindra Nadkarni,TS222,Female,9,55.6,56,60,67,High,5.7,Yes,Secondary,26,1
ST06826,Hredhaan Padmanabhan,TS044,Female,6,77.2,78,77,68,Medium,3.2,No,Secondary,15,0
ST06827,Henry Shukla,TS099,Female,6,61.9,66,54,59,Low,1.6,Yes,Secondary,19,1
ST06828,Oscar Sur,TS438,Female,10,90.8,99,90,93,High,8.1,Yes,None,15,0
ST06829,Niharika Kale,TS243,Male,6,50.7,52,54,48,Medium,7.6,Yes,None,12,0
ST06830,Abeer Choudhry,TS175,Female,7,78.1,71,66,72,Low,3.3,Yes,Secondary,21,0
ST06831,Osha Sharma,TS442,Male,7,67.9,68,73,68,Low,2.3,Yes,Primary,0,1
ST06832,Reyansh Chana,TS219,Female,10,86.9,78,87,77,Medium,9.1,Yes,Secondary,15,0
ST06833,Rudra Kala,TS147,Female,10,92.6,93,81,92,Medium,1.2,No,None,12,0
ST06834,Urvashi Sidhu,TS479,Male,9,69.7,75,60,75,Low,3.1,Yes,None,16,1
ST06835,Logan Jhaveri,TS052,Female,8,60.9,60,52,49,Low,8.5,Yes,Secondary,26,1
ST06836,Libni Das,TS004,Male,8,64.1,77,77,62,High,7.8,Yes,Primary,22,1
ST06837,Indali Kumer,TS157,Female,10,86.6,71,79,80,Medium,8.1,No,Primary,0,0
ST06838,Veer Acharya,TS040,Female,8,82.3,77,75,92,High,4.5,Yes,Primary,18,0
ST06839,Chandran Mutti,TS164,Female,10,60.3,50,66,57,Low,9.0,Yes,Secondary,0,1
ST06840,Balendra Chahal,TS070,Female,6,63.5,59,56,56,Low,7.6,Yes,Primary,6,1
ST06841,Anika Bhalla,TS156,Male,8,82.6,69,84,89,Medium,4.9,Yes,None,12,0
ST06842,Vasatika Bhatia,TS066,Female,6,47.9,46,63,51,High,8.3,Yes,Primary,10,0
ST06843,Garima Doctor,TS184,Male,6,46.2,31,43,32,Low,5.0,No,Secondary,20,1
ST06844,Chandran Nagi,TS031,Male,8,79.9,81,68,79,Medium,4.3,No,None,27,0
ST06845,Anirudh Barad,TS225,Female,10,53.7,60,57,55,Medium,5.6,Yes,Secondary,14,0
ST06846,Victor Patla,TS084,Male,9,77.2,78,70,67,Medium,7.1,Yes,Secondary,3,0
ST06847,Chameli Mittal,TS056,Male,9,57.6,44,50,52,Low,0.7,No,Secondary,28,1
ST06848,Karan Batra,TS039,Male,8,69.8,73,69,69,Low,4.4,Yes,Primary,26,1
ST06849,Yuvraj Apte,TS266,Male,7,70.9,70,68,77,Medium,10.3,Yes,Primary,3,0
ST06850,Ekapad Madan,TS276,Male,7,92.4,79,85,78,Low,4.9,No,Secondary,4,0
ST06851,Nachiket Chana,TS082,Male,7,72.7,63,62,57,Low,1.1,No,Graduate,23,1
ST06852,Warjas Agate,TS156,Male,9,83.0,72,70,77,Low,5.9,Yes,None,30,0
ST06853,Nidhi Basak,TS447,Male,6,60.4,56,60,58,Medium,8.3,Yes,Secondary,29,1
ST06854,Krishna Mitter,TS252,Female,6,63.4,53,70,61,Low,5.0,Yes,Primary,4,1
ST06855,Avi Tak,TS418,Male,7,64.8,59,55,60,Medium,9.8,Yes,None,11,0
ST06856,Shivani Datta,TS259,Female,7,57.3,49,66,64,Low,10.0,Yes,Graduate,27,1
ST06857,Qushi Sastry,TS398,Female,8,56.0,54,48,47,Medium,1.5,Yes,Graduate,23,1
ST06858,Kamya Goswami,TS079,Male,10,49.9,54,59,42,Low,5.3,Yes,Secondary,21,1
ST06859,Anamika Nagi,TS436,Male,8,91.5,83,87,84,Low,1.3,Yes,Primary,22,0
ST06860,Chandresh Baria,TS009,Female,10,45.8,49,44,40,Low,8.4,Yes,Secondary,2,1
ST06861,Urmi Sekhon,TS480,Male,8,58.0,48,65,67,Medium,11.4,Yes,Primary,5,0
ST06862,Vyanjana Tripathi,TS439,Female,6,80.4,68,77,70,Medium,5.5,Yes,Graduate,1,0
ST06863,Brinda Gulati,TS131,Male,8,71.0,68,59,78,Low,4.0,Yes,None,6,0
ST06864,Rachana Seshadri,TS462,Male,6,64.4,55,54,67,Medium,0.8,Yes,None,17,1
ST06865,Janya Deshpande,TS393,Female,7,97.0,94,82,96,Low,0.7,Yes,Secondary,9,0
ST06866,Megha Shetty,TS195,Male,6,97.4,98,93,82,Low,6.0,Yes,None,29,0
ST06867,Yasti Manda,TS314,Female,6,62.3,64,63,65,Medium,2.3,No,Graduate,7,0
ST06868,Ekani Divan,TS182,Female,6,49.1,42,53,45,Low,5.5,Yes,Primary,0,1
ST06869,Gaurangi Aggarwal,TS125,Female,8,76.1,72,58,68,Medium,7.5,No,Graduate,15,0
ST06870,Lipika Edwin,TS126,Male,10,84.1,73,76,79,Low,0.8,No,Primary,7,0
ST06871,Girik Pandya,TS021,Male,10,49.8,45,62,64,High,1.7,Yes,Primary,28,1
ST06872,Dayamai Borah,TS151,Male,6,75.4,74,82,66,Low,2.3,Yes,Primary,17,0
ST06873,Ekavir Oza,TS320,Male,6,86.4,74,72,82,Medium,1.9,No,Primary,1,0
ST06874,Samesh Talwar,TS316,Male,8,79.6,73,77,64,Low,3.9,No,Primary,10,0
ST06875,Urmi Chana,TS381,Male,10,73.4,72,69,75,Medium,4.2,Yes,Primary,10,0
ST06876,Yachana Bera,TS172,Female,9,71.0,77,59,68,Low,9.4,Yes,Secondary,19,1
ST06877,Veda Naidu,TS227,Female,7,46.6,42,46,39,Low,6.8,No,None,28,1
ST06878,Liam Mann,TS281,Male,7,77.7,63,68,64,Low,10.0,No,Graduate,26,1
ST06879,Bhavini Ghosh,TS278,Female,9,98.0,83,97,92,Medium,4.0,Yes,Secondary,6,0
ST06880,Caleb Nath,TS254,Female,8,93.5,92,81,92,Low,5.6,Yes,Primary,11,0
ST06881,Dev Shanker,TS117,Male,9,64.5,60,66,63,Medium,9.9,No,Graduate,23,1
ST06882,Ekantika Dalal,TS119,Male,8,79.9,77,76,75,High,7.8,Yes,Primary,11,0
ST06883,Rishi Dube,TS449,Male,10,47.6,41,46,48,Low,4.5,Yes,None,3,1
ST06884,Avni Dua,TS414,Male,9,58.5,62,64,64,High,2.0,Yes,Primary,19,1
ST06885,Charita Basak,TS204,Male,8,91.3,86,94,99,High,9.7,Yes,Primary,24,0
ST06886,Ladli Kapur,TS455,Male,10,79.1,72,69,74,Medium,1.4,Yes,Primary,14,0
ST06887,Laban Sarkar,TS150,Female,7,50.2,53,45,45,Medium,4.1,Yes,Secondary,17,1
ST06888,Eiravati Bala,TS303,Male,10,91.6,86,88,83,Low,5.8,Yes,Primary,1,0
ST06889,Darpan Luthra,TS148,Male,6,58.0,53,70,55,High,5.6,Yes,Primary,16,1
ST06890,Kiaan Lanka,TS026,Male,7,91.6,97,79,80,Medium,0.9,Yes,Secondary,16,0
ST06891,Balendra Raval,TS034,Male,6,89.5,83,79,78,Low,10.1,Yes,Primary,19,1
ST06892,Bhanumati Master,TS234,Female,10,82.7,80,70,86,Medium,10.8,Yes,Graduate,29,0
ST06893,Indira Kaul,TS438,Female,7,45.0,42,39,47,Low,0.9,Yes,Primary,30,1
ST06894,Charan Kala,TS267,Female,8,75.7,85,88,88,High,9.6,Yes,Graduate,15,0
ST06895,Aryan Sundaram,TS383,Female,10,56.5,52,47,50,Low,8.3,Yes,Secondary,8,1
ST06896,Naveen Oommen,TS037,Male,10,56.5,57,41,56,Low,5.1,No,None,3,1
ST06897,Wriddhish Mody,TS307,Male,10,93.7,75,85,82,Low,11.5,No,Primary,10,0
ST06898,Baghyawati Som,TS290,Male,9,59.0,43,49,43,Low,4.3,No,Primary,10,1
ST06899,Riya Kohli,TS158,Male,7,77.6,80,67,74,Medium,0.8,Yes,Secondary,6,0
ST06900,Jairaj Gara,TS228,Male,8,45.6,36,45,45,Medium,2.3,Yes,Secondary,28,1
ST06901,Advay Mistry,TS039,Female,7,78.5,69,75,71,Low,4.2,No,Secondary,19,1
ST06902,Siya Sarraf,TS247,Male,8,92.2,95,77,78,Low,6.0,Yes,Primary,30,0
ST06903,Yoshita Dugar,TS041,Male,8,76.9,80,83,73,Medium,6.0,Yes,Secondary,2,0
ST06904,Girish Khosla,TS494,Male,9,78.1,72,80,84,High,6.4,Yes,Primary,2,0
ST06905,Neelima Sangha,TS282,Male,7,75.4,60,59,76,Medium,3.3,No,Secondary,23,0
ST06906,Falan Roy,TS155,Male,10,93.6,83,89,85,Medium,1.0,No,Graduate,30,0
ST06907,Parth Chakraborty,TS267,Female,6,78.4,82,67,82,Low,0.7,Yes,None,29,0
ST06908,Tanvi Nagarajan,TS164,Male,9,55.9,51,57,48,High,0.6,No,Secondary,7,0
ST06909,Vrinda Dasgupta,TS031,Female,10,90.6,84,95,79,Medium,10.8,Yes,Primary,15,0
ST06910,Fariq Deol,TS106,Male,8,63.6,66,69,72,Medium,10.3,Yes,Secondary,14,0
ST06911,Matthew Sankar,TS461,Female,9,52.5,61,62,50,High,10.0,Yes,Secondary,23,1
ST06912,Kalpit Dua,TS292,Male,7,89.9,90,93,91,Medium,9.2,Yes,Primary,12,0
ST06913,Ekaja Konda,TS125,Male,9,60.5,66,69,66,Low,8.8,Yes,Primary,29,1
ST06914,Bahadurjit Parmer,TS154,Female,8,65.0,57,65,65,Low,10.9,No,Primary,24,1
ST06915,Oeshi Uppal,TS124,Female,6,75.3,64,75,74,Low,2.4,No,Secondary,16,1
ST06916,Ranveer Gulati,TS370,Male,6,71.5,60,64,76,Low,8.0,Yes,Primary,3,0
ST06917,Neha Raju,TS118,Female,7,47.9,50,35,45,Low,4.5,No,Secondary,7,1
ST06918,Netra Ray,TS327,Female,10,51.9,44,60,60,Medium,11.6,Yes,Primary,6,1
ST06919,Yoshita Agrawal,TS177,Male,7,75.2,86,84,77,High,7.0,Yes,Graduate,4,0
ST06920,Aryan Borde,TS075,Female,9,74.9,77,77,69,Medium,10.6,Yes,Secondary,15,0
ST06921,Ojas Lal,TS118,Female,7,48.3,40,43,38,Low,4.8,Yes,None,26,1
ST06922,Dalaja Sodhi,TS127,Male,6,52.1,48,37,48,Low,11.7,No,Graduate,3,1
ST06923,Azaan Yogi,TS089,Male,10,97.2,83,99,98,Low,9.5,Yes,Primary,27,1
ST06924,Yug Yadav,TS480,Female,6,74.1,59,71,69,Medium,3.9,No,Primary,0,0
ST06925,Zashil Raval,TS203,Female,9,84.2,73,65,68,Low,4.2,No,Secondary,25,1
ST06926,Vasatika Goda,TS480,Male,10,52.6,42,49,54,Medium,8.6,Yes,Primary,22,1
ST06927,Tejas Chandra,TS463,Female,8,68.8,70,58,69,Medium,6.9,No,Secondary,11,0
ST06928,Samaksh Bala,TS059,Male,8,56.1,59,55,58,Low,6.1,No,Primary,18,1
ST06929,Gautami Chokshi,TS422,Female,6,87.8,87,78,93,Medium,3.8,Yes,Graduate,10,0
ST06930,Saksham Varma,TS293,Male,9,68.3,59,62,56,Low,8.0,Yes,Primary,14,1
ST06931,Lipika Sridhar,TS345,Male,10,97.4,92,85,87,Medium,2.6,Yes,Graduate,16,0
ST06932,Fiyaz Morar,TS293,Female,10,55.6,64,52,63,Low,4.2,Yes,Secondary,12,1
ST06933,Faqid Date,TS207,Female,8,84.2,80,84,88,Medium,2.1,Yes,Primary,10,0
ST06934,Harish Mahajan,TS493,Male,8,66.6,58,56,65,Medium,7.1,No,Secondary,25,1
ST06935,Harsh Kaur,TS302,Female,10,49.8,44,50,52,Low,9.6,Yes,Graduate,0,1
ST06936,Chaitaly Bedi,TS096,Male,7,75.3,64,63,77,Low,2.6,Yes,None,12,0
ST06937,Oeshi Kade,TS214,Female,7,46.8,48,43,44,Medium,5.6,No,None,19,1
ST06938,Reyansh Raj,TS399,Male,6,78.2,68,74,68,Medium,4.3,Yes,Secondary,18,0
ST06939,Bakhshi Anne,TS310,Male,7,55.4,64,50,57,Low,8.7,Yes,Secondary,14,1
ST06940,Ekbal Lad,TS084,Female,6,80.0,83,79,87,Medium,8.3,Yes,Secondary,29,0
ST06941,Avi Patil,TS313,Female,6,65.9,66,60,67,Medium,1.3,Yes,Primary,13,0
ST06942,Girindra Lad,TS032,Female,7,56.7,46,47,63,Medium,9.5,Yes,Graduate,4,0
ST06943,Ucchal Pingle,TS420,Male,8,68.6,63,67,59,Low,2.6,No,Primary,12,1
ST06944,Netra Ganesan,TS470,Male,10,86.3,76,87,83,Medium,7.3,Yes,None,2,0
ST06945,Waida Pandit,TS102,Female,9,71.5,74,67,66,Low,5.7,Yes,Primary,0,0
ST06946,Oscar Natt,TS217,Female,9,69.3,68,70,65,Medium,4.5,Yes,Primary,1,0
ST06947,Lopa Nigam,TS351,Male,7,94.5,99,83,99,Low,5.0,Yes,Secondary,6,0
ST06948,Turvi Agarwal,TS219,Male,6,94.8,90,83,97,Medium,3.7,Yes,Primary,4,0
ST06949,Riya Bora,TS208,Male,7,49.0,42,52,55,Low,5.2,Yes,None,13,1
ST06950,Abhiram Krishnamurthy,TS133,Female,10,58.4,59,58,61,Medium,0.9,Yes,Secondary,17,1
ST06951,Brijesh Karnik,TS497,Female,9,69.5,62,74,64,Medium,1.1,Yes,None,28,1
ST06952,Damyanti Bains,TS023,Male,9,78.7,69,78,70,Low,6.0,Yes,Primary,19,0
ST06953,Nimrat Purohit,TS197,Female,9,53.7,52,44,44,Medium,6.9,Yes,Secondary,1,0
ST06954,Abha Magar,TS174,Male,9,63.6,70,52,69,Low,10.2,Yes,Primary,25,1
ST06955,Dipta Banik,TS311,Female,8,87.4,80,86,85,Low,11.1,Yes,Secondary,17,1
ST06956,Darpan Goda,TS217,Male,8,66.1,58,67,54,Low,4.3,Yes,None,2,1
ST06957,Fiyaz Brahmbhatt,TS296,Male,8,57.4,58,43,60,Low,2.6,No,Graduate,20,1
ST06958,Yoshita Sarin,TS060,Female,10,94.6,80,80,85,Low,2.4,Yes,None,10,0
ST06959,Dalbir Gade,TS351,Female,8,83.4,85,89,84,Low,7.7,Yes,None,28,1
ST06960,Priya Bath,TS129,Female,9,59.8,56,53,62,Medium,5.4,Yes,None,28,1
ST06961,Alexander Vyas,TS109,Male,8,82.9,77,82,75,Low,5.1,Yes,None,19,0
ST06962,Ira Mittal,TS167,Female,9,82.2,85,88,70,Medium,2.0,Yes,Primary,17,0
ST06963,Ubika Guha,TS412,Male,8,63.2,53,71,55,Medium,5.2,Yes,Secondary,29,1
ST06964,Leela Sheth,TS020,Female,8,91.4,86,88,86,High,7.8,No,None,20,0
ST06965,Patrick Rastogi,TS225,Male,10,75.9,80,82,72,Low,10.9,Yes,Primary,8,0
ST06966,Pushti Gera,TS221,Female,8,73.0,68,72,75,Low,4.0,No,Graduate,16,1
ST06967,Oni Comar,TS111,Female,9,87.6,84,76,90,Low,9.9,Yes,None,30,1
ST06968,Abha Mall,TS473,Female,9,48.6,44,51,54,Low,10.8,Yes,Graduate,24,1
ST06969,Gagan Mandal,TS473,Female,8,70.2,65,63,55,Medium,11.2,No,Secondary,2,0
ST06970,Idika Venkatesh,TS474,Female,6,84.9,71,75,91,Low,1.1,Yes,Primary,13,0
ST06971,Xalak Dutt,TS462,Male,7,86.9,85,84,77,Low,8.1,No,Secondary,30,1
ST06972,Imaran Dixit,TS167,Male,10,66.3,58,51,58,Low,0.6,No,Secondary,13,1
ST06973,Wridesh Dewan,TS483,Male,6,50.1,52,47,58,Low,7.6,Yes,Secondary,3,1
ST06974,Rohan Pant,TS242,Female,9,57.8,48,49,57,Low,2.2,Yes,Primary,15,1
ST06975,Ansh Kamdar,TS058,Female,10,82.4,85,81,78,Medium,3.5,Yes,Primary,2,0
ST06976,Vanya Taneja,TS423,Female,8,81.5,88,74,86,Medium,4.4,Yes,Graduate,24,0
ST06977,Dakshesh Kapur,TS226,Male,9,80.1,84,79,73,Medium,5.7,Yes,Graduate,9,0
ST06978,Karan Gopal,TS146,Female,7,65.1,64,71,72,Low,9.5,Yes,None,10,1
ST06979,Arya Majumdar,TS416,Female,8,68.9,71,61,63,Low,11.3,No,Secondary,16,1
ST06980,Om Rai,TS122,Female,10,84.5,77,67,76,Low,2.8,No,Primary,7,0
ST06981,Rishi Swaminathan,TS330,Male,8,50.1,55,55,54,Low,7.3,No,Primary,13,1
ST06982,Hitesh Grover,TS017,Female,8,83.7,90,82,78,Low,9.1,Yes,Graduate,25,1
ST06983,Gaurav Parmer,TS176,Male,7,65.2,58,69,54,Medium,8.6,Yes,None,15,0
ST06984,Veda Puri,TS306,Female,6,70.3,73,76,69,Low,4.1,Yes,Secondary,23,0
ST06985,Girik Purohit,TS446,Male,7,73.5,75,69,77,Medium,2.9,Yes,Secondary,3,0
ST06986,Nitara Mahal,TS088,Male,7,60.8,50,58,57,Medium,4.3,Yes,Primary,23,1
ST06987,Avni Ramaswamy,TS185,Female,9,54.0,54,43,50,Low,6.5,Yes,None,30,1
ST06988,Nikita Bahl,TS256,Male,6,67.8,61,56,61,Low,3.1,Yes,Secondary,24,1
ST06989,Ranveer Din,TS468,Male,9,98.0,99,85,99,Low,2.3,Yes,Secondary,28,0
ST06990,Idika Nadkarni,TS115,Male,9,62.6,69,68,62,High,8.5,Yes,Secondary,13,0
ST06991,Mohammed Sandal,TS284,Female,9,53.4,44,59,58,Low,3.5,Yes,Primary,10,1
ST06992,Lucky Sur,TS286,Female,10,73.7,63,75,66,Low,3.0,Yes,None,3,0
ST06993,Eta Doctor,TS163,Male,6,49.6,59,47,50,Low,9.9,Yes,Secondary,13,1
ST06994,Manthan Gulati,TS451,Female,9,82.5,82,93,92,High,9.3,Yes,Graduate,19,0
ST06995,Balhaar Madan,TS495,Male,8,86.0,83,89,78,Medium,1.2,Yes,None,19,0
ST06996,Ira Contractor,TS250,Female,10,55.6,64,54,56,Low,5.7,Yes,Secondary,18,1
ST06997,Irya Narang,TS381,Female,9,91.1,83,87,78,Low,3.2,Yes,Primary,27,0
ST06998,Praneel Hayre,TS114,Female,6,82.3,84,82,83,Medium,0.9,Yes,Secondary,27,0
ST06999,Falak Doshi,TS210,Female,9,65.4,51,62,48,Medium,4.7,No,Primary,2,0
ST07000,Yashasvi Kade,TS210,Female,7,79.2,76,69,86,Medium,8.9,Yes,Primary,14,0
ST07001,Ekaja Bir,TS309,Male,8,69.3,71,68,71,Medium,9.7,No,Secondary,19,1
ST07002,Noah Tailor,TS439,Male,9,78.0,79,68,66,Low,5.8,Yes,None,30,0
ST07003,Libni Krish,TS411,Female,10,82.9,81,87,91,High,2.6,Yes,Primary,15,0
ST07004,Avi Khurana,TS427,Female,10,89.2,80,94,79,Medium,2.4,Yes,Graduate,19,0
ST07005,Luke Swamy,TS021,Male,9,84.3,82,86,80,Medium,5.2,Yes,None,10,0
ST07006,Ucchal Salvi,TS026,Male,6,65.1,71,66,56,Medium,6.2,Yes,None,6,0
ST07007,Krisha Bera,TS176,Female,6,55.9,48,55,46,Low,6.6,No,Secondary,21,1
ST07008,Qadim Golla,TS353,Male,10,72.3,79,66,80,Low,0.6,Yes,Primary,24,0
ST07009,Zaid Kala,TS226,Female,10,83.3,68,84,80,Medium,3.6,No,Primary,29,0
ST07010,Barkha Sha,TS074,Female,6,53.6,60,59,46,Low,10.7,Yes,Primary,12,1
ST07011,Lajita Suresh,TS028,Female,6,56.5,57,55,56,Low,10.4,No,Secondary,23,1
ST07012,Darpan Dar,TS476,Male,6,69.0,71,75,63,Low,4.4,Yes,Primary,13,1
ST07013,Hemang Thaman,TS178,Male,6,65.5,64,65,54,Low,2.7,Yes,None,13,1
ST07014,Kevin Mane,TS397,Female,10,83.4,83,74,89,Medium,7.8,Yes,Primary,3,0
ST07015,Chandran Kaul,TS437,Male,7,78.5,70,85,80,Low,4.7,Yes,Primary,29,0
ST07016,Amrita Jha,TS481,Male,10,78.7,82,70,67,Low,10.7,Yes,Secondary,12,0
ST07017,Abeer Hayer,TS368,Female,9,96.8,86,94,99,Medium,6.8,Yes,Secondary,10,0
ST07018,Nathan De,TS109,Female,7,65.5,73,73,65,Medium,3.1,Yes,None,11,0
ST07019,Bhavini Balan,TS169,Male,9,66.5,69,60,58,Low,4.5,No,Secondary,21,1
ST07020,Urvi Koshy,TS012,Male,6,89.9,87,79,82,Low,4.1,No,Primary,4,0
ST07021,Tara Mahal,TS121,Male,8,54.0,63,58,48,High,5.9,Yes,Secondary,28,1
ST07022,Vansha Lad,TS046,Female,9,45.8,42,53,44,Low,7.2,Yes,Secondary,8,1
ST07023,Akshay Pandit,TS258,Male,10,65.2,65,61,55,Medium,0.8,Yes,Graduate,10,0
ST07024,Yashoda Nigam,TS029,Male,10,51.0,44,60,42,Low,2.4,Yes,Primary,17,1
ST07025,Vrinda Singh,TS125,Male,7,47.2,39,43,37,High,4.9,No,Secondary,12,1
ST07026,Patrick Bhavsar,TS308,Female,10,84.4,83,77,83,Low,4.9,Yes,Graduate,17,0
ST07027,David Chopra,TS069,Female,8,66.5,62,65,65,Medium,8.7,Yes,Primary,20,1
ST07028,Samar Lanka,TS306,Male,8,77.5,75,68,81,Low,5.7,Yes,Secondary,25,0
ST07029,Zansi Shenoy,TS109,Female,8,58.9,43,63,51,Low,10.0,No,Secondary,5,1
ST07030,Xalak Chokshi,TS270,Male,8,58.5,49,52,61,Low,7.9,Yes,Primary,29,1
ST07031,Vrinda Chakraborty,TS275,Female,6,80.1,81,74,72,Medium,9.1,Yes,Primary,0,0
ST07032,Amara Raja,TS122,Female,9,71.3,60,73,70,Medium,7.4,No,Primary,18,0
ST07033,Omya Bumb,TS381,Male,9,57.7,50,51,62,Low,2.2,Yes,Graduate,11,1
ST07034,Faris Mukherjee,TS166,Male,9,65.9,69,64,66,Medium,2.6,Yes,Secondary,3,0
ST07035,Christopher Gala,TS132,Female,9,65.8,59,60,60,Low,9.2,Yes,Secondary,18,1
ST07036,Ayush Narain,TS290,Male,6,45.9,53,51,46,Low,8.0,Yes,Secondary,16,1
ST07037,Robert Krish,TS457,Male,8,55.6,57,55,59,Medium,10.4,No,Primary,29,1
ST07038,Azad Trivedi,TS090,Female,6,57.3,63,56,63,Low,5.0,Yes,Graduate,1,1
ST07039,Owen Chandran,TS039,Female,7,74.7,71,63,73,Low,2.2,Yes,Primary,10,0
ST07040,Aishani Natarajan,TS357,Female,7,62.4,66,56,68,Low,11.5,Yes,Primary,30,1
ST07041,Upadhriti Bandi,TS074,Male,10,78.5,69,67,69,Low,3.1,No,Graduate,15,0
ST07042,Faqid Chaudhuri,TS107,Male,10,72.7,71,63,61,Low,9.6,Yes,Secondary,9,0
ST07043,Girik Kothari,TS236,Male,7,78.1,66,84,66,Medium,11.1,Yes,None,10,0
ST07044,Triveni Pathak,TS165,Female,7,95.7,86,99,96,High,0.7,Yes,Secondary,16,0
ST07045,Christopher Rau,TS314,Female,10,83.4,67,82,82,Low,4.2,No,Primary,5,0
ST07046,Aachal Wali,TS462,Male,6,63.1,54,52,53,Low,1.2,Yes,Secondary,10,1
ST07047,Urvi Guha,TS140,Male,7,60.5,69,57,58,Medium,8.9,Yes,Primary,5,0
ST07048,Fiyaz Munshi,TS495,Female,9,66.1,63,63,63,Medium,1.8,Yes,None,21,1
ST07049,Oviya Walla,TS464,Male,7,78.6,81,80,84,Low,3.9,Yes,Primary,7,0
ST07050,Ladli Shukla,TS037,Male,10,77.7,85,78,78,High,11.8,Yes,Primary,15,0
ST07051,Aachal Chada,TS272,Male,6,83.6,76,88,73,Medium,6.9,Yes,Primary,30,0
ST07052,Lakshmi Banik,TS422,Female,8,81.6,79,69,83,Low,4.0,No,None,2,0
ST07053,Madhav Jhaveri,TS017,Female,10,77.7,67,80,83,Low,11.8,Yes,Primary,22,1
ST07054,Gavin Badami,TS161,Female,10,64.2,50,48,66,Low,1.9,No,Graduate,8,1
ST07055,Shravya Choudhary,TS096,Male,6,55.4,69,54,67,High,3.0,Yes,Secondary,27,1
ST07056,Netra Dara,TS220,Female,9,70.6,71,58,59,Medium,1.7,Yes,Secondary,26,0
ST07057,Aishani Arora,TS396,Female,10,55.0,57,54,61,Medium,7.4,Yes,Secondary,12,0
ST07058,Sathvik Palla,TS015,Male,10,76.3,64,77,78,Low,6.7,Yes,None,6,0
ST07059,Dakshesh Thakkar,TS207,Female,10,63.7,60,72,68,Medium,4.7,Yes,Primary,5,0
ST07060,Maya Bahri,TS233,Male,8,64.1,57,64,71,Medium,6.2,Yes,Primary,13,0
ST07061,Chameli Setty,TS122,Male,10,80.4,74,82,89,High,8.7,Yes,None,2,0
ST07062,Nathaniel Mistry,TS229,Male,9,87.3,88,79,73,Low,9.6,No,Primary,2,0
ST07063,Chandani Walia,TS328,Male,6,94.3,98,91,89,Low,10.6,Yes,None,5,0
ST07064,Damyanti Chada,TS347,Male,6,94.6,82,82,89,Medium,0.7,No,Secondary,10,0
ST07065,Udarsh Vasa,TS196,Female,7,46.6,48,44,55,Low,6.2,Yes,None,25,1
ST07066,Yug Grewal,TS334,Male,10,46.8,57,43,40,Low,2.4,Yes,Secondary,19,1
ST07067,Hritik Raghavan,TS279,Male,9,60.5,60,67,66,Medium,11.5,Yes,Secondary,19,1
ST07068,Kavya Vora,TS415,Female,6,90.5,82,71,72,Low,3.3,No,Secondary,17,1
ST07069,Viraj Chana,TS260,Female,10,94.0,87,88,93,Low,1.4,Yes,Secondary,15,0
ST07070,Wahab Pradhan,TS103,Male,9,64.4,58,57,68,Medium,6.0,Yes,None,8,0
ST07071,Jagat Sampath,TS427,Female,7,89.3,78,71,78,Medium,1.7,No,Graduate,14,0
ST07072,Anay Oza,TS037,Female,9,64.3,60,66,64,Low,4.7,Yes,Secondary,23,1
ST07073,Aahana Sood,TS427,Male,9,88.6,75,74,75,Medium,7.8,Yes,Graduate,2,0
ST07074,Abhiram Kurian,TS195,Male,8,77.8,71,68,77,Low,7.6,No,Graduate,6,0
ST07075,Nidhi Bhalla,TS485,Female,10,97.6,83,95,91,Medium,5.5,Yes,Secondary,26,0
ST07076,Krishna Dugar,TS087,Female,7,95.6,88,97,82,Low,11.0,Yes,Secondary,27,1
ST07077,Banjeet Narain,TS431,Male,6,85.6,92,91,86,High,10.5,Yes,None,17,0
ST07078,Imaran Palan,TS256,Male,7,80.4,71,71,70,Medium,9.6,Yes,Primary,1,0
ST07079,Vasatika Koshy,TS265,Female,10,73.4,66,70,79,High,8.5,Yes,Secondary,13,0
ST07080,Zehaan Gulati,TS429,Female,7,70.8,61,60,64,Low,10.0,Yes,Secondary,10,0
ST07081,Manthan Garde,TS066,Male,9,68.0,68,59,59,Medium,10.8,Yes,Secondary,1,0
ST07082,Idika Joshi,TS498,Male,7,85.7,91,87,83,Low,7.9,Yes,Secondary,19,1
ST07083,Jatin Khanna,TS040,Female,7,65.3,67,66,65,High,7.9,No,Primary,14,1
ST07084,Damyanti Narasimhan,TS027,Female,6,77.7,64,79,66,Low,4.4,Yes,Secondary,12,0
ST07085,Tristan Bhavsar,TS217,Female,7,75.2,68,81,71,Low,11.2,Yes,Primary,15,0
ST07086,Raagini Dyal,TS134,Female,7,81.9,86,73,85,Low,8.3,Yes,Primary,5,0
ST07087,Vedhika Master,TS229,Male,10,47.2,55,47,56,High,10.7,No,Secondary,8,1
ST07088,Krishna Varghese,TS191,Female,9,64.4,52,65,68,Low,2.7,Yes,Secondary,19,1
ST07089,Karan Ratti,TS491,Female,6,47.4,57,60,46,High,5.7,Yes,Secondary,24,1
ST07090,Bhavani Kata,TS323,Female,8,53.0,49,56,39,Low,10.1,No,Graduate,11,1
ST07091,Warhi Raja,TS361,Female,6,71.5,65,67,82,High,10.6,Yes,None,24,0
ST07092,Faras Deshmukh,TS495,Male,7,97.8,99,99,98,High,4.3,Yes,Primary,9,0
ST07093,Chaaya Dutta,TS207,Male,10,50.7,49,50,43,Low,7.5,No,Secondary,6,1
ST07094,Parth Bal,TS425,Male,10,82.4,69,69,82,Medium,10.1,Yes,Primary,11,0
ST07095,Krisha Oommen,TS278,Male,10,90.2,89,81,93,Low,2.7,Yes,Graduate,21,0
ST07096,Wakeeta Vohra,TS062,Female,6,65.4,71,66,71,Low,9.8,Yes,None,9,1
ST07097,Riya Bahri,TS426,Male,10,83.1,83,71,78,Low,5.2,No,None,29,1
ST07098,Lekha Lalla,TS135,Male,7,62.8,50,54,49,Low,2.9,No,None,23,1
ST07099,Girish Sharma,TS455,Male,9,57.3,46,45,53,Medium,7.0,No,Secondary,3,0
ST07100,Aayush Natarajan,TS472,Female,8,57.2,56,45,42,Medium,1.1,No,None,19,1
ST07101,Upkaar Karpe,TS355,Female,8,58.6,62,72,52,High,3.7,Yes,Secondary,8,0
ST07102,Anusha Parsa,TS156,Female,10,94.2,99,84,99,High,5.7,Yes,Secondary,7,0
ST07103,Ekiya Kakar,TS427,Male,9,72.8,68,68,72,Medium,3.0,Yes,Primary,12,0
ST07104,Gauri Balakrishnan,TS078,Male,6,71.3,69,72,68,High,2.4,Yes,Graduate,2,0
ST07105,Jagdish Sule,TS186,Male,7,54.8,45,47,45,Medium,9.5,Yes,Graduate,17,1
ST07106,Dev Dyal,TS198,Female,7,96.3,93,87,81,Low,2.6,Yes,Secondary,11,0
ST07107,Aahana Bhatia,TS076,Male,7,67.3,61,67,75,Medium,9.7,Yes,Graduate,29,1
ST07108,Chatura Seth,TS228,Male,10,63.7,55,64,65,Medium,1.0,Yes,Graduate,15,0
ST07109,Eshana Oommen,TS435,Male,9,65.0,63,65,64,Low,2.4,No,Graduate,9,1
ST07110,Bahadurjit Arora,TS005,Male,6,46.6,42,46,49,Medium,10.0,No,Graduate,6,1
ST07111,Anita Yadav,TS295,Male,7,47.3,45,45,49,Low,4.7,No,None,13,1
ST07112,Sathvik Suri,TS184,Male,6,62.7,67,58,71,Low,11.3,Yes,Secondary,6,1
ST07113,Andrew Mammen,TS105,Female,8,97.3,93,99,84,Medium,0.6,Yes,Secondary,24,0
ST07114,Joshua Sibal,TS340,Female,10,49.5,53,44,53,High,3.9,Yes,Graduate,15,0
ST07115,Liam Sheth,TS218,Male,7,70.9,62,64,78,Low,6.9,Yes,Secondary,10,0
ST07116,Hamsini Sankar,TS195,Female,8,94.6,93,92,92,Low,8.3,Yes,None,0,0
ST07117,Ekbal Karnik,TS207,Male,8,93.0,78,80,94,Low,6.3,Yes,Primary,12,0
ST07118,Suhani Gandhi,TS064,Female,10,68.2,64,70,76,High,2.7,No,None,29,1
ST07119,Kritika Badal,TS438,Male,7,57.5,48,41,56,Low,3.2,No,Primary,22,1
ST07120,Ekta Mander,TS237,Female,8,70.3,70,74,78,Medium,9.2,Yes,Secondary,28,0
ST07121,Bhavna More,TS073,Male,7,51.6,55,49,54,Medium,9.5,Yes,Graduate,1,0
ST07122,Gopal Mukherjee,TS404,Male,6,69.5,66,74,65,Medium,6.7,Yes,None,29,1
ST07123,Rishi Gade,TS216,Male,10,50.9,42,60,42,Low,11.5,Yes,None,15,1
ST07124,Lavanya Malhotra,TS056,Male,8,82.5,88,87,76,Medium,6.7,Yes,Primary,20,0
ST07125,Zaitra Bhat,TS282,Male,10,86.5,83,84,88,Low,2.5,Yes,Secondary,21,0
ST07126,Raghav Sachdev,TS005,Female,7,65.9,76,64,75,High,7.3,Yes,Graduate,26,1
ST07127,Jason Mody,TS238,Female,7,91.8,99,84,99,High,10.4,Yes,Graduate,26,0
ST07128,Nikita Raval,TS334,Male,7,78.3,90,73,80,High,0.7,Yes,Secondary,15,0
ST07129,Abdul Iyengar,TS463,Male,9,61.9,56,67,52,Medium,3.9,Yes,Secondary,21,1
ST07130,Ubika Golla,TS049,Female,6,62.4,58,63,70,Low,7.0,Yes,Primary,21,1
ST07131,Sara Agate,TS485,Female,10,59.1,55,68,68,Medium,3.6,Yes,Secondary,28,1
ST07132,Hitesh Ghosh,TS219,Male,7,86.2,75,91,80,High,8.9,No,Graduate,25,0
ST07133,Owen Pau,TS499,Female,10,95.3,85,97,98,Low,0.5,Yes,Secondary,1,0
ST07134,Manan Nath,TS278,Female,7,56.6,40,56,57,Low,12.0,No,Graduate,9,1
ST07135,Chanakya Sama,TS127,Male,8,77.6,62,74,78,Low,3.1,No,Secondary,11,0
ST07136,Udant Sani,TS041,Female,10,50.0,43,56,54,Low,0.5,Yes,Graduate,2,1
ST07137,Triya Shroff,TS130,Female,7,96.7,90,84,97,Medium,2.5,Yes,None,24,0
ST07138,Logan Patla,TS485,Male,7,96.3,81,91,99,Low,8.8,Yes,Graduate,8,0
ST07139,Azaan Sethi,TS052,Female,7,77.6,76,73,67,Low,9.9,Yes,Secondary,29,1
ST07140,Nimrat Goda,TS240,Male,10,91.6,83,82,78,Low,3.6,Yes,Primary,17,0
ST07141,Devansh Sarma,TS296,Male,10,49.6,42,43,56,Medium,5.3,Yes,Secondary,9,1
ST07142,Rachana Sunder,TS409,Male,7,51.4,42,46,46,Low,7.7,Yes,Primary,23,1
ST07143,Suhani Sandal,TS179,Female,10,79.2,86,84,72,Medium,3.7,Yes,Primary,3,0
ST07144,Jeremiah Kapoor,TS189,Female,8,47.4,46,42,48,Medium,2.9,No,Secondary,20,1
ST07145,Harinakshi Kant,TS284,Male,10,78.7,75,67,76,Low,8.4,No,None,18,1
ST07146,Gopal Jha,TS028,Female,9,60.0,54,56,57,Medium,4.2,Yes,None,26,1
ST07147,Krisha Desai,TS123,Male,9,48.6,53,56,47,Medium,10.3,Yes,Secondary,12,0
ST07148,Tristan Konda,TS426,Male,6,54.5,48,50,55,Low,2.2,Yes,Secondary,2,1
ST07149,Anmol Kunda,TS048,Male,7,71.7,59,72,68,Medium,11.4,Yes,Primary,15,0
ST07150,Lakshit Kanda,TS169,Female,8,66.6,59,62,57,Medium,1.8,Yes,Graduate,6,0
ST07151,Omkaar Johal,TS425,Female,10,73.2,64,76,75,Medium,8.3,Yes,None,28,0
ST07152,Keya Bail,TS110,Male,9,55.5,55,56,51,Medium,2.8,Yes,Secondary,30,1
ST07153,Girindra Korpal,TS071,Female,10,58.1,49,48,56,Low,7.3,Yes,Secondary,22,1
ST07154,Arin Singhal,TS450,Male,9,55.7,65,47,65,Low,0.9,Yes,Primary,24,1
ST07155,Mitesh Rout,TS378,Female,9,72.4,66,66,58,Low,4.4,No,Graduate,12,0
ST07156,Warinder Goel,TS039,Male,8,66.0,66,65,56,High,0.9,No,Primary,28,1
ST07157,Tanish Bhat,TS488,Female,9,86.3,80,71,67,Low,11.4,No,Primary,5,0
ST07158,Hemangini Seth,TS015,Male,10,46.5,47,46,56,Medium,6.4,Yes,None,12,0
ST07159,Urishilla Dugal,TS320,Male,10,67.8,67,67,71,Low,2.8,Yes,Primary,0,1
ST07160,Diya Sane,TS437,Male,10,62.5,55,65,59,Low,10.3,Yes,Secondary,24,1
ST07161,Chandresh Bala,TS335,Female,9,48.6,58,42,56,Low,8.0,Yes,Secondary,19,1
ST07162,Raghav Badami,TS182,Female,9,81.1,85,82,87,Medium,8.5,Yes,Secondary,26,0
ST07163,Alka Gulati,TS386,Female,10,67.4,72,78,65,High,0.9,Yes,Secondary,12,0
ST07164,Bachittar Lalla,TS213,Female,10,85.4,82,78,84,Medium,8.8,No,Primary,9,0
ST07165,Ishaan Mann,TS123,Female,7,50.9,50,51,55,Medium,9.1,Yes,Graduate,4,0
ST07166,Pahal Bail,TS202,Male,6,88.3,85,75,81,Medium,4.9,Yes,Secondary,18,0
ST07167,Krishna Dhillon,TS325,Female,7,46.3,53,51,54,Medium,2.5,Yes,Secondary,23,1
ST07168,Ishaan Baria,TS386,Female,9,80.0,75,86,75,Low,8.9,Yes,Secondary,8,0
ST07169,Quincy Randhawa,TS033,Female,9,80.6,63,74,76,Low,1.0,No,Secondary,26,1
ST07170,Chatresh Prashad,TS401,Female,8,70.1,64,67,64,Medium,7.9,Yes,Secondary,13,0
ST07171,Ronith Chaudry,TS295,Female,6,88.0,86,84,90,Low,6.0,Yes,Secondary,25,0
ST07172,Abhiram Datta,TS015,Male,9,68.9,57,71,74,Medium,4.6,Yes,Secondary,27,1
ST07173,Anvi Srinivas,TS119,Female,6,79.0,67,71,84,Low,6.6,Yes,Secondary,24,0
ST07174,Anamika Balan,TS488,Male,6,56.3,59,58,52,Low,6.5,Yes,Primary,13,1
ST07175,Vihaan Iyengar,TS319,Male,6,53.2,53,62,58,Medium,8.8,Yes,Primary,12,0
ST07176,Abhiram Soni,TS409,Male,6,75.5,79,68,79,Medium,6.4,Yes,Primary,30,0
ST07177,Amol Gulati,TS475,Male,7,57.0,49,60,59,Medium,4.7,Yes,Secondary,14,0
ST07178,Raagini Virk,TS392,Female,9,51.4,50,43,43,Low,5.8,No,Secondary,12,1
ST07179,Daksha Mistry,TS177,Male,10,91.8,79,77,96,Medium,2.5,Yes,None,24,0
ST07180,Yatan Dugar,TS322,Male,10,73.0,63,76,74,Medium,8.7,Yes,Primary,22,0
ST07181,Aradhana Das,TS207,Female,7,91.3,84,78,90,Low,11.1,Yes,Secondary,28,1
ST07182,Qasim Sekhon,TS459,Male,6,76.2,63,77,64,Medium,2.7,Yes,Primary,13,0
ST07183,Gaurav Balakrishnan,TS469,Female,7,67.9,75,61,66,Medium,1.7,Yes,Secondary,6,0
ST07184,Hiral Sani,TS261,Female,8,72.2,63,64,66,Medium,10.8,Yes,Secondary,12,0
ST07185,Harita Oommen,TS469,Male,8,89.9,79,80,75,Low,4.4,Yes,Secondary,18,0
ST07186,Frederick Nadkarni,TS189,Male,10,45.2,33,48,49,Low,1.8,No,Secondary,20,1
ST07187,Tanish Sant,TS391,Male,9,76.1,69,68,66,Medium,10.5,Yes,Primary,4,0
ST07188,Charan D’Alia,TS089,Male,6,91.8,79,89,92,Low,7.9,Yes,Secondary,7,0
ST07189,Vasatika Sibal,TS176,Male,10,73.5,64,70,69,Low,7.3,Yes,Graduate,15,0
ST07190,Harita Kanda,TS125,Female,10,96.1,90,98,81,High,3.3,No,None,14,0
ST07191,Amaira Rajan,TS482,Male,6,67.6,70,75,65,Medium,2.0,Yes,Primary,30,1
ST07192,Gautam Memon,TS485,Male,8,53.2,49,48,43,Low,1.1,No,Primary,5,1
ST07193,Indali Kalita,TS150,Male,7,81.7,86,75,73,High,1.2,Yes,Primary,16,0
ST07194,Aachal Pandya,TS015,Female,10,94.6,82,97,94,Medium,12.0,Yes,None,5,0
ST07195,Vyanjana Sunder,TS074,Female,7,83.7,76,85,70,Medium,1.4,Yes,Secondary,6,0
ST07196,Damini Munshi,TS380,Female,8,50.5,51,53,49,High,5.4,Yes,Secondary,25,1
ST07197,George Bakshi,TS098,Female,9,60.4,53,69,51,Medium,5.6,Yes,Primary,12,0
ST07198,Kala Kota,TS229,Male,6,48.3,51,42,43,Medium,11.5,Yes,Secondary,27,1
ST07199,Harish Seshadri,TS472,Female,8,83.4,91,85,86,High,7.9,Yes,None,5,0
ST07200,Azaan D’Alia,TS383,Male,9,58.1,60,42,53,Low,4.1,No,Secondary,26,1
ST07201,Rohan Tara,TS441,Male,9,65.2,58,66,56,Low,0.8,Yes,None,27,1
ST07202,Maanav Wason,TS444,Female,9,97.3,99,85,91,Low,2.8,Yes,None,2,0
ST07203,Aishani Keer,TS410,Male,6,49.0,63,55,56,High,8.1,Yes,None,6,0
ST07204,Qadim Dugar,TS386,Male,10,87.1,81,86,84,Low,1.6,Yes,Secondary,14,0
ST07205,Advay Deshmukh,TS443,Female,10,51.2,45,42,52,Medium,7.9,Yes,Primary,17,1
ST07206,Elijah Ben,TS118,Female,7,89.7,86,76,78,Low,10.0,Yes,Primary,17,1
ST07207,Bishakha Nori,TS393,Male,8,62.3,57,73,58,High,3.7,Yes,Primary,20,1
ST07208,Bahadurjit Singhal,TS125,Male,6,68.3,69,58,71,Medium,9.3,Yes,Graduate,3,0
ST07209,Advaith Rege,TS020,Male,8,48.4,59,47,43,High,2.1,Yes,Primary,23,1
ST07210,Gaurangi Mani,TS063,Female,7,79.0,79,84,75,Low,9.7,Yes,Primary,26,1
ST07211,Max Bhatt,TS213,Female,6,64.0,59,61,72,Low,2.2,Yes,None,9,1
ST07212,Kai Mane,TS018,Male,6,86.3,83,73,92,Low,11.4,Yes,None,14,0
ST07213,Anita Shetty,TS165,Female,6,64.9,56,65,58,Medium,9.3,Yes,Secondary,28,1
ST07214,Brijesh Oza,TS095,Male,10,65.7,63,58,61,Medium,6.4,Yes,Graduate,23,1
ST07215,Anthony Chokshi,TS058,Male,10,48.0,55,45,40,Low,5.1,Yes,Secondary,6,1
ST07216,Kashvi D’Alia,TS169,Male,7,90.3,90,93,88,Low,11.1,Yes,Secondary,14,0
ST07217,Ridhi Bava,TS191,Female,7,56.9,47,46,64,Low,1.6,Yes,Primary,24,1
ST07218,Neha Bobal,TS383,Female,10,77.1,66,65,73,Low,11.3,Yes,Primary,28,1
ST07219,Ladli Chopra,TS062,Male,9,65.3,66,62,53,Low,7.9,Yes,Secondary,2,1
ST07220,Devansh Mitter,TS409,Male,8,55.0,55,67,62,High,12.0,Yes,Secondary,0,0
ST07221,Nathaniel Parmar,TS139,Female,6,56.9,61,61,62,Low,8.6,Yes,Secondary,13,1
ST07222,Nimrat Balay,TS322,Male,10,81.7,80,74,86,Medium,11.0,Yes,Secondary,26,0
ST07223,Laksh Pau,TS201,Male,8,48.2,54,50,49,Medium,7.9,Yes,Primary,28,1
ST07224,Yashica Chahal,TS068,Male,10,72.3,67,79,78,Medium,0.6,Yes,None,19,0
ST07225,Ronith Lalla,TS280,Male,10,85.6,88,89,83,Low,6.8,Yes,Secondary,12,0
ST07226,Kabir Jain,TS116,Male,8,69.5,63,69,68,Low,3.4,Yes,Secondary,8,1
ST07227,Simon Ganguly,TS422,Male,9,55.8,53,59,58,Medium,0.9,Yes,Primary,23,1
ST07228,Tarak Ghose,TS204,Male,7,91.7,83,93,95,Low,0.8,Yes,Primary,9,0
ST07229,Dev Bassi,TS333,Male,7,85.5,86,83,88,High,6.1,No,Primary,17,0
ST07230,Kashish Kar,TS253,Male,7,67.1,65,73,71,Medium,3.9,Yes,Primary,15,0
ST07231,Onveer Buch,TS254,Female,7,85.9,83,76,87,Low,1.8,Yes,Graduate,17,0
ST07232,Zinal Oommen,TS404,Male,10,55.6,59,50,56,Medium,3.2,Yes,None,22,1
ST07233,Abdul Nagarajan,TS240,Female,9,86.3,67,68,72,Low,8.7,No,Secondary,30,1
ST07234,Vedika Patla,TS237,Female,7,92.5,93,81,80,Low,6.4,Yes,None,13,0
ST07235,Yashodhara Magar,TS025,Male,9,79.5,75,74,78,High,5.4,No,Graduate,17,0
ST07236,Maya Kalita,TS394,Female,9,78.5,72,72,76,Medium,1.6,Yes,Primary,29,0
ST07237,Hitesh Virk,TS113,Female,6,58.4,58,48,42,Medium,3.6,No,None,3,0
ST07238,Ubika Basak,TS078,Female,6,59.0,50,62,61,Medium,10.6,Yes,Secondary,24,1
ST07239,Rajeshri Chopra,TS233,Female,7,59.4,59,67,68,Low,4.7,Yes,Primary,7,1
ST07240,Zilmil Tiwari,TS122,Female,7,53.3,50,64,49,High,5.1,Yes,Secondary,19,1
ST07241,Dhruv Sant,TS221,Female,7,64.1,52,59,57,Low,11.1,Yes,Secondary,2,1
ST07242,Advika Narayanan,TS488,Male,7,46.5,53,55,36,Medium,3.9,Yes,Primary,2,0
ST07243,Unni Sharaf,TS077,Female,10,68.4,66,73,60,Medium,8.3,Yes,Graduate,19,1
ST07244,Chandresh Mane,TS058,Female,10,50.9,46,51,52,Medium,8.5,Yes,Primary,11,0
ST07245,Gopal Dewan,TS371,Female,9,87.4,88,77,80,Low,1.8,No,None,6,0
ST07246,Ekaraj Devi,TS459,Male,10,49.4,38,41,36,Medium,3.0,No,Primary,15,1
ST07247,Wyatt Madan,TS199,Male,6,93.4,83,98,82,Low,9.6,Yes,Secondary,10,0
ST07248,Ucchal Patla,TS140,Male,9,55.9,57,65,51,Medium,8.0,Yes,Primary,6,0
ST07249,Sachi Talwar,TS075,Female,9,81.6,78,85,91,High,9.5,Yes,Primary,1,0
ST07250,Triya Roy,TS245,Male,7,53.5,43,44,44,Low,9.0,No,Secondary,2,1
ST07251,Balvan Borde,TS128,Male,10,49.1,55,53,47,Medium,6.3,Yes,None,18,1
ST07252,Nirja Mannan,TS081,Male,10,75.7,72,77,65,Low,8.5,Yes,Primary,1,0
ST07253,Vihaan Kakar,TS290,Male,6,70.8,58,61,71,High,3.4,No,Graduate,29,0
ST07254,Aryan Chopra,TS483,Female,6,88.1,83,86,88,Low,9.4,Yes,None,30,1
ST07255,Vaishnavi Virk,TS169,Female,7,63.9,60,60,62,Medium,6.2,Yes,Primary,20,1
ST07256,Ansh D’Alia,TS087,Female,6,94.0,84,96,82,Low,9.8,Yes,Primary,26,1
ST07257,Andrew Karan,TS207,Male,10,65.6,67,78,76,High,4.9,Yes,Secondary,30,1
ST07258,Luke Bhalla,TS397,Female,10,75.7,63,74,78,Low,9.3,Yes,Graduate,14,0
ST07259,Anusha Dhillon,TS223,Male,9,65.0,77,78,65,High,9.6,Yes,Secondary,25,1
ST07260,Yug Nair,TS077,Male,9,85.9,80,87,92,Medium,3.7,Yes,Secondary,13,0
ST07261,Sai Agate,TS341,Male,9,75.1,71,77,65,Medium,9.6,No,None,11,0
ST07262,Charan Doctor,TS286,Male,7,62.1,59,50,70,Low,3.4,Yes,Secondary,15,1
ST07263,Bhavika Batra,TS044,Male,6,89.0,79,70,70,Low,6.5,No,Primary,29,1
ST07264,Ranveer Mann,TS225,Female,9,50.9,55,45,60,Medium,9.3,Yes,Secondary,23,1
ST07265,Umang Kata,TS326,Female,8,76.4,67,65,69,Low,11.3,Yes,Graduate,23,1
ST07266,Saumya Garde,TS181,Female,10,59.4,66,53,68,Low,6.1,Yes,Primary,28,1
ST07267,Wishi Padmanabhan,TS235,Female,9,93.1,85,78,78,Low,7.2,No,Graduate,8,0
ST07268,Indali Anand,TS134,Female,7,53.9,46,48,47,Medium,1.6,Yes,Primary,8,0
ST07269,Udarsh Sangha,TS308,Male,8,74.3,73,76,77,Medium,7.6,Yes,Primary,13,0
ST07270,Tara Wali,TS428,Female,8,53.3,39,43,52,Medium,10.9,No,Primary,11,1
ST07271,Chameli Bhandari,TS015,Female,7,46.2,44,39,42,Low,0.7,Yes,Secondary,26,1
ST07272,Tanveer Hegde,TS280,Female,8,60.5,59,59,56,Low,3.1,Yes,Primary,1,1
ST07273,Lakshmi Khurana,TS495,Female,7,54.1,60,60,48,Low,5.9,Yes,Primary,22,1
ST07274,Balendra Raj,TS033,Male,7,56.1,62,48,47,Medium,7.4,Yes,Secondary,19,1
ST07275,Faqid Sen,TS103,Male,8,45.9,46,53,45,Low,3.4,Yes,Secondary,11,1
ST07276,Nicholas Prabhu,TS316,Male,9,66.2,67,59,67,Medium,2.3,Yes,Graduate,28,1
ST07277,Raagini Shenoy,TS185,Female,9,52.5,59,45,48,Low,0.6,Yes,None,26,1
ST07278,Ekavir Mahajan,TS005,Female,10,87.9,90,76,83,Low,1.2,Yes,Primary,6,0
ST07279,Tanvi Loke,TS323,Male,8,69.6,57,69,73,Medium,1.9,Yes,Secondary,18,1
ST07280,Oliver Badami,TS260,Male,6,92.4,92,97,93,High,8.5,Yes,Secondary,0,0
ST07281,Ikbal Hegde,TS411,Female,6,82.5,85,81,74,Low,12.0,Yes,Primary,19,1
ST07282,Ladli Gade,TS487,Female,6,49.7,58,59,45,Medium,10.9,Yes,Secondary,20,1
ST07283,Vivaan Srivastava,TS113,Female,6,86.2,91,79,77,Low,9.3,Yes,Primary,10,0
ST07284,Rachita Ravel,TS081,Male,9,69.6,61,59,73,Low,3.6,Yes,Primary,3,1
ST07285,Watika Nadig,TS310,Male,10,61.1,49,61,62,Medium,2.6,Yes,Primary,4,0
ST07286,Vrishti Krishnamurthy,TS492,Female,6,85.1,82,95,91,High,4.5,Yes,Secondary,23,0
ST07287,Laksh Wadhwa,TS438,Male,8,78.6,67,65,75,Low,4.5,Yes,Primary,11,0
ST07288,Yug Raja,TS133,Male,6,52.6,49,66,60,High,12.0,Yes,Secondary,22,1
ST07289,Finn Aggarwal,TS078,Male,9,72.4,60,74,63,Medium,7.8,No,Secondary,26,0
ST07290,Harini Garg,TS402,Female,8,61.2,68,54,61,Low,4.1,Yes,None,15,1
ST07291,Maanas Tara,TS218,Female,6,80.0,69,70,81,Low,12.0,Yes,Secondary,3,0
ST07292,Harita Wagle,TS333,Female,10,91.8,92,80,78,Medium,4.7,No,Secondary,10,0
ST07293,Ubika Kapur,TS384,Male,9,49.0,43,58,45,Medium,3.0,Yes,Secondary,27,1
ST07294,Jagdish Dugar,TS328,Male,6,77.4,78,77,74,Medium,9.7,No,Secondary,14,0
ST07295,Meghana Vora,TS012,Female,6,69.8,73,74,68,Medium,5.4,Yes,Graduate,15,0
ST07296,Ikshita Garg,TS259,Male,9,67.0,68,70,57,Low,10.2,Yes,None,13,1
ST07297,Yochana Menon,TS124,Female,6,75.5,63,72,76,Low,2.0,Yes,Primary,14,0
ST07298,Upma Ravel,TS360,Male,8,90.8,77,88,86,Medium,3.3,Yes,None,23,0
ST07299,Baghyawati Rama,TS155,Female,8,73.6,75,62,66,Medium,10.7,No,Graduate,30,0
ST07300,Sathvik Chahal,TS077,Male,10,47.1,38,43,40,Low,4.6,Yes,Secondary,16,1
ST07301,Yatin Pant,TS138,Male,8,60.6,68,50,62,Medium,11.5,Yes,Secondary,23,1
ST07302,Kalpit Mall,TS119,Male,10,46.4,49,31,44,Medium,4.8,No,Secondary,15,0
ST07303,Zansi Bawa,TS001,Male,9,77.4,69,82,81,Medium,3.0,Yes,Primary,12,0
ST07304,Rajeshri Patla,TS072,Female,9,69.7,66,63,82,High,4.0,Yes,Primary,4,0
ST07305,Rushil Rajagopal,TS393,Female,6,76.9,77,79,82,Medium,2.6,Yes,Secondary,4,0
ST07306,Gayathri Doctor,TS073,Female,8,70.4,67,76,67,High,9.0,Yes,Primary,24,0
ST07307,Oliver Char,TS144,Female,9,90.6,85,87,76,Low,9.3,No,Primary,11,0
ST07308,Jagrati Deep,TS284,Male,8,91.1,90,87,93,Low,6.4,Yes,None,8,0
ST07309,Jalsa Sem,TS493,Female,9,53.7,42,39,46,Low,7.9,No,None,2,1
ST07310,Vihaan Parikh,TS011,Male,8,70.2,60,63,72,Low,7.6,Yes,Primary,17,1
ST07311,Frederick Sandhu,TS426,Female,7,62.2,51,47,46,Low,11.3,No,Secondary,18,1
ST07312,Devika Tara,TS131,Male,9,57.1,53,54,59,Medium,1.2,Yes,Primary,24,1
ST07313,Janani Saraf,TS078,Male,6,62.6,63,52,52,Low,0.6,Yes,Graduate,28,1
ST07314,Saksham Agate,TS450,Female,8,79.4,72,85,68,Low,1.4,Yes,Secondary,17,0
ST07315,Yatan Kannan,TS110,Male,8,48.3,47,42,41,Low,4.9,Yes,Primary,26,1
ST07316,Maanas Lall,TS220,Female,9,51.2,43,56,59,Medium,3.0,Yes,Secondary,3,1
ST07317,Ekaraj Dora,TS390,Female,10,83.2,71,83,84,Low,3.3,Yes,Primary,26,0
ST07318,Pranav Lad,TS133,Female,6,84.4,80,65,80,Low,10.4,No,Secondary,11,0
ST07319,Tarak Andra,TS201,Male,9,63.0,51,68,71,Low,4.2,Yes,None,26,1
ST07320,Vasatika Bansal,TS395,Female,7,54.2,65,63,62,High,2.8,Yes,Graduate,10,0
ST07321,Ekaja Anand,TS326,Male,10,60.1,53,57,48,Medium,5.1,No,Primary,23,1
ST07322,Urvi Randhawa,TS271,Male,6,45.0,37,44,49,Medium,8.9,Yes,Secondary,1,1
ST07323,Amara Trivedi,TS029,Female,7,95.4,96,99,99,Medium,5.2,Yes,Graduate,3,0
ST07324,Eta Bawa,TS284,Female,7,97.4,92,84,79,Medium,4.8,No,Secondary,15,0
ST07325,Amrita Pal,TS409,Female,10,47.1,37,51,39,Medium,5.6,No,Primary,19,1
ST07326,Vedika Shah,TS307,Male,10,59.3,67,50,57,Medium,8.0,Yes,Secondary,22,1
ST07327,Quincy Jani,TS085,Male,8,50.5,38,54,36,Low,3.0,No,Secondary,9,1
ST07328,Yachana Lall,TS086,Male,6,79.0,69,62,71,Medium,4.3,No,None,17,0
ST07329,Qabil Prakash,TS351,Female,8,60.2,69,52,54,Medium,4.4,Yes,None,3,0
ST07330,Rohan Bobal,TS147,Female,10,55.2,58,45,47,Low,9.8,Yes,Primary,30,1
ST07331,Meera Sama,TS468,Female,7,82.7,69,76,70,Low,1.6,Yes,Primary,27,0
ST07332,Ekta Pandit,TS472,Male,8,71.5,73,63,66,Low,9.8,Yes,Secondary,5,0
ST07333,Leena Khare,TS161,Male,6,58.2,51,52,48,Medium,8.8,Yes,None,22,1
ST07334,Nidhi Dara,TS435,Female,6,58.7,56,58,56,Medium,6.8,Yes,None,7,0
ST07335,Veer Hayer,TS160,Male,9,95.5,93,94,99,Low,4.9,Yes,Secondary,14,0
ST07336,Anya Raju,TS247,Female,6,95.5,91,87,87,Medium,5.0,Yes,Secondary,15,0
ST07337,Mahika Bhardwaj,TS331,Male,7,46.0,53,54,51,Medium,11.2,Yes,Secondary,29,1
ST07338,Fiyaz Garde,TS221,Male,9,57.3,53,62,71,High,6.8,Yes,Secondary,17,1
ST07339,Vrishti Kaul,TS308,Male,10,93.2,88,86,86,Low,3.7,Yes,Secondary,25,0
ST07340,Yashica Talwar,TS082,Female,10,49.7,45,44,43,Medium,6.3,No,Primary,21,1
ST07341,Alexander Tailor,TS316,Female,7,69.3,64,62,74,Medium,10.4,Yes,Primary,17,1
ST07342,Yashasvi Varkey,TS310,Female,8,56.1,63,62,60,Low,3.4,Yes,Secondary,23,1
ST07343,Anjali Solanki,TS058,Male,7,77.8,83,66,81,Medium,6.8,Yes,Primary,9,0
ST07344,Charvi Suresh,TS111,Male,10,55.5,47,57,55,Medium,10.5,Yes,Graduate,10,0
ST07345,Wyatt Dhingra,TS404,Female,10,90.6,73,73,85,Low,2.3,No,Primary,13,0
ST07346,Chatresh Khare,TS299,Male,10,51.5,52,55,41,Medium,6.6,Yes,Secondary,9,0
ST07347,Aishani Anand,TS258,Female,6,46.0,47,40,39,Low,2.9,No,Graduate,21,1
ST07348,Timothy Trivedi,TS006,Female,9,53.8,49,61,56,Medium,2.5,Yes,Primary,23,1
ST07349,Manthan Venkataraman,TS297,Female,7,90.0,83,90,86,Medium,9.1,Yes,Secondary,12,0
ST07350,Ekiya Dewan,TS475,Male,9,90.6,88,94,78,Low,4.7,Yes,Secondary,10,0
ST07351,Alka Bali,TS028,Male,9,47.7,45,52,42,Low,8.0,Yes,None,19,1
ST07352,Anya Konda,TS140,Female,6,61.9,50,57,54,Low,2.0,Yes,Secondary,7,1
ST07353,Meghana Datta,TS216,Male,8,82.4,72,77,72,Medium,3.5,Yes,Graduate,4,0
ST07354,Rushil Shenoy,TS373,Female,7,61.6,61,46,55,Low,4.1,No,Primary,23,1
ST07355,Yatin Aggarwal,TS211,Male,10,74.7,59,66,76,Low,2.4,No,None,0,0
ST07356,Reva Om,TS212,Male,8,63.5,66,69,71,High,8.1,No,Graduate,30,1
ST07357,Pranit Gill,TS011,Male,10,80.6,76,84,86,Medium,5.9,Yes,None,28,0
ST07358,Leela Wadhwa,TS038,Female,8,63.4,69,61,74,High,9.0,Yes,Primary,5,0
ST07359,Ekbal Rajagopal,TS144,Male,9,71.3,62,62,68,Low,11.5,Yes,Secondary,6,0
ST07360,Aryan Raman,TS034,Female,10,54.9,47,59,46,Medium,8.2,Yes,Primary,12,0
ST07361,Daniel Bora,TS339,Male,9,83.5,71,89,76,Low,10.9,Yes,Primary,19,1
ST07362,Akshay Chakraborty,TS434,Female,10,66.7,69,68,62,Low,5.7,Yes,Graduate,1,1
ST07363,Ira Sani,TS045,Female,6,67.6,73,71,55,Low,3.1,Yes,Primary,17,1
ST07364,Michael Mukherjee,TS324,Female,9,55.7,46,53,55,Low,4.8,Yes,Graduate,29,1
ST07365,Balveer Ramakrishnan,TS034,Female,6,53.7,55,57,48,Low,1.5,Yes,Primary,21,1
ST07366,Vritti Sekhon,TS403,Female,8,65.9,70,55,66,Medium,9.8,Yes,Secondary,28,1
ST07367,Kavya Sarna,TS251,Male,10,68.2,64,65,67,Medium,11.8,Yes,Secondary,15,0
ST07368,Bhavini Varma,TS099,Male,10,51.7,51,60,55,Low,11.6,Yes,Primary,4,1
ST07369,Rohan Mishra,TS251,Female,10,81.0,64,76,80,Low,6.1,No,None,8,0
ST07370,Varsha Jhaveri,TS083,Male,8,94.3,84,89,99,High,9.4,Yes,Primary,30,0
ST07371,Darsh Narayanan,TS104,Male,8,89.9,79,79,75,Low,1.9,Yes,Primary,8,0
ST07372,Kamala Dugar,TS335,Male,8,55.7,45,52,60,Medium,5.0,No,None,4,0
ST07373,Fiyaz Suresh,TS166,Female,6,51.0,50,49,52,Medium,8.3,No,Graduate,14,1
ST07374,Kashish Chaudhry,TS143,Male,7,54.4,48,54,52,Medium,6.3,Yes,Graduate,26,1
ST07375,Charan Sengupta,TS232,Male,7,96.2,87,94,95,Low,8.9,Yes,Secondary,24,1
ST07376,Joshua Kamdar,TS347,Male,6,68.1,66,71,72,Medium,5.7,Yes,Primary,13,0
ST07377,Nakul Kota,TS201,Female,9,75.7,66,65,82,Medium,4.6,Yes,Primary,15,0
ST07378,Kevin Bhargava,TS487,Female,9,53.8,63,65,54,High,3.7,Yes,Graduate,22,1
ST07379,Yatan Narang,TS030,Female,8,59.4,65,68,49,Medium,5.9,Yes,Primary,24,1
ST07380,Yug Deshpande,TS004,Male,7,69.2,71,77,70,High,7.6,Yes,Secondary,3,0
ST07381,Samaksh Goel,TS308,Male,8,68.2,67,64,57,Medium,6.8,Yes,None,11,0
ST07382,Indali Pandya,TS070,Female,9,53.7,55,51,43,Medium,1.3,Yes,Secondary,19,1
ST07383,Nathan Dhar,TS459,Male,8,73.0,77,60,78,Medium,7.8,Yes,Secondary,14,0
ST07384,Forum Ganesh,TS326,Female,9,45.9,37,37,42,Low,7.4,No,Graduate,0,1
ST07385,Chanchal Khatri,TS163,Male,6,71.8,77,68,62,Medium,1.2,Yes,Secondary,11,0
ST07386,Tarak Kashyap,TS427,Female,9,58.3,60,58,50,Medium,7.1,No,Secondary,8,1
ST07387,Samesh Hans,TS078,Female,8,94.7,85,89,77,Low,3.8,No,Primary,12,0
ST07388,Yashvi Majumdar,TS094,Female,10,47.4,53,55,62,High,9.5,Yes,Secondary,0,0
ST07389,Balveer Hayer,TS147,Male,6,73.5,67,79,62,Medium,1.7,Yes,None,22,0
ST07390,Alka Vohra,TS170,Female,8,74.5,64,75,66,Low,5.6,Yes,Graduate,8,0
ST07391,Brinda Ben,TS047,Male,6,85.5,79,69,68,Low,9.2,No,Graduate,29,1
ST07392,Vamakshi Sahota,TS395,Female,7,51.1,59,49,44,Medium,4.9,Yes,Primary,0,0
ST07393,Avni Rau,TS251,Female,6,56.9,52,49,63,Medium,5.2,Yes,None,0,0
ST07394,Jai Nadig,TS367,Male,6,95.7,87,93,77,Low,7.5,No,Primary,8,0
ST07395,Hiral Chakraborty,TS379,Male,10,53.3,46,50,51,High,7.8,No,Primary,13,1
ST07396,Mahika Gole,TS217,Female,6,93.3,78,82,89,Medium,3.6,Yes,None,13,0
ST07397,Frado Mitter,TS366,Male,6,67.5,74,73,64,High,5.7,Yes,None,2,0
ST07398,Chaitanya Dash,TS118,Male,7,87.2,85,68,75,Medium,0.9,No,Primary,18,0
ST07399,Onkar Sampath,TS465,Female,10,94.4,98,80,88,Low,11.1,Yes,Graduate,11,0
ST07400,Oscar Sanghvi,TS333,Female,7,82.2,85,68,78,High,7.3,No,Graduate,14,0
ST07401,Yagnesh Dhar,TS194,Female,7,65.8,69,72,65,Low,8.6,Yes,Secondary,7,1
ST07402,Damini Kumer,TS327,Female,8,47.5,53,44,41,Low,7.4,Yes,Graduate,30,1
ST07403,Dominic Nagarajan,TS419,Male,6,75.2,77,74,63,Low,6.8,Yes,Primary,6,0
ST07404,Darpan Pant,TS443,Male,8,49.6,48,64,51,High,9.6,Yes,None,20,1
ST07405,Ekiya Aggarwal,TS304,Male,6,95.0,96,85,97,Medium,7.7,Yes,None,1,0
ST07406,Gaurang Sabharwal,TS431,Female,10,93.7,97,93,99,High,3.6,Yes,None,8,0
ST07407,Yash Virk,TS458,Female,9,75.6,75,72,83,Low,1.3,Yes,None,8,0
ST07408,Chandani Kothari,TS395,Male,9,57.4,53,56,54,Medium,4.2,Yes,Secondary,15,0
ST07409,Qabil Tripathi,TS187,Male,7,96.6,97,98,96,Low,5.6,Yes,Graduate,25,0
ST07410,Falan Anand,TS121,Female,7,50.0,57,46,46,Medium,10.9,Yes,Primary,15,0
ST07411,Yahvi Bir,TS203,Male,6,89.5,85,88,77,Low,11.3,Yes,Primary,22,1
ST07412,Advik Prabhakar,TS221,Female,7,64.6,56,53,67,Medium,8.0,Yes,Primary,24,1
ST07413,Jeevika Kota,TS202,Female,6,54.8,45,44,45,Low,11.1,No,Primary,29,1
ST07414,Rachita Chokshi,TS044,Female,6,61.2,66,70,54,Medium,9.9,Yes,Primary,6,0
ST07415,Gaurang Dave,TS351,Female,6,59.8,51,61,50,Medium,0.9,No,None,29,1
ST07416,Vinaya Vala,TS066,Male,10,53.2,49,51,61,Medium,11.7,Yes,Primary,0,0
ST07417,Wazir Sachar,TS242,Female,7,56.0,42,40,55,Low,6.2,No,Graduate,24,1
ST07418,Isaiah Subramanian,TS269,Female,6,56.5,52,49,58,High,8.7,No,Primary,1,1
ST07419,Kamya Murthy,TS108,Male,9,72.8,85,72,73,High,0.6,Yes,Primary,25,0
ST07420,Aarush Bora,TS347,Female,7,97.7,82,84,94,Low,11.4,No,Secondary,24,1
ST07421,Krish Chauhan,TS320,Male,9,77.6,81,83,82,Medium,5.2,Yes,Primary,18,0
ST07422,Siya Bhavsar,TS469,Male,10,64.2,62,55,56,Medium,8.9,Yes,Secondary,10,0
ST07423,Pushti Ahluwalia,TS492,Female,8,84.8,89,87,90,Low,6.2,Yes,Primary,26,0
ST07424,Lakshit Keer,TS389,Female,10,85.6,94,87,92,High,3.2,Yes,Secondary,22,0
ST07425,Nisha Kothari,TS490,Male,8,59.5,59,56,50,Low,2.8,Yes,Secondary,13,1
ST07426,Nimrat Nadig,TS333,Male,7,95.2,93,90,97,High,8.9,Yes,Secondary,12,0
ST07427,Falan Sachdeva,TS186,Female,9,60.2,51,49,63,Low,5.3,Yes,Primary,8,1
ST07428,Ekta Barman,TS126,Female,6,46.2,39,51,42,Medium,10.4,Yes,Primary,5,1
ST07429,Mekhala Dave,TS352,Female,6,88.6,86,74,86,Low,6.0,Yes,Secondary,12,0
ST07430,Ganga Modi,TS270,Female,8,59.9,66,63,67,Low,11.6,Yes,Primary,16,1
ST07431,Siddharth Hegde,TS148,Male,7,97.9,93,94,88,Low,11.0,Yes,Graduate,1,0
ST07432,Qabil Iyer,TS381,Female,10,94.0,80,92,93,High,6.9,No,Primary,9,0
ST07433,Harini Dutta,TS227,Male,6,69.7,56,67,67,Low,2.5,No,Primary,2,1
ST07434,Jeremiah Golla,TS386,Male,9,79.8,73,66,72,Low,4.0,Yes,Primary,14,0
ST07435,Vihaan Sami,TS075,Female,7,55.5,58,54,47,Medium,10.0,No,Primary,14,1
ST07436,Aarav Mutti,TS276,Male,10,55.6,56,64,57,Medium,8.9,Yes,Secondary,15,0
ST07437,Nitara Bath,TS242,Female,9,94.8,96,89,90,Medium,11.8,Yes,Graduate,16,0
ST07438,Fiyaz Garde,TS305,Male,6,73.2,62,77,78,Low,10.0,Yes,Secondary,4,0
ST07439,Onkar Rege,TS172,Male,7,48.2,38,43,43,Medium,7.7,Yes,Secondary,22,1
ST07440,Kala Shukla,TS194,Male,9,87.1,87,76,72,Low,7.6,No,Primary,2,0
ST07441,Deepa Buch,TS293,Male,7,95.9,95,92,99,Low,10.8,Yes,Primary,9,0
ST07442,Charvi Tank,TS195,Male,9,74.6,77,79,74,High,3.4,Yes,Graduate,28,0
ST07443,Arya Venkataraman,TS466,Female,7,81.0,81,68,74,Medium,10.9,Yes,Secondary,13,0
ST07444,Nimrat Palla,TS202,Male,6,69.9,64,63,68,Low,11.3,Yes,None,28,1
ST07445,Bimala Krish,TS491,Female,8,64.2,65,54,63,Medium,8.2,Yes,Secondary,23,1
ST07446,Qushi Shetty,TS314,Female,6,78.1,78,76,77,Low,6.4,Yes,Graduate,30,0
ST07447,Lekha Kalla,TS394,Female,9,52.5,61,55,47,Medium,7.2,Yes,Secondary,25,1
ST07448,Lohit Karpe,TS371,Male,6,67.7,78,77,68,High,6.2,Yes,Secondary,28,1
ST07449,Tejas Varughese,TS210,Female,8,58.4,53,48,60,Medium,5.3,Yes,Primary,5,0
ST07450,Darpan Chauhan,TS366,Male,6,56.8,57,57,61,Medium,5.0,No,Primary,0,0
ST07451,Praneel Sachdeva,TS210,Female,7,85.5,89,78,81,High,3.7,Yes,Primary,1,0
ST07452,Amruta Dutt,TS246,Male,7,60.6,62,57,69,Medium,3.8,Yes,Secondary,11,0
ST07453,Nicholas Mandal,TS219,Female,10,55.6,51,57,44,Medium,10.8,No,Secondary,9,1
ST07454,Brinda Sachar,TS369,Female,7,59.6,58,65,57,Medium,5.4,Yes,Primary,16,1
ST07455,Frado Sha,TS056,Male,8,70.6,73,67,64,Low,1.4,No,Primary,10,0
ST07456,Waida Khurana,TS048,Male,10,80.0,71,76,73,Medium,4.1,Yes,Primary,2,0
ST07457,Harsh Kaur,TS060,Male,7,89.9,82,87,94,Medium,11.1,Yes,Secondary,0,0
ST07458,Laban Modi,TS080,Female,9,68.1,63,58,64,Medium,3.8,Yes,Primary,3,0
ST07459,Kavya Tiwari,TS149,Female,10,69.5,57,65,69,Medium,5.6,Yes,None,25,1
ST07460,Maanas Batra,TS024,Female,6,58.6,62,61,49,Low,5.3,Yes,Primary,10,1
ST07461,Harita Nanda,TS121,Female,7,90.5,89,79,89,Medium,7.6,Yes,Primary,15,0
ST07462,Daksha Ben,TS100,Male,10,66.0,58,74,67,Medium,10.1,Yes,Secondary,3,0
ST07463,Mohini Sheth,TS408,Female,8,96.2,85,97,83,Low,10.4,Yes,Primary,23,1
ST07464,Falak Sehgal,TS054,Female,9,82.5,76,76,69,Medium,7.4,Yes,None,20,0
ST07465,Radhika Warrior,TS266,Male,8,47.1,39,52,48,Low,6.3,Yes,Graduate,1,1
ST07466,Chameli Gola,TS463,Female,7,59.9,53,56,56,Medium,4.9,Yes,Primary,10,0
ST07467,Jatin Chandra,TS090,Male,7,71.6,76,74,66,Low,5.1,Yes,Primary,4,0
ST07468,Yagnesh Kade,TS288,Female,9,58.0,71,55,60,High,9.9,Yes,Secondary,17,1
ST07469,Kabir Arya,TS270,Male,10,49.3,41,42,44,Low,3.1,No,Primary,20,1
ST07470,Rudra Dara,TS327,Male,10,55.6,47,60,55,Medium,0.6,Yes,Secondary,27,1
ST07471,Vedant Lad,TS456,Male,9,82.3,88,71,82,Medium,1.2,Yes,Secondary,0,0
ST07472,Luke Jaggi,TS063,Male,8,93.8,87,91,93,Low,2.7,Yes,Primary,13,0
ST07473,Harinakshi Jaggi,TS299,Male,9,94.2,82,84,89,Low,5.7,Yes,Secondary,18,0
ST07474,Nidhi Chokshi,TS046,Female,6,66.1,66,69,74,Low,10.1,Yes,Secondary,4,1
ST07475,Diya Kar,TS410,Male,10,65.9,66,72,60,Low,5.2,Yes,Secondary,6,1
ST07476,Aarna Taneja,TS080,Female,10,58.8,65,67,61,Medium,7.8,Yes,Primary,2,0
ST07477,Omya Johal,TS082,Male,6,73.9,61,76,75,Medium,6.9,Yes,Secondary,9,0
ST07478,Andrew Mangat,TS008,Female,7,73.4,74,65,73,Low,4.2,Yes,Secondary,3,0
ST07479,Harini Mander,TS068,Male,6,85.4,87,77,83,High,7.9,No,Graduate,11,0
ST07480,Bhavna Chatterjee,TS204,Female,9,50.2,53,41,43,Medium,6.8,Yes,Secondary,6,0
ST07481,Urmi Sani,TS178,Male,7,52.6,54,51,45,Low,2.9,Yes,Secondary,14,1
ST07482,Nirja Chhabra,TS028,Female,10,84.1,74,77,86,Medium,4.6,Yes,None,5,0
ST07483,Amol Rai,TS074,Female,6,79.6,66,68,79,Medium,5.6,Yes,None,24,0
ST07484,Ethan Nadig,TS386,Female,10,59.9,63,55,53,Low,2.0,Yes,Graduate,14,1
ST07485,Lipika Halder,TS087,Male,9,48.5,47,57,39,Low,10.2,Yes,Secondary,25,1
ST07486,Nathan Saraf,TS210,Female,9,62.2,52,69,67,Medium,7.5,Yes,None,8,0
ST07487,Yutika Chaudhuri,TS266,Female,9,64.6,56,58,54,Medium,11.7,Yes,Graduate,20,1
ST07488,Ishanvi Ahluwalia,TS123,Female,10,53.7,62,49,56,Medium,1.2,Yes,Graduate,10,0
ST07489,Rachana Mukhopadhyay,TS034,Male,9,75.6,60,63,62,Low,11.1,No,Secondary,17,1
ST07490,Advay Agrawal,TS142,Male,10,67.5,63,58,69,Low,7.5,Yes,Secondary,23,1
ST07491,Tanish Dass,TS211,Female,10,97.4,84,94,96,Medium,5.6,No,Graduate,1,0
ST07492,Onkar Chanda,TS342,Male,8,51.4,49,40,45,Low,2.9,No,Graduate,26,1
ST07493,Leena Sharaf,TS435,Male,10,52.1,59,54,43,Low,11.0,Yes,Secondary,17,1
ST07494,Oeshi Date,TS291,Male,10,57.2,58,71,55,High,3.3,Yes,Secondary,4,0
ST07495,Saanvi Chakrabarti,TS134,Female,7,54.0,55,57,51,Medium,0.7,Yes,Primary,20,1
ST07496,George Ramaswamy,TS127,Female,8,47.3,43,51,51,High,7.7,No,Secondary,3,1
ST07497,Geetika Nair,TS011,Female,8,92.1,83,77,85,Low,7.3,No,Primary,27,1
ST07498,Udyati Kadakia,TS061,Female,8,81.0,81,92,78,High,4.1,Yes,Secondary,16,0
ST07499,Gautam Joshi,TS198,Male,6,83.2,69,73,83,Medium,5.9,Yes,Graduate,29,0
ST07500,Chandran Kanda,TS410,Female,8,72.8,70,66,69,Low,2.1,No,Primary,6,0
ST07501,Alexander Bhatti,TS014,Female,6,62.6,49,57,57,Low,3.3,No,Primary,2,1
ST07502,Dayamai Ahluwalia,TS339,Male,6,93.2,74,83,84,Low,6.9,No,Primary,25,1
ST07503,Krishna Sarna,TS037,Male,8,80.1,79,77,66,Low,7.0,No,Secondary,0,0
ST07504,Banjeet Merchant,TS345,Female,10,69.9,59,64,77,Low,3.4,Yes,Secondary,29,1
ST07505,Oeshi Gupta,TS089,Female,10,52.4,49,56,51,Medium,10.6,Yes,Secondary,19,1
ST07506,Guneet Gola,TS059,Female,10,77.1,71,67,68,Medium,9.9,Yes,Primary,10,0
ST07507,Charvi Sehgal,TS129,Male,8,76.7,69,72,88,High,0.5,Yes,Primary,2,0
ST07508,Vihaan Parekh,TS151,Male,7,45.7,37,40,43,Medium,10.3,Yes,Graduate,9,1
ST07509,Wyatt Rastogi,TS277,Female,9,63.8,59,71,53,Medium,3.7,Yes,Primary,25,1
ST07510,Triveni Sekhon,TS250,Female,8,57.3,51,60,61,Low,6.1,Yes,Primary,16,1
ST07511,Falan Comar,TS214,Male,9,79.7,72,70,62,Low,2.0,No,Secondary,3,0
ST07512,Chaaya Muni,TS416,Female,8,57.9,48,57,66,Low,2.3,Yes,Primary,14,1
ST07513,Raksha Kata,TS109,Male,9,79.6,74,75,63,Medium,9.4,No,Secondary,4,0
ST07514,Madhav Dar,TS362,Male,10,45.1,45,35,50,Low,9.8,Yes,Primary,22,1
ST07515,Raagini Rajan,TS201,Male,7,88.4,90,93,88,Low,6.9,Yes,Secondary,29,0
ST07516,Dayita Sekhon,TS100,Female,9,83.2,85,76,71,Low,11.6,Yes,Secondary,29,1
ST07517,Aachal Ahuja,TS299,Male,7,70.4,62,77,76,Medium,8.1,Yes,Secondary,18,0
ST07518,Hitesh D’Alia,TS217,Female,8,64.5,65,57,66,High,11.8,No,Graduate,9,1
ST07519,Yahvi Kara,TS389,Female,6,94.2,99,99,99,High,2.4,Yes,Secondary,18,0
ST07520,Hritik Dada,TS382,Male,10,78.9,83,85,69,Low,11.5,Yes,Graduate,18,1
ST07521,Ishita Soman,TS445,Male,9,88.6,89,75,88,Medium,5.1,Yes,Secondary,1,0
ST07522,Udant Thakkar,TS442,Female,10,60.7,54,57,58,Medium,1.5,Yes,Primary,30,1
ST07523,Vaishnavi Mitra,TS323,Male,8,76.4,71,68,67,High,8.7,No,Graduate,21,0
ST07524,Devika Subramanian,TS218,Male,10,60.6,48,46,47,Medium,10.1,No,Primary,12,1
ST07525,Darika Venkataraman,TS216,Male,9,78.6,82,78,80,Low,7.2,Yes,Primary,18,1
ST07526,Quincy Modi,TS397,Male,6,97.3,95,88,98,Low,3.0,Yes,Primary,0,0
ST07527,Jagrati Wadhwa,TS097,Female,6,48.0,38,53,43,Medium,11.1,Yes,None,1,1
ST07528,Zashil Sani,TS409,Female,6,89.5,85,75,88,High,7.0,No,Secondary,8,0
ST07529,Simon Seth,TS169,Female,9,77.6,79,69,74,Low,3.5,No,Secondary,21,1
ST07530,Omisha Varghese,TS220,Male,6,85.4,72,77,73,Medium,10.7,Yes,Graduate,27,0
ST07531,Yashawini Bhalla,TS158,Male,7,66.4,64,61,64,Medium,1.0,No,Secondary,18,1
ST07532,Nitara Dora,TS016,Female,6,67.3,62,58,58,Medium,2.9,Yes,None,26,1
ST07533,Radhika Hora,TS173,Male,6,87.7,87,81,88,High,5.8,Yes,Secondary,29,0
ST07534,Sudiksha Goel,TS420,Male,10,78.4,79,73,71,Low,9.5,Yes,Primary,15,0
ST07535,Yashvi Vohra,TS005,Female,8,94.9,86,89,90,High,4.0,Yes,Primary,13,0
ST07536,Jhalak Kumar,TS189,Male,7,60.2,59,51,60,Medium,8.8,Yes,Graduate,7,0
ST07537,Chakrika Viswanathan,TS075,Female,8,61.2,57,59,70,High,4.5,Yes,Secondary,22,1
ST07538,Niharika Vyas,TS310,Female,7,51.5,42,44,60,Medium,10.4,Yes,Secondary,30,1
ST07539,Mason Mann,TS362,Female,7,80.1,68,84,85,Low,11.6,Yes,Secondary,29,1
ST07540,Bhavya Bains,TS432,Male,8,88.5,82,85,80,Low,1.7,Yes,Primary,29,0
ST07541,Nirja Nazareth,TS139,Male,9,76.3,68,64,61,Medium,4.9,No,Graduate,20,0
ST07542,Janya Baria,TS279,Female,9,53.7,62,55,57,Low,5.5,Yes,Primary,11,1
ST07543,Hema Dugar,TS256,Male,9,68.1,70,60,57,Low,10.9,Yes,Primary,12,1
ST07544,Mugdha Goswami,TS241,Male,9,64.4,48,52,48,Medium,6.2,No,Secondary,20,1
ST07545,Kamala Bali,TS093,Female,9,79.0,85,73,79,Low,3.1,Yes,Primary,1,0
ST07546,Ansh Deshpande,TS125,Female,8,85.7,87,74,74,High,7.9,No,None,13,0
ST07547,Elijah Pingle,TS190,Female,8,47.9,48,37,38,Low,8.4,No,Secondary,0,1
ST07548,Viraj Natt,TS363,Male,8,72.2,69,69,70,Medium,8.8,Yes,Graduate,14,0
ST07549,Qabil Krishna,TS054,Male,6,84.3,73,81,81,Low,11.8,Yes,Primary,24,1
ST07550,Chameli Bhakta,TS136,Female,10,62.2,67,60,63,Medium,1.3,Yes,Secondary,23,1
ST07551,Tanveer Rajagopalan,TS301,Male,9,47.5,50,39,36,Low,4.1,No,Secondary,10,1
ST07552,Vedika Rai,TS024,Male,7,55.6,50,56,60,Low,10.5,Yes,Graduate,13,1
ST07553,Gaurangi Shan,TS392,Female,8,88.8,83,82,82,Low,9.7,Yes,Secondary,5,0
ST07554,Aayush Seth,TS327,Female,6,77.9,79,66,68,Low,12.0,No,Secondary,29,1
ST07555,Tanveer Bandi,TS273,Female,9,54.7,55,63,56,Medium,11.3,Yes,Graduate,8,0
ST07556,Dayita Bal,TS444,Female,9,48.5,53,53,41,Medium,9.1,Yes,Primary,20,1
ST07557,Netra Sharma,TS412,Female,10,47.7,47,57,38,Medium,11.1,Yes,Graduate,17,1
ST07558,Vedhika Trivedi,TS351,Male,6,70.9,70,65,66,Low,7.5,Yes,Secondary,30,1
ST07559,Pahal Butala,TS394,Female,7,45.9,39,55,55,High,11.6,No,Secondary,3,1
ST07560,Dev Manda,TS389,Female,10,72.1,75,73,63,Medium,11.3,Yes,Graduate,26,0
ST07561,Nidra Vala,TS041,Female,10,91.5,77,96,78,Low,11.8,Yes,Secondary,18,1
ST07562,Nihal Viswanathan,TS203,Female,10,61.7,55,60,75,High,4.8,Yes,Graduate,28,1
ST07563,Bhavani Bora,TS111,Female,7,52.6,59,49,55,Low,3.7,Yes,Primary,8,1
ST07564,Gabriel Hari,TS160,Female,7,46.4,36,42,54,Medium,2.0,Yes,Primary,4,1
ST07565,Lekha Verma,TS218,Female,7,52.0,46,41,41,Low,4.4,Yes,Primary,24,1
ST07566,Neel Sridhar,TS435,Male,7,63.1,49,58,52,Medium,10.8,No,Graduate,18,1
ST07567,Wridesh Krishna,TS454,Female,9,47.0,51,44,44,High,5.5,Yes,None,4,0
ST07568,Shaurya Sahni,TS145,Female,9,51.7,42,38,45,Medium,12.0,No,Graduate,2,1
ST07569,Manya Sharma,TS265,Female,10,50.6,60,56,51,Low,2.4,Yes,Secondary,10,1
ST07570,Aryan Acharya,TS464,Male,6,97.2,92,85,94,Low,7.3,Yes,Primary,29,1
ST07571,Neha Bir,TS175,Female,9,73.5,79,69,81,Medium,8.1,Yes,Primary,3,0
ST07572,Yadavi Zacharia,TS120,Male,10,45.5,47,45,45,Medium,9.1,No,Primary,23,1
ST07573,Vincent Bassi,TS315,Female,8,68.7,59,59,57,Low,4.3,No,Secondary,11,1
ST07574,Liam Barman,TS209,Female,10,48.4,38,38,38,Medium,10.9,Yes,Primary,27,1
ST07575,Vedant Mistry,TS096,Male,7,85.8,80,86,81,Medium,6.3,No,Primary,20,0
ST07576,Andrew Batta,TS256,Male,6,72.0,63,63,72,Medium,4.8,Yes,Secondary,5,0
ST07577,Kalpit Gopal,TS179,Female,6,95.7,93,91,99,Medium,3.7,Yes,Secondary,17,0
ST07578,Xavier Borra,TS115,Female,6,51.4,58,56,42,Medium,5.3,Yes,Secondary,20,1
ST07579,Chaitaly Kanda,TS086,Male,8,45.1,33,34,50,Low,7.2,No,Graduate,7,1
ST07580,Onveer Hayer,TS353,Male,7,72.8,65,73,75,Low,11.0,Yes,None,13,0
ST07581,Gautami Sankaran,TS429,Female,9,85.6,87,77,72,Low,4.8,Yes,Primary,10,0
ST07582,Ekanta Sehgal,TS305,Female,8,45.6,55,53,54,High,2.8,Yes,Primary,1,0
ST07583,Ekani Acharya,TS127,Male,7,68.0,66,74,58,Low,5.7,Yes,Secondary,19,1
ST07584,Ekantika Jaggi,TS294,Female,9,73.8,71,62,72,Medium,8.4,Yes,None,8,0
ST07585,Pranav Bajwa,TS056,Male,6,55.6,45,51,61,Low,4.6,Yes,Primary,16,1
ST07586,Jeevika Kumer,TS280,Male,9,47.2,52,41,42,Medium,11.4,No,Secondary,19,1
ST07587,Vedika Khare,TS459,Male,10,90.4,79,90,84,Medium,10.8,No,Graduate,12,0
ST07588,Charvi Tara,TS141,Female,7,60.7,62,69,66,Low,5.7,Yes,Graduate,13,1
ST07589,Inaya Grewal,TS228,Female,6,86.3,76,84,92,Medium,9.5,Yes,None,1,0
ST07590,Arunima Basak,TS155,Female,9,88.5,77,83,83,Low,5.3,Yes,Primary,8,0
ST07591,Madhav Sundaram,TS500,Male,10,82.4,87,80,72,Medium,3.2,Yes,None,6,0
ST07592,Qushi Verma,TS196,Male,6,70.5,69,73,70,Low,2.6,No,Secondary,27,1
ST07593,Ria Dewan,TS015,Female,6,82.7,87,73,72,Medium,1.5,Yes,Secondary,22,0
ST07594,Ishanvi Nagi,TS013,Female,7,58.6,57,55,59,High,0.5,Yes,Primary,26,1
ST07595,Yuvraj Sandhu,TS321,Female,9,52.3,55,52,59,Medium,11.7,Yes,Secondary,12,0
ST07596,Gavin Dhaliwal,TS040,Male,9,93.2,98,97,97,Medium,11.0,Yes,Secondary,0,0
ST07597,Atharv Bora,TS067,Female,7,47.6,33,32,42,Low,11.4,No,Primary,14,1
ST07598,Amol Dhingra,TS151,Male,9,91.5,82,90,85,Medium,1.4,Yes,Primary,19,0
ST07599,Saanvi Gandhi,TS346,Female,8,68.0,53,71,63,Low,1.8,No,Primary,9,1
ST07600,Raagini Saha,TS388,Male,9,48.7,53,39,37,Medium,9.9,No,None,25,1
ST07601,Yatin Cheema,TS402,Male,10,91.0,90,91,78,Medium,5.3,Yes,None,14,0
ST07602,Manan Borde,TS377,Male,8,76.8,76,63,78,Medium,5.1,No,Secondary,13,0
ST07603,Shivansh Dewan,TS014,Male,10,55.2,46,60,63,Medium,11.0,Yes,None,6,0
ST07604,Shivani Sabharwal,TS030,Female,6,62.9,59,51,56,Low,4.9,Yes,Graduate,26,1
ST07605,Timothy Narayan,TS094,Female,7,69.0,63,68,77,Low,2.0,Yes,Graduate,22,1
ST07606,Pratyush Bains,TS320,Male,6,82.6,76,65,72,Medium,3.9,No,Graduate,16,0
ST07607,Nimrat Raja,TS031,Female,10,96.2,89,87,84,Medium,9.3,No,Secondary,17,0
ST07608,Ria Deep,TS028,Female,8,82.1,73,75,81,Low,4.0,Yes,Primary,17,0
ST07609,Yachana Varghese,TS278,Female,6,77.2,73,66,70,Medium,10.5,Yes,Secondary,9,0
ST07610,Jagvi Ravel,TS074,Female,10,61.1,66,62,62,Low,10.9,Yes,Graduate,14,1
ST07611,Kai Subramaniam,TS074,Female,8,45.9,51,50,39,Medium,5.7,Yes,Secondary,14,0
ST07612,Irya Dalal,TS308,Male,6,69.9,58,71,66,Medium,8.1,Yes,Secondary,6,0
ST07613,Adya Shah,TS442,Male,10,65.3,71,61,69,Medium,5.8,Yes,Graduate,17,1
ST07614,Qadim Oza,TS418,Female,6,56.8,55,48,47,Low,8.6,Yes,None,4,1
ST07615,Nimrat Wable,TS368,Female,10,89.8,89,87,82,Medium,8.8,Yes,Primary,27,0
ST07616,Daniel Trivedi,TS359,Female,9,52.4,43,54,47,Low,6.4,No,Graduate,0,1
ST07617,Pallavi Mahal,TS293,Male,9,50.1,46,51,60,Low,0.6,Yes,Secondary,4,1
ST07618,Advaith Kar,TS109,Female,7,84.5,88,87,88,Low,4.8,Yes,Primary,19,0
ST07619,Yamini Choudhry,TS417,Male,8,48.8,46,44,50,Low,4.5,Yes,Primary,7,1
ST07620,Radhika Som,TS499,Female,10,45.8,33,50,39,Medium,8.6,No,Primary,11,1
ST07621,Deepa Chaudhry,TS075,Female,7,50.3,54,54,42,Low,6.0,Yes,None,26,1
ST07622,Parth Dora,TS022,Female,10,88.6,92,94,91,Low,8.5,Yes,None,23,1
ST07623,Netra Kamdar,TS192,Male,9,66.4,62,68,63,Low,7.8,Yes,Primary,23,1
ST07624,Isaiah Dasgupta,TS465,Female,7,87.4,91,83,84,Medium,11.2,Yes,Graduate,4,0
ST07625,Sneha Swaminathan,TS376,Female,6,63.0,65,60,56,Medium,8.6,Yes,Primary,7,0
ST07626,Dipta Dara,TS209,Female,8,67.1,66,72,66,Low,7.7,Yes,Secondary,3,1
ST07627,Chandresh Lal,TS021,Male,6,92.8,91,85,97,Medium,2.0,Yes,Primary,4,0
ST07628,Joshua Parekh,TS263,Female,6,74.1,64,76,60,Low,4.8,No,Secondary,15,0
ST07629,Meghana Hayer,TS290,Male,7,45.0,50,53,40,Low,3.8,Yes,Secondary,23,1
ST07630,Vritti Choudhry,TS348,Female,10,52.8,51,50,52,Low,6.3,Yes,Secondary,29,1
ST07631,Wahab Kale,TS323,Female,9,86.0,81,85,70,Low,7.0,No,None,0,0
ST07632,Avi Srivastava,TS390,Female,10,59.4,47,57,50,Medium,11.2,No,Graduate,26,1
ST07633,Mitali Sibal,TS254,Male,8,73.1,75,68,70,Low,5.2,Yes,Primary,22,0
ST07634,Mahika Mohan,TS453,Male,8,60.3,51,47,59,Low,8.5,No,Primary,26,1
ST07635,Qasim Sura,TS357,Male,7,76.3,76,77,68,Low,11.3,No,Graduate,18,1
ST07636,Teerth Seth,TS021,Male,9,46.1,52,51,49,Low,12.0,Yes,Primary,0,1
ST07637,Zayyan Chacko,TS030,Male,10,71.7,57,66,69,Low,5.4,No,Primary,19,1
ST07638,Krisha Yogi,TS408,Female,7,47.6,42,55,50,Low,5.0,Yes,Primary,6,1
ST07639,Bhavani Chowdhury,TS134,Female,7,73.2,63,70,63,High,3.8,No,Secondary,11,0
ST07640,Geetika Bajwa,TS305,Female,6,85.4,80,80,74,Low,10.4,No,None,22,1
ST07641,Wakeeta Sandhu,TS358,Male,6,54.8,48,57,39,Medium,7.3,No,None,10,1
ST07642,Ladli Kamdar,TS110,Female,9,96.1,82,81,92,Low,0.9,Yes,None,0,0
ST07643,Oliver Saini,TS076,Female,8,72.0,71,71,71,Low,3.6,No,None,24,1
ST07644,Alka Shere,TS411,Male,9,96.5,99,87,86,High,11.3,No,Primary,6,0
ST07645,Keya Kala,TS385,Male,9,74.2,69,77,79,Medium,2.3,Yes,Primary,26,0
ST07646,Rudra Dutt,TS450,Male,6,80.5,83,71,83,Low,11.0,Yes,Secondary,29,1
ST07647,Gaurang Mutti,TS402,Female,9,82.2,79,81,68,Low,3.8,Yes,Secondary,4,0
ST07648,Jagat Ramakrishnan,TS140,Male,9,47.4,39,49,51,Medium,4.1,No,Secondary,13,1
ST07649,Veer Sunder,TS393,Female,9,90.6,89,92,83,Low,0.7,Yes,None,6,0
ST07650,Darsh Cheema,TS251,Male,7,87.7,84,80,82,High,4.5,Yes,Secondary,18,0
ST07651,Omaja Balasubramanian,TS419,Male,9,68.8,65,69,70,Medium,7.2,Yes,Primary,29,1
ST07652,Shivani Choudhry,TS004,Female,6,80.8,80,78,71,Medium,10.6,No,Primary,16,0
ST07653,Rachit Subramaniam,TS459,Male,9,94.1,86,76,88,Medium,2.0,No,Secondary,10,0
ST07654,Mugdha Prasad,TS075,Female,8,76.9,83,77,84,Low,2.9,Yes,None,18,0
ST07655,Naksh Merchant,TS306,Female,9,88.8,86,79,85,Low,6.8,No,Primary,24,1
ST07656,Kabir Peri,TS437,Male,6,45.7,46,47,51,Low,1.8,No,None,8,1
ST07657,Geetika Saran,TS468,Female,9,77.9,71,66,83,Low,11.7,Yes,Primary,30,1
ST07658,Vyanjana More,TS265,Male,9,62.7,65,57,61,Medium,1.5,Yes,Graduate,9,0
ST07659,Chakradhar Sandhu,TS419,Female,7,72.1,71,60,64,High,8.3,No,Secondary,9,0
ST07660,Charan Gala,TS322,Male,10,90.4,83,94,77,Low,3.9,Yes,None,29,0
ST07661,Dipta Khanna,TS057,Male,9,66.3,51,58,57,Medium,5.4,No,Secondary,18,1
ST07662,Yagnesh Dora,TS144,Male,10,47.6,51,60,44,High,0.8,Yes,Secondary,6,0
ST07663,Unni Dar,TS157,Male,7,66.2,69,60,58,Medium,11.4,Yes,Primary,14,0
ST07664,Zashil Dave,TS035,Female,10,57.4,46,55,51,Low,2.2,Yes,Primary,21,1
ST07665,Sanaya Roy,TS016,Male,7,70.9,71,77,67,Low,9.2,Yes,Primary,26,1
ST07666,Chaitanya Rajagopal,TS307,Male,6,81.1,73,78,78,Low,8.3,Yes,Primary,12,0
ST07667,Sai Bhavsar,TS225,Female,10,58.8,59,61,47,Medium,11.9,No,Secondary,2,1
ST07668,Yash Sha,TS429,Female,6,79.8,85,75,71,Low,2.4,Yes,Graduate,7,0
ST07669,Lipika Goyal,TS097,Female,6,52.2,61,42,55,Medium,10.9,Yes,Primary,30,1
ST07670,Yash Raval,TS253,Male,8,89.3,93,92,80,Low,1.3,Yes,Primary,11,0
ST07671,Baghyawati Sethi,TS105,Male,9,95.0,83,88,92,Medium,3.6,Yes,Graduate,9,0
ST07672,Chandran Nair,TS412,Male,10,88.0,80,77,69,Low,5.3,No,Graduate,10,0
ST07673,Mohammed Minhas,TS131,Male,8,71.7,77,70,78,Low,9.0,Yes,Primary,24,1
ST07674,Chanakya Borde,TS065,Female,10,89.8,85,84,95,Low,3.6,Yes,Secondary,10,0
ST07675,Tarak Parmar,TS454,Female,8,73.8,74,68,76,Medium,10.0,Yes,Graduate,25,0
ST07676,Kamya Chada,TS020,Male,10,85.1,84,77,93,High,9.9,Yes,Secondary,25,0
ST07677,Ganga Tiwari,TS106,Female,10,94.7,91,97,84,Medium,9.5,Yes,Secondary,16,0
ST07678,Noah Basu,TS434,Male,9,74.9,78,63,76,Medium,6.2,Yes,Primary,0,0
ST07679,Hema Prakash,TS015,Male,10,77.9,68,77,61,Low,6.3,No,Primary,25,1
ST07680,Jatin Ghose,TS054,Male,6,72.3,69,72,60,Medium,6.2,Yes,None,18,0
ST07681,Krishna Doctor,TS383,Female,6,67.6,56,59,60,Low,1.9,No,Secondary,21,1
ST07682,Dayamai Kara,TS281,Male,7,64.6,71,62,53,Low,10.9,Yes,Secondary,2,1
ST07683,Chaitaly Handa,TS413,Male,10,81.4,80,73,70,Low,10.9,Yes,Graduate,16,1
ST07684,Daksh Toor,TS296,Female,8,81.2,75,84,70,Medium,5.9,Yes,None,3,0
ST07685,Mitesh Sharma,TS353,Female,6,45.7,52,54,53,High,11.3,Yes,Primary,30,1
ST07686,Jagat Cherian,TS175,Female,6,87.7,88,92,77,Low,8.5,Yes,Primary,3,0
ST07687,Chaitaly Pandey,TS143,Female,10,89.8,78,85,73,Medium,2.8,No,Secondary,14,0
ST07688,Lakshmi Bhalla,TS393,Male,6,72.8,72,73,78,Low,1.8,Yes,Secondary,12,0
ST07689,Dalaja Pai,TS394,Female,7,55.9,54,50,45,Medium,7.1,Yes,Graduate,2,0
ST07690,Aarush Dey,TS070,Male,9,45.2,40,47,36,Low,8.8,Yes,None,20,1
ST07691,Naksh Mital,TS017,Female,8,78.4,78,84,66,Low,1.9,Yes,Secondary,28,0
ST07692,Krishna Dutta,TS386,Male,6,85.2,77,90,86,High,11.3,Yes,None,5,0
ST07693,Samuel Buch,TS027,Male,8,54.2,59,48,44,Medium,1.9,Yes,None,20,1
ST07694,Turvi Ray,TS030,Male,10,59.8,52,60,49,Medium,3.8,Yes,Secondary,5,0
ST07695,Omaja Nadig,TS095,Male,7,77.1,76,84,72,Low,1.2,Yes,Primary,18,0
ST07696,Chandresh Dhillon,TS033,Male,6,78.3,71,85,87,High,10.6,Yes,Secondary,0,0
ST07697,Isaac Ray,TS466,Female,10,56.1,52,64,54,Low,2.5,Yes,Graduate,20,1
ST07698,Urvi Kuruvilla,TS297,Female,10,69.6,61,73,57,Low,10.5,Yes,Primary,11,1
ST07699,Michael Saxena,TS193,Male,7,85.8,84,78,87,Medium,4.0,Yes,Primary,3,0
ST07700,Hemani Lall,TS039,Male,6,88.8,86,78,83,Medium,11.1,No,Primary,1,0
ST07701,Ayaan Shetty,TS414,Male,7,95.0,86,92,85,Low,6.9,Yes,Primary,16,0
ST07702,Rushil Rege,TS132,Female,10,70.9,66,71,72,Medium,7.1,Yes,Graduate,9,0
ST07703,Veer Dhaliwal,TS404,Female,8,72.6,76,68,67,Medium,5.4,Yes,Secondary,19,0
ST07704,Daksha Dua,TS186,Female,9,55.8,56,54,65,Low,11.9,Yes,Graduate,6,1
ST07705,Ojasvi Raja,TS303,Male,8,46.3,37,45,45,Medium,2.9,No,Secondary,17,1
ST07706,Lopa Mand,TS131,Female,6,67.0,79,79,68,High,3.4,Yes,Primary,13,0
ST07707,Jai Mittal,TS261,Male,10,72.1,60,64,60,Low,7.1,Yes,Secondary,5,0
ST07708,Pooja Gara,TS232,Female,8,70.4,76,69,63,Medium,4.4,Yes,None,1,0
ST07709,Jagat Dyal,TS482,Male,8,90.2,78,82,76,Medium,5.9,No,Secondary,26,0
ST07710,Bimala Bora,TS263,Male,7,58.4,52,53,55,Low,2.4,Yes,Secondary,4,1
ST07711,Yashoda Walia,TS256,Female,7,52.5,53,44,55,Medium,7.6,No,Secondary,4,1
ST07712,Vedant Sarraf,TS250,Female,9,79.1,69,75,84,Low,6.4,Yes,Primary,14,0
ST07713,Gaurangi Nagar,TS252,Male,10,60.1,53,52,61,Medium,8.2,Yes,Primary,29,1
ST07714,Xavier Sachdeva,TS316,Male,7,61.8,63,58,70,Low,0.9,Yes,Secondary,26,1
ST07715,Vedant Nori,TS483,Female,8,68.7,69,67,62,High,4.1,Yes,None,9,0
ST07716,Gaurangi Gola,TS348,Male,9,84.9,77,78,79,Low,7.4,Yes,Secondary,3,0
ST07717,Azad Sankaran,TS207,Female,10,75.2,67,70,75,Low,11.7,Yes,Primary,8,0
ST07718,Udant Patil,TS333,Male,7,70.1,58,78,66,Medium,4.6,Yes,Secondary,17,0
ST07719,Pooja Kurian,TS002,Male,9,73.5,70,81,72,Medium,7.6,Yes,None,9,0
ST07720,Yashodhara Puri,TS358,Female,10,89.6,71,84,77,Medium,3.4,No,Primary,18,0
ST07721,Caleb Mander,TS205,Female,9,84.0,86,71,76,Medium,2.8,Yes,Graduate,9,0
ST07722,Tanish Jain,TS094,Male,9,86.1,73,67,68,Medium,10.0,No,Secondary,10,0
ST07723,Niharika Iyer,TS474,Female,9,69.7,62,76,71,High,11.5,Yes,Primary,8,0
ST07724,Dipta Varughese,TS238,Female,8,77.9,73,69,75,Low,3.6,Yes,Graduate,9,0
ST07725,Wyatt Bumb,TS429,Male,8,52.6,45,56,60,Low,11.8,Yes,Secondary,18,1
ST07726,Aadi Dutta,TS391,Male,9,82.1,88,79,75,Medium,8.0,Yes,Primary,22,0
ST07727,Gaurav Nagarajan,TS471,Male,7,60.0,49,65,64,Medium,11.0,Yes,Primary,7,0
ST07728,Chakradev Apte,TS113,Female,8,83.6,72,88,78,Medium,7.2,Yes,Graduate,6,0
ST07729,Vamakshi Subramanian,TS054,Male,10,56.2,55,45,50,Low,9.7,Yes,Secondary,3,1
ST07730,Lavanya Kade,TS187,Male,8,68.3,72,66,75,Medium,3.1,Yes,Secondary,0,0
ST07731,Gavin Mitter,TS229,Male,6,47.7,40,50,47,Low,11.8,Yes,Secondary,5,1
ST07732,Zaid Mammen,TS392,Female,8,62.6,54,52,62,High,4.0,No,Primary,0,0
ST07733,Jack Goda,TS241,Female,10,47.2,45,50,56,High,6.7,Yes,None,4,0
ST07734,Patrick Sarin,TS428,Male,9,80.3,69,65,79,Medium,5.5,No,Secondary,12,0
ST07735,Advaith Sane,TS091,Female,9,54.3,58,61,56,Medium,1.8,Yes,Graduate,3,0
ST07736,Veer Nayar,TS360,Male,9,53.7,54,44,50,Low,6.5,Yes,Primary,8,1
ST07737,Nandini Seth,TS390,Female,9,97.1,88,94,86,Medium,1.7,Yes,Secondary,1,0
ST07738,Lila Ray,TS024,Female,10,48.3,56,42,55,High,10.6,No,Secondary,7,1
ST07739,Triveni Mallick,TS455,Female,8,70.3,55,70,72,Medium,9.0,No,None,18,0
ST07740,Netra Zacharia,TS393,Male,6,76.8,79,64,62,Medium,2.0,No,Primary,9,0
ST07741,Rajata Gupta,TS217,Female,7,69.2,59,59,63,Low,5.5,Yes,Graduate,21,1
ST07742,Shivani Misra,TS037,Female,8,84.3,81,80,90,Medium,9.8,Yes,None,30,0
ST07743,Idika Varty,TS104,Female,6,73.0,79,78,61,Medium,4.2,Yes,Secondary,29,0
ST07744,Sanya Rau,TS328,Female,9,69.1,65,76,76,High,4.9,Yes,Secondary,27,1
ST07745,Bimala Rai,TS026,Female,10,63.0,56,48,61,Medium,1.3,No,Primary,23,1
ST07746,Dhriti Karan,TS397,Male,8,48.9,45,53,50,High,4.6,Yes,Secondary,24,1
ST07747,Pooja Mukherjee,TS277,Female,9,56.9,56,63,49,High,11.7,No,Graduate,16,1
ST07748,Ishaan Dugar,TS347,Male,6,69.8,77,65,71,Medium,5.5,Yes,Primary,22,1
ST07749,Mekhala Dhillon,TS249,Male,9,91.4,85,89,91,Low,1.7,Yes,Graduate,7,0
ST07750,Rudra Dara,TS346,Male,6,75.7,82,68,77,Low,8.3,Yes,Primary,28,1
ST07751,Zaid Kumar,TS177,Female,10,61.6,63,50,60,Low,6.3,Yes,Primary,28,1
ST07752,Unnati Virk,TS087,Female,9,67.7,68,66,65,Medium,11.0,Yes,Primary,28,1
ST07753,Aditya Pillai,TS224,Male,6,65.1,59,60,52,Low,8.1,No,Graduate,20,1
ST07754,Girindra Bakshi,TS305,Female,10,79.8,80,70,80,Low,11.6,Yes,Primary,5,0
ST07755,Sudiksha Kalla,TS475,Female,10,49.2,40,45,47,Medium,6.8,Yes,Primary,11,1
ST07756,Amol Wadhwa,TS281,Female,10,56.4,56,46,57,Low,2.9,No,Primary,12,1
ST07757,Arya Dixit,TS470,Female,10,80.5,81,86,71,Medium,11.3,Yes,Secondary,1,0
ST07758,Max Dora,TS324,Female,9,88.7,86,86,78,Medium,0.7,Yes,Secondary,28,0
ST07759,Ethan Ghose,TS283,Male,10,83.7,84,82,70,Low,4.3,No,Secondary,12,0
ST07760,Vivaan Gokhale,TS332,Female,9,95.3,76,76,87,Medium,4.8,No,None,11,0
ST07761,Ishita Sami,TS234,Female,10,69.7,82,76,67,High,2.0,Yes,None,12,0
ST07762,Omisha Sibal,TS245,Female,10,58.4,49,66,51,Medium,2.9,Yes,None,12,0
ST07763,Tejas Goyal,TS140,Male,9,51.2,53,61,54,Medium,9.4,Yes,None,1,0
ST07764,Sai Chandran,TS433,Female,8,95.3,82,84,84,Medium,8.0,No,Secondary,1,0
ST07765,Ronith Soman,TS205,Female,10,97.1,83,91,89,Low,2.2,Yes,Primary,17,0
ST07766,Oliver Bhakta,TS177,Female,7,79.0,84,69,81,Low,6.0,Yes,Graduate,23,0
ST07767,Aadhya Lad,TS107,Female,7,63.6,53,66,66,Low,8.3,Yes,Secondary,25,1
ST07768,Qarin Vaidya,TS026,Female,10,50.3,53,59,46,Medium,5.0,Yes,None,20,1
ST07769,Leena Pau,TS340,Male,10,83.2,83,77,64,Medium,10.6,No,Secondary,21,0
ST07770,Maya Ratta,TS125,Female,8,65.8,67,73,71,High,2.4,No,Graduate,18,1
ST07771,Harini Bhandari,TS176,Female,6,75.8,72,70,65,Low,11.9,Yes,Graduate,23,1
ST07772,Laban Vaidya,TS215,Male,6,49.0,43,44,45,Medium,3.3,No,Primary,14,1
ST07773,Sudiksha Upadhyay,TS491,Male,6,54.2,56,51,47,Low,7.3,Yes,Secondary,8,1
ST07774,Inaya Kale,TS268,Male,7,90.4,89,87,81,Medium,3.2,Yes,Primary,29,0
ST07775,Harinakshi Lal,TS346,Male,6,94.1,84,94,78,Low,6.1,No,Primary,23,1
ST07776,Chanchal Grewal,TS456,Male,8,59.5,62,63,50,Low,4.0,Yes,Primary,23,1
ST07777,Girindra Prabhakar,TS275,Male,6,74.9,79,73,71,Low,4.4,Yes,Secondary,22,0
ST07778,Reva Kadakia,TS477,Female,10,96.5,96,92,98,Low,3.3,Yes,Primary,19,0
ST07779,Charles Basu,TS170,Male,10,58.3,47,56,60,Low,6.9,Yes,Secondary,12,1
ST07780,Zashil Babu,TS300,Female,7,58.9,66,65,66,Medium,2.5,Yes,Primary,19,1
ST07781,Netra Sankaran,TS157,Male,9,48.2,52,49,56,Medium,5.0,Yes,Graduate,9,0
ST07782,Zehaan Soman,TS109,Male,7,94.7,85,83,94,Medium,6.8,Yes,Secondary,16,0
ST07783,Om Puri,TS018,Male,8,50.4,43,59,48,High,4.0,No,Primary,1,1
ST07784,Brijesh Rana,TS212,Male,8,72.7,67,76,81,High,6.2,Yes,Secondary,15,0
ST07785,Harini Chana,TS001,Male,10,62.5,62,46,59,Medium,11.1,No,Secondary,5,1
ST07786,Finn Bhatt,TS049,Female,6,47.5,36,35,37,Low,7.3,No,Secondary,18,1
ST07787,Tarak De,TS167,Male,9,85.8,71,87,84,Low,7.0,No,Primary,22,1
ST07788,Vritti Agate,TS201,Male,9,86.1,77,86,85,Low,0.9,Yes,Secondary,9,0
ST07789,Pahal Lanka,TS111,Male,7,84.4,88,88,82,Low,9.6,Yes,Primary,7,0
ST07790,Damyanti Mittal,TS014,Male,9,52.9,43,52,46,Medium,11.0,Yes,None,20,1
ST07791,Frederick Hegde,TS244,Male,7,68.0,65,60,75,Low,5.6,Yes,Secondary,23,1
ST07792,Rachita Kar,TS135,Female,8,94.3,90,96,91,High,10.8,No,Primary,27,0
ST07793,Fitan Parikh,TS307,Female,6,80.7,80,80,87,Low,11.2,Yes,Graduate,3,0
ST07794,Chakradhar Mammen,TS477,Male,6,70.2,74,66,71,Low,5.1,Yes,Primary,4,0
ST07795,Bhavya Deep,TS483,Female,10,66.6,54,74,60,Low,7.6,Yes,Secondary,15,1
ST07796,Xalak Ramanathan,TS440,Female,9,65.6,56,58,62,Medium,7.5,Yes,None,30,1
ST07797,Aarush Basu,TS027,Male,6,73.5,61,67,81,Medium,6.3,Yes,Primary,24,0
ST07798,Nihal Ramaswamy,TS192,Male,10,49.6,53,35,53,Medium,6.8,No,None,11,0
ST07799,Yashoda Dada,TS075,Male,6,82.4,82,81,81,Low,11.5,Yes,Graduate,14,0
ST07800,Pavani Din,TS059,Female,6,63.6,54,71,64,Medium,4.4,Yes,Primary,9,0
ST07801,Balveer Wali,TS437,Male,8,96.9,82,99,99,Low,0.5,Yes,Graduate,8,0
ST07802,Anirudh Lata,TS212,Female,8,95.5,82,81,93,Low,11.6,Yes,Primary,12,0
ST07803,Lajita D’Alia,TS054,Female,8,47.1,51,39,41,Medium,1.8,Yes,None,19,1
ST07804,Qushi Barad,TS323,Female,9,49.6,42,40,49,Medium,6.2,Yes,Primary,14,1
ST07805,Madhavi Baria,TS073,Male,7,88.6,78,91,76,Low,6.2,Yes,Secondary,19,0
ST07806,Irya Ramachandran,TS201,Male,6,87.8,83,88,82,Medium,4.2,No,Primary,14,0
ST07807,Akshay Shan,TS136,Male,9,50.5,53,53,53,Low,6.4,Yes,Graduate,17,1
ST07808,Ladli Sekhon,TS073,Male,6,93.3,97,85,81,Medium,0.8,Yes,None,11,0
ST07809,Urishilla Sandal,TS484,Male,9,76.1,76,79,67,Low,11.2,Yes,Secondary,15,0
ST07810,Gabriel Naidu,TS261,Male,9,94.1,83,75,86,Low,2.8,No,Primary,28,1
ST07811,Thomas Bahri,TS271,Male,7,62.2,62,55,68,Low,7.4,Yes,Primary,12,1
ST07812,Gopal Comar,TS049,Female,10,56.5,63,62,49,Low,11.9,Yes,Primary,2,1
ST07813,Simon Singhal,TS262,Male,10,74.6,72,67,81,High,5.5,Yes,Graduate,4,0
ST07814,Shaurya Shah,TS035,Female,7,58.5,60,50,50,Low,8.4,No,Secondary,22,1
ST07815,Hemang Panchal,TS319,Female,6,50.0,48,44,53,Low,10.7,Yes,Graduate,28,1
ST07816,Advaith Mandal,TS497,Female,9,86.1,73,90,85,Medium,3.2,Yes,Secondary,4,0
ST07817,Tanish Dutta,TS237,Male,6,97.3,83,99,86,Low,11.5,Yes,Primary,9,0
ST07818,Abhiram Mand,TS320,Male,6,52.1,55,61,59,Medium,4.3,Yes,Primary,18,1
ST07819,Rayaan Varkey,TS109,Female,9,67.9,64,62,57,Medium,4.9,Yes,None,1,0
ST07820,Parth Narang,TS119,Male,9,96.7,99,93,96,High,11.7,Yes,Primary,26,0
ST07821,Harish Varty,TS477,Female,7,62.6,58,66,57,High,7.2,Yes,Secondary,5,0
ST07822,Nihal Srinivas,TS193,Female,8,63.6,59,65,62,High,5.5,Yes,Graduate,14,0
ST07823,Hiral Sundaram,TS443,Male,10,78.0,71,76,65,Medium,9.6,Yes,Secondary,13,0
ST07824,Akshay Ganguly,TS095,Male,10,62.9,49,51,63,Medium,3.6,No,Secondary,22,1
ST07825,Omisha Minhas,TS073,Male,6,82.7,67,78,82,Low,10.6,No,Secondary,30,1
ST07826,Anya Sodhi,TS367,Female,10,85.5,91,89,84,High,8.7,Yes,Graduate,27,0
ST07827,Fariq Sandal,TS450,Female,8,75.3,64,67,76,Medium,11.0,No,Primary,18,0
ST07828,Saksham Sabharwal,TS410,Male,7,72.4,66,70,63,Low,10.9,Yes,Primary,28,1
ST07829,Victor Seshadri,TS364,Female,6,89.0,85,92,93,Low,1.6,Yes,None,2,0
ST07830,George Majumdar,TS241,Female,8,89.5,88,91,94,Low,2.0,Yes,None,18,0
ST07831,Vyanjana Raghavan,TS097,Male,10,91.8,85,89,89,Medium,6.4,Yes,Secondary,7,0
ST07832,Maanas Chandran,TS128,Male,7,79.7,61,65,73,Low,1.4,No,Graduate,12,0
ST07833,Frado Saraf,TS357,Female,8,49.1,43,42,37,Low,10.1,No,Graduate,21,1
ST07834,Hamsini Rajagopalan,TS498,Female,6,62.1,61,51,53,Low,8.0,No,Primary,28,1
ST07835,Christopher Dash,TS420,Male,6,96.3,93,96,91,High,7.7,Yes,Primary,26,0
ST07836,Upma Randhawa,TS271,Female,6,77.4,67,64,74,High,12.0,No,Secondary,27,0
ST07837,Urvi Tella,TS155,Male,9,53.0,62,66,64,High,8.0,Yes,None,16,1
ST07838,Bhavani Roy,TS136,Female,7,90.6,88,95,87,High,3.6,Yes,Primary,21,0
ST07839,Samesh Merchant,TS089,Male,6,96.7,86,85,95,Low,11.6,Yes,Secondary,30,1
ST07840,Gauri Ratti,TS249,Male,6,60.7,50,53,64,Low,4.6,No,Secondary,16,1
ST07841,Finn Deshpande,TS430,Male,6,71.9,70,78,70,Low,6.8,Yes,Primary,30,0
ST07842,Arjun Chacko,TS366,Male,7,68.9,60,67,73,Low,6.0,Yes,Secondary,11,1
ST07843,Lekha Pillai,TS073,Male,7,63.4,56,68,60,Medium,2.2,Yes,Secondary,29,1
ST07844,Chakrika Kumer,TS431,Male,6,96.0,99,99,96,High,7.6,Yes,Primary,9,0
ST07845,Kala Bhakta,TS473,Male,9,92.5,83,85,79,Medium,6.3,Yes,Primary,21,0
ST07846,Triveni Borde,TS221,Male,7,76.6,68,83,82,Low,11.9,Yes,Primary,10,0
ST07847,Darsh Bera,TS482,Female,7,82.8,87,80,74,Low,1.4,Yes,Secondary,18,0
ST07848,Finn Sundaram,TS081,Male,10,83.7,71,83,78,Medium,3.1,Yes,Graduate,25,0
ST07849,Nathan Nori,TS406,Female,7,56.9,59,54,60,Medium,4.9,Yes,Graduate,13,0
ST07850,Matthew Sha,TS209,Female,6,72.5,73,64,58,Low,5.4,No,None,5,0
ST07851,Yoshita Venkatesh,TS486,Male,7,48.4,47,57,38,Low,3.4,Yes,Graduate,30,1
ST07852,Ekalinga Badami,TS185,Male,8,74.5,59,59,62,Medium,9.7,No,Primary,20,0
ST07853,Riya Raju,TS293,Female,10,53.9,64,54,57,High,3.3,Yes,Secondary,16,1
ST07854,Sudiksha Rastogi,TS476,Female,10,45.8,55,55,44,Medium,3.5,Yes,Graduate,20,1
ST07855,Agastya Kadakia,TS372,Male,9,56.0,62,64,62,Low,10.4,Yes,Primary,7,1
ST07856,Chaaya Handa,TS199,Male,6,74.5,70,74,67,Low,2.0,Yes,None,13,0
ST07857,Ethan Dani,TS020,Female,9,85.4,78,78,79,Low,2.2,Yes,Primary,27,0
ST07858,Christopher Khosla,TS110,Male,9,89.5,90,81,89,Low,8.5,Yes,Graduate,0,0
ST07859,Nilima Chaudhary,TS341,Male,10,78.1,73,75,78,Low,4.1,Yes,None,10,0
ST07860,Triya Om,TS333,Male,9,58.5,49,50,64,Medium,1.0,Yes,Primary,29,1
ST07861,Chaitanya Bali,TS373,Male,8,60.7,56,60,69,Medium,10.4,Yes,Primary,14,0
ST07862,Chavvi Narang,TS367,Female,10,55.0,48,64,46,Low,11.0,Yes,Primary,21,1
ST07863,Tara Thaman,TS095,Male,10,61.1,58,55,58,Low,1.0,Yes,Primary,10,1
ST07864,Nicholas Sankaran,TS489,Female,8,50.2,45,54,55,High,5.1,Yes,None,3,0
ST07865,Yochana Kala,TS265,Female,7,47.0,32,52,47,Low,1.3,No,Graduate,3,1
ST07866,Ishani Aggarwal,TS003,Female,9,49.0,47,39,52,High,2.1,No,Secondary,28,1
ST07867,Bhavna Sagar,TS119,Female,10,70.9,73,74,82,High,6.8,Yes,Primary,27,0
ST07868,Eiravati Reddy,TS095,Male,7,78.3,67,79,63,Low,4.2,No,None,2,0
ST07869,Neha Sur,TS095,Female,8,64.2,54,64,69,Low,5.8,Yes,None,8,1
ST07870,Zinal Pandya,TS107,Female,8,85.6,73,88,92,High,3.1,No,None,12,0
ST07871,Hemani Sahni,TS426,Female,6,95.4,94,92,79,Low,8.7,No,Secondary,28,1
ST07872,Deepa Jani,TS191,Female,10,49.4,42,53,45,Medium,8.2,Yes,Primary,26,1
ST07873,Kamya Devi,TS223,Female,9,46.9,49,52,51,Medium,7.3,Yes,Secondary,28,1
ST07874,Ranbir Loke,TS153,Female,10,70.3,69,73,70,Low,3.3,Yes,Primary,22,0
ST07875,Libni Char,TS395,Male,9,50.4,47,55,51,Medium,6.0,Yes,None,30,1
ST07876,Chasmum Deshmukh,TS158,Female,9,86.7,73,77,91,Medium,6.6,Yes,Secondary,18,0
ST07877,Dalaja Shere,TS154,Male,6,95.9,91,80,87,Medium,10.4,No,Primary,18,0
ST07878,Karan Guha,TS495,Female,9,78.4,80,68,78,Low,1.9,Yes,Secondary,24,0
ST07879,Ekiya Chaudhry,TS285,Female,9,55.3,52,54,59,High,5.0,No,Primary,23,1
ST07880,Anvi Ravel,TS473,Male,10,97.4,96,99,83,Medium,11.0,Yes,Graduate,17,0
ST07881,Atharv Vasa,TS450,Female,6,70.7,69,69,78,Medium,2.7,Yes,None,6,0
ST07882,Parth Sastry,TS385,Male,9,49.5,47,58,51,Low,3.9,Yes,Secondary,5,1
ST07883,Hemang Bhat,TS426,Male,7,94.2,82,86,92,Low,10.6,Yes,Primary,1,0
ST07884,Maanav Mani,TS415,Female,8,93.7,94,81,79,Medium,11.8,No,Secondary,8,0
ST07885,Azaan Nadig,TS150,Male,7,76.6,69,61,76,Low,3.6,No,Secondary,16,1
ST07886,Noah Nair,TS222,Male,8,58.9,49,55,46,Low,7.8,No,Secondary,15,1
ST07887,Jairaj Randhawa,TS148,Male,6,76.8,66,62,62,Medium,9.4,No,Secondary,12,0
ST07888,Vrishti Kant,TS395,Male,7,75.1,76,70,74,Low,10.8,Yes,Primary,24,1
ST07889,Ucchal Parekh,TS460,Female,8,97.6,94,85,97,Medium,10.0,Yes,None,8,0
ST07890,Radha Wagle,TS440,Male,8,79.4,70,86,66,Medium,2.0,Yes,Graduate,9,0
ST07891,Vincent Yadav,TS044,Male,9,69.7,76,68,74,High,3.5,No,None,10,0
ST07892,Ati Bera,TS394,Male,6,80.6,71,81,76,Medium,9.9,Yes,None,29,0
ST07893,Nidra Kanda,TS075,Male,6,86.3,74,75,85,Low,7.6,Yes,Primary,26,1
ST07894,Jhalak Samra,TS341,Female,6,54.0,56,53,51,Medium,2.4,Yes,None,23,1
ST07895,Aarav Mahajan,TS363,Female,9,66.1,61,78,67,High,3.9,Yes,Secondary,25,1
ST07896,Unni Devan,TS195,Female,10,82.9,82,79,76,Low,8.1,Yes,Primary,29,1
ST07897,Falan Balakrishnan,TS286,Male,8,63.9,60,71,52,Medium,3.5,Yes,Primary,11,0
ST07898,Indrajit Nori,TS484,Female,8,84.4,71,80,81,Low,12.0,No,None,21,1
ST07899,Chatresh Sethi,TS139,Female,7,75.2,77,63,64,Medium,4.3,Yes,Secondary,17,0
ST07900,Omkaar Mohan,TS046,Male,8,56.8,59,58,57,Medium,11.2,Yes,Primary,3,0
ST07901,Omisha Srinivas,TS472,Female,6,66.0,64,63,70,Medium,3.7,Yes,Graduate,28,1
ST07902,Ikshita Mander,TS323,Male,6,60.5,66,52,57,Low,6.3,Yes,Primary,19,1
ST07903,Sara Luthra,TS114,Female,8,73.2,69,60,62,Medium,10.7,Yes,Secondary,26,0
ST07904,Jalsa Chowdhury,TS192,Male,8,64.3,67,52,56,Medium,6.4,Yes,Secondary,0,0
ST07905,Pooja Bhatia,TS312,Female,9,78.6,67,79,65,Low,2.8,Yes,Primary,21,0
ST07906,Wazir Dani,TS177,Male,6,75.7,71,73,65,Medium,3.6,Yes,Secondary,12,0
ST07907,Oviya Wali,TS279,Female,8,62.0,58,60,64,Low,0.9,Yes,Graduate,14,1
ST07908,Saumya Setty,TS174,Male,6,73.8,76,70,74,Low,1.6,No,Primary,17,1
ST07909,Bakhshi Misra,TS365,Female,10,51.0,58,58,46,Medium,6.1,Yes,Primary,26,1
ST07910,Wridesh Ganesh,TS435,Male,6,58.9,53,53,51,Low,8.6,Yes,Primary,22,1
ST07911,Darika Naik,TS382,Male,8,78.0,62,73,69,Low,4.7,No,Secondary,23,1
ST07912,Bhanumati Mallick,TS242,Female,9,56.5,48,41,47,Medium,7.7,No,Graduate,11,1
ST07913,Balhaar Varughese,TS310,Female,9,87.1,78,90,92,High,1.3,Yes,None,8,0
ST07914,Banjeet Merchant,TS444,Male,6,78.2,80,76,68,Low,4.5,Yes,Graduate,2,0
ST07915,Joshua Kashyap,TS434,Female,8,71.0,78,73,74,Low,5.9,Yes,Primary,22,0
ST07916,Nidhi Thakur,TS145,Female,6,68.7,58,61,55,Medium,7.7,No,None,15,1
ST07917,Chakradhar Sangha,TS438,Female,9,56.1,57,59,47,Medium,5.1,Yes,Secondary,17,1
ST07918,Devansh Dua,TS466,Female,8,76.0,75,66,65,Medium,5.4,Yes,Secondary,27,0
ST07919,Oeshi Modi,TS479,Male,8,61.0,54,67,68,Low,11.8,Yes,Secondary,13,1
ST07920,Ranbir Prabhu,TS171,Male,9,49.4,52,52,40,Medium,10.7,Yes,None,0,0
ST07921,Baghyawati Ganesh,TS196,Female,8,64.3,63,57,62,High,11.3,Yes,Secondary,0,0
ST07922,Anusha Keer,TS313,Male,10,89.6,93,84,79,Medium,11.7,Yes,Primary,10,0
ST07923,Ishani Mangat,TS107,Male,8,77.9,72,84,74,Low,1.4,Yes,Primary,12,0
ST07924,Osha Palla,TS028,Male,9,69.2,57,72,64,Medium,2.0,Yes,Secondary,30,1
ST07925,Jacob Deep,TS157,Female,7,70.9,67,61,66,Medium,8.5,Yes,None,9,0
ST07926,Upasna Dhar,TS320,Female,9,86.9,87,73,77,Medium,11.0,Yes,Primary,17,0
ST07927,Nidra Viswanathan,TS041,Male,8,92.8,83,76,79,Medium,2.2,No,Primary,28,0
ST07928,Nicholas Zacharia,TS058,Female,6,70.8,64,70,61,Medium,3.4,No,Secondary,18,0
ST07929,Udant Kapoor,TS314,Female,8,49.7,55,48,46,Medium,10.5,Yes,Secondary,10,0
ST07930,Umang Mallick,TS329,Male,7,49.8,57,57,40,Medium,1.0,Yes,Primary,14,0
ST07931,Jackson Bose,TS409,Female,10,97.3,99,96,96,High,10.9,Yes,Secondary,1,0
ST07932,Irya Oommen,TS375,Female,9,83.4,81,89,71,Low,3.8,Yes,Secondary,28,0
ST07933,Chanchal Lad,TS064,Female,6,94.7,83,86,81,Medium,5.3,Yes,None,2,0
ST07934,Lajita Keer,TS207,Male,9,54.0,57,43,62,Low,9.1,Yes,Primary,10,1
ST07935,Jackson Ghosh,TS153,Male,9,66.0,54,56,59,High,1.3,No,Primary,9,0
ST07936,Neelima Ganesan,TS251,Male,6,50.6,56,58,64,High,6.7,Yes,Primary,1,0
ST07937,Anjali Yadav,TS468,Female,8,64.4,61,67,67,Low,10.9,Yes,Primary,13,1
ST07938,Baghyawati Mand,TS328,Female,10,45.5,55,52,48,Low,7.6,Yes,Primary,15,1
ST07939,Girish Mutti,TS141,Female,7,69.6,63,62,76,Low,3.7,Yes,Primary,20,1
ST07940,Idika Tella,TS171,Female,10,67.2,62,68,58,Medium,11.0,No,Graduate,17,1
ST07941,Rachita Hayre,TS176,Female,6,53.4,54,44,61,Low,5.4,Yes,Primary,28,1
ST07942,Champak Wason,TS432,Female,7,58.4,48,66,52,Medium,11.3,Yes,Graduate,17,1
ST07943,Aarini Randhawa,TS311,Male,10,49.2,59,52,51,Low,6.1,Yes,Secondary,6,1
ST07944,Isha Parikh,TS241,Female,8,94.6,90,81,89,Low,1.2,Yes,Primary,0,0
ST07945,Nicholas Chokshi,TS425,Female,8,65.3,55,57,60,Medium,8.9,Yes,Secondary,1,0
ST07946,Anjali Kanda,TS094,Female,7,87.1,79,81,76,Medium,11.4,No,Graduate,8,0
ST07947,Mitali Sama,TS178,Female,10,63.3,66,50,56,Medium,0.6,No,None,18,1
ST07948,Yoshita Bassi,TS384,Female,7,87.4,78,76,81,Low,7.5,Yes,Secondary,8,0
ST07949,Yashasvi Yogi,TS075,Male,8,45.1,44,45,53,Medium,0.8,Yes,Primary,20,1
ST07950,Lohit Oommen,TS270,Male,10,75.9,77,75,74,Low,4.4,Yes,Primary,28,0
ST07951,Tara Lad,TS266,Female,9,72.3,65,61,69,Low,5.9,Yes,None,29,0
ST07952,Peter Palan,TS335,Female,10,77.7,64,78,78,Medium,7.8,Yes,Secondary,6,0
ST07953,Ekaja Lala,TS211,Female,10,70.0,73,73,58,Low,11.1,Yes,Primary,23,1
ST07954,Ekaraj Kunda,TS366,Female,10,51.1,55,41,52,Low,11.2,Yes,Secondary,10,1
ST07955,Panini Kanda,TS143,Female,9,49.1,34,54,41,Low,5.9,No,Graduate,23,1
ST07956,Niharika Hayre,TS222,Male,7,60.1,49,55,48,Low,8.7,No,Secondary,15,1
ST07957,Nitesh Patla,TS081,Female,6,88.2,74,84,90,Medium,5.1,Yes,None,20,0
ST07958,Zehaan Sandal,TS404,Female,9,56.5,48,46,57,Low,9.5,No,Graduate,24,1
ST07959,Ojas Dhingra,TS127,Male,7,90.5,84,79,73,Low,7.2,No,Primary,4,0
ST07960,Idika Tripathi,TS278,Female,8,82.1,73,86,82,High,4.4,Yes,Primary,10,0
ST07961,Nitara Mandal,TS010,Female,10,89.0,97,84,88,High,4.0,Yes,Primary,4,0
ST07962,Shivansh Dass,TS360,Male,7,56.7,53,44,49,Medium,3.7,No,Primary,24,1
ST07963,Deepa Kaul,TS333,Male,7,87.2,73,84,80,Medium,10.4,Yes,Secondary,8,0
ST07964,Ekapad Sarin,TS358,Female,10,64.4,60,51,49,Low,9.1,No,Secondary,15,1
ST07965,Qasim Kota,TS359,Female,9,92.6,92,97,91,Low,3.5,Yes,Primary,4,0
ST07966,Gopal Sachdeva,TS195,Male,9,66.6,61,67,60,Medium,5.3,Yes,Secondary,23,1
ST07967,Harita Konda,TS459,Female,7,55.1,48,48,62,Low,3.0,Yes,Secondary,17,1
ST07968,Damini Bansal,TS067,Male,8,60.3,60,56,53,Low,10.8,Yes,Primary,0,1
ST07969,Pranit Iyengar,TS455,Male,7,61.6,59,53,62,Low,3.0,Yes,Secondary,21,1
ST07970,Ucchal Lad,TS297,Male,8,72.3,71,62,73,Medium,6.1,Yes,Secondary,30,0
ST07971,Manthan Pingle,TS432,Male,6,50.8,53,55,40,Medium,4.9,No,None,12,0
ST07972,Rayaan Pau,TS445,Male,10,88.4,79,92,84,Medium,5.3,Yes,Primary,1,0
ST07973,Chatresh Bawa,TS108,Female,9,63.5,65,53,52,Medium,5.7,No,Secondary,30,1
ST07974,Gaurang Chaudhari,TS066,Male,7,63.9,72,75,77,High,8.3,Yes,None,26,1
ST07975,Karan Chaudhary,TS240,Female,8,97.3,98,96,87,Medium,7.4,Yes,Secondary,7,0
ST07976,Tanmayi Golla,TS434,Female,7,56.6,62,60,46,Medium,6.8,Yes,Primary,3,0
ST07977,Agastya Bawa,TS111,Male,6,49.4,44,39,49,Medium,2.9,Yes,Secondary,11,1
ST07978,Ekaja Chacko,TS438,Female,6,50.4,38,55,36,Low,4.2,No,Graduate,12,1
ST07979,Xavier Sur,TS313,Female,9,67.9,59,58,58,Medium,6.8,Yes,Secondary,10,0
ST07980,Wriddhish Chad,TS283,Female,10,48.1,41,43,44,Medium,12.0,No,None,18,1
ST07981,Naveen Batta,TS351,Female,9,59.7,49,54,68,Medium,4.7,Yes,Graduate,16,1
ST07982,Manan Dash,TS369,Male,7,80.0,62,75,70,Low,5.3,No,Secondary,27,1
ST07983,Diya Rao,TS173,Female,6,47.4,39,51,48,Medium,8.1,Yes,Primary,22,1
ST07984,Omisha Sanghvi,TS238,Male,8,84.3,87,89,87,Medium,9.3,Yes,Secondary,4,0
ST07985,Saumya Dash,TS034,Male,9,83.5,84,77,79,Medium,7.0,No,Secondary,8,0
ST07986,Shivani Batra,TS015,Female,6,52.6,47,45,50,Low,10.9,Yes,Secondary,11,1
ST07987,Gauri Kanda,TS227,Female,7,83.7,71,73,76,Low,2.9,Yes,Secondary,19,0
ST07988,George Chandran,TS322,Male,8,96.1,83,96,83,Low,10.1,Yes,None,13,0
ST07989,Keya Kurian,TS185,Female,6,53.1,54,66,51,High,7.7,Yes,Graduate,17,1
ST07990,Varenya Sharma,TS167,Male,9,96.2,76,78,91,Medium,2.5,No,Secondary,30,0
ST07991,Dev Aurora,TS079,Female,10,95.4,85,90,89,High,6.1,No,Secondary,1,0
ST07992,Ekanta Agrawal,TS118,Female,9,54.2,44,58,46,Low,1.7,Yes,Primary,4,1
ST07993,Ridhi Hora,TS493,Female,8,93.6,92,90,99,High,10.4,Yes,Primary,2,0
ST07994,Fitan Kakar,TS152,Male,8,76.6,84,86,78,High,1.5,Yes,Primary,2,0
ST07995,Nihal Balasubramanian,TS475,Male,8,84.0,72,74,73,Medium,5.1,No,Primary,12,0
ST07996,Yashasvi Ratta,TS356,Male,10,60.0,66,57,69,Low,4.4,Yes,Primary,30,1
ST07997,Anusha Ganguly,TS175,Male,6,49.8,53,48,59,High,10.9,No,Primary,5,1
ST07998,Ucchal Nori,TS201,Female,7,62.8,64,64,50,Low,2.9,No,Primary,6,1
ST07999,Vrinda Saraf,TS107,Male,10,86.8,93,90,93,Medium,10.3,Yes,None,15,0
ST08000,Eshana Pradhan,TS273,Female,8,46.9,46,62,48,High,2.7,Yes,Secondary,22,1
